timestamp,obstacle_class,yolo_confidence,distance_depth_gt_m,distance_homography_old_m,distance_homography_new_m,error_h_old_vs_depth_cm,error_h_new_vs_depth_cm,delta_old_vs_new_cm,x_depth_gt_m,y_depth_gt_m,x_h_old_m,y_h_old_m,x_h_new_m,y_h_new_m
2026-08-19 14:30:54.301,person,0.858,1.109,3.655,3.764,254.6,265.5,10.9,0.672,-0.883,3.653,-0.13,3.593,-1.121
2026-08-19 14:30:54.302,chair,0.611,1.948,4.161,4.068,221.3,212.0,9.2,0.612,1.85,3.523,2.213,3.647,1.802
2026-08-19 14:30:54.353,person,0.858,1.109,3.655,3.764,254.6,265.5,10.9,0.672,-0.883,3.653,-0.13,3.593,-1.121
2026-08-19 14:30:54.353,chair,0.611,1.948,4.161,4.068,221.3,212.0,9.2,0.612,1.85,3.523,2.213,3.647,1.802
2026-08-19 14:30:54.403,person,0.858,1.109,3.655,3.764,254.6,265.5,10.9,0.672,-0.883,3.653,-0.13,3.593,-1.121
2026-08-19 14:30:54.403,chair,0.611,1.948,4.161,4.068,221.3,212.0,9.2,0.612,1.85,3.523,2.213,3.647,1.802
2026-08-19 14:30:54.456,person,0.932,1.322,3.694,3.849,237.2,252.7,15.5,0.699,-1.122,3.682,-0.295,3.608,-1.339
2026-08-19 14:30:54.457,chair,0.527,1.951,4.123,4.034,217.2,208.4,8.8,0.619,1.85,3.488,2.198,3.615,1.791
2026-08-19 14:30:54.507,person,0.932,1.241,3.694,3.849,245.3,260.8,15.5,0.656,-1.053,3.682,-0.295,3.608,-1.339
2026-08-19 14:30:54.507,chair,0.527,1.966,4.123,4.034,215.7,206.9,8.8,0.624,1.864,3.488,2.198,3.615,1.791
2026-08-19 14:30:54.555,person,0.932,1.241,3.694,3.849,245.3,260.8,15.5,0.656,-1.053,3.682,-0.295,3.608,-1.339
2026-08-19 14:30:54.555,chair,0.527,1.966,4.123,4.034,215.7,206.9,8.8,0.624,1.864,3.488,2.198,3.615,1.791
2026-08-19 14:30:54.604,person,0.911,1.37,3.591,3.789,222.1,241.9,19.8,0.68,-1.189,3.568,-0.406,3.494,-1.466
2026-08-19 14:30:54.604,chair,0.568,1.966,4.123,4.034,215.7,206.9,8.8,0.624,1.864,3.488,2.198,3.615,1.791
2026-08-19 14:30:54.655,person,0.911,1.36,3.591,3.789,223.2,242.9,19.8,0.675,-1.18,3.568,-0.406,3.494,-1.466
2026-08-19 14:30:54.656,chair,0.568,1.935,4.123,4.034,218.7,209.9,8.8,0.614,1.835,3.488,2.198,3.615,1.791
2026-08-19 14:30:54.703,person,0.911,1.36,3.591,3.789,223.2,242.9,19.8,0.675,-1.18,3.568,-0.406,3.494,-1.466
2026-08-19 14:30:54.703,chair,0.568,1.935,4.123,4.034,218.7,209.9,8.8,0.614,1.835,3.488,2.198,3.615,1.791
2026-08-19 14:30:54.751,person,0.944,1.451,3.09,3.327,163.8,187.6,23.8,0.77,-1.23,3.061,-0.422,3.016,-1.405
2026-08-19 14:30:54.799,person,0.944,1.54,3.09,3.327,155.0,178.8,23.8,0.817,-1.305,3.061,-0.422,3.016,-1.405
2026-08-19 14:30:54.845,person,0.951,1.566,3.027,3.278,146.0,171.2,25.2,0.827,-1.33,2.993,-0.45,2.949,-1.431
2026-08-19 14:30:54.891,person,0.951,1.457,3.027,3.278,157.0,182.1,25.2,0.769,-1.237,2.993,-0.45,2.949,-1.431
2026-08-19 14:30:54.937,person,0.951,1.457,3.027,3.278,157.0,182.1,25.2,0.769,-1.237,2.993,-0.45,2.949,-1.431
2026-08-19 14:30:54.984,person,0.875,1.541,3.106,3.437,156.5,189.7,33.1,0.692,-1.377,3.032,-0.676,2.966,-1.737
2026-08-19 14:30:55.031,person,0.875,1.531,3.106,3.437,157.5,190.6,33.1,0.687,-1.368,3.032,-0.676,2.966,-1.737
2026-08-19 14:30:55.076,person,0.875,1.531,3.106,3.437,157.5,190.6,33.1,0.687,-1.368,3.032,-0.676,2.966,-1.737
2026-08-19 14:30:55.123,person,0.857,1.594,3.099,3.447,150.5,185.3,34.8,0.698,-1.433,3.015,-0.717,2.947,-1.788
2026-08-19 14:30:55.169,person,0.857,1.474,3.099,3.447,162.5,197.3,34.8,0.645,-1.325,3.015,-0.717,2.947,-1.788
2026-08-19 14:30:55.215,person,0.857,1.474,3.099,3.447,162.5,197.3,34.8,0.645,-1.325,3.015,-0.717,2.947,-1.788
2026-08-19 14:30:55.262,person,0.943,1.567,3.002,3.393,143.5,182.6,39.0,0.663,-1.42,2.894,-0.801,2.823,-1.881
2026-08-19 14:30:55.309,person,0.943,1.682,3.002,3.393,132.1,171.1,39.0,0.711,-1.524,2.894,-0.801,2.823,-1.881
2026-08-19 14:30:55.354,person,0.943,1.682,3.002,3.393,132.1,171.1,39.0,0.711,-1.524,2.894,-0.801,2.823,-1.881
2026-08-19 14:30:55.401,person,0.817,1.703,3.271,3.682,156.9,197.9,41.1,0.653,-1.573,3.144,-0.904,3.053,-2.058
2026-08-19 14:30:55.447,person,0.817,1.703,3.271,3.682,156.9,197.9,41.1,0.653,-1.573,3.144,-0.904,3.053,-2.058
2026-08-19 14:30:55.494,person,0.817,1.703,3.271,3.682,156.9,197.9,41.1,0.653,-1.573,3.144,-0.904,3.053,-2.058
2026-08-19 14:30:55.540,chair,0.559,1.979,4.162,4.07,218.3,209.1,9.2,0.621,1.879,3.523,2.217,3.647,1.806
2026-08-19 14:30:55.587,chair,0.559,1.933,4.162,4.07,222.9,213.7,9.2,0.607,1.835,3.523,2.217,3.647,1.806
2026-08-19 14:30:55.633,chair,0.559,1.933,4.162,4.07,222.9,213.7,9.2,0.607,1.835,3.523,2.217,3.647,1.806
2026-08-19 14:30:55.816,chair,0.6,1.933,4.161,4.068,222.8,213.5,9.2,0.607,1.835,3.523,2.213,3.647,1.802
2026-08-19 14:30:55.863,chair,0.6,1.875,4.161,4.068,228.6,219.3,9.2,0.589,1.78,3.523,2.213,3.647,1.802
2026-08-19 14:30:55.908,chair,0.6,1.875,4.161,4.068,228.6,219.3,9.2,0.589,1.78,3.523,2.213,3.647,1.802
2026-08-19 14:30:56.047,chair,0.5,1.918,4.161,4.068,224.2,215.0,9.2,0.602,1.821,3.523,2.213,3.647,1.802
2026-08-19 14:30:56.093,chair,0.5,1.918,4.161,4.068,224.2,215.0,9.2,0.602,1.821,3.523,2.213,3.647,1.802
2026-08-19 14:30:56.139,chair,0.5,1.918,4.161,4.068,224.2,215.0,9.2,0.602,1.821,3.523,2.213,3.647,1.802
2026-08-19 14:30:56.186,dining table,0.513,1.871,3.515,3.917,164.4,204.5,40.2,0.679,-1.744,3.388,-0.935,3.283,-2.137
2026-08-19 14:30:56.186,chair,0.509,1.906,4.123,4.034,221.7,212.8,8.8,0.605,1.807,3.488,2.198,3.615,1.791
2026-08-19 14:30:56.232,dining table,0.513,1.898,3.515,3.917,161.7,201.9,40.2,0.689,-1.769,3.388,-0.935,3.283,-2.137
2026-08-19 14:30:56.232,chair,0.509,1.935,4.123,4.034,218.7,209.9,8.8,0.614,1.835,3.488,2.198,3.615,1.791
2026-08-19 14:30:56.278,dining table,0.513,1.898,3.515,3.917,161.7,201.9,40.2,0.689,-1.769,3.388,-0.935,3.283,-2.137
2026-08-19 14:30:56.278,chair,0.509,1.935,4.123,4.034,218.7,209.9,8.8,0.614,1.835,3.488,2.198,3.615,1.791
2026-08-19 14:30:56.325,chair,0.558,1.935,4.121,4.033,218.6,209.7,8.9,0.614,1.835,3.488,2.195,3.615,1.787
2026-08-19 14:30:56.371,chair,0.558,1.921,4.121,4.033,220.1,211.2,8.9,0.61,1.821,3.488,2.195,3.615,1.787
2026-08-19 14:30:56.417,chair,0.558,1.921,4.121,4.033,220.1,211.2,8.9,0.61,1.821,3.488,2.195,3.615,1.787
2026-08-19 14:30:56.879,chair,0.504,1.956,4.161,4.068,220.5,211.3,9.2,0.614,1.857,3.523,2.213,3.647,1.802
2026-08-19 14:30:56.927,chair,0.504,1.979,4.161,4.068,218.2,208.9,9.2,0.621,1.879,3.523,2.213,3.647,1.802
2026-08-19 14:30:56.973,chair,0.504,1.979,4.161,4.068,218.2,208.9,9.2,0.621,1.879,3.523,2.213,3.647,1.802
2026-08-19 14:30:57.165,chair,0.526,1.906,4.123,4.034,221.7,212.8,8.8,0.605,1.807,3.488,2.198,3.615,1.791
2026-08-19 14:30:57.212,chair,0.526,1.951,4.123,4.034,217.2,208.4,8.8,0.619,1.85,3.488,2.198,3.615,1.791
2026-08-19 14:30:57.257,chair,0.526,1.951,4.123,4.034,217.2,208.4,8.8,0.619,1.85,3.488,2.198,3.615,1.791
2026-08-19 14:30:57.823,chair,0.552,1.995,4.161,4.068,216.6,207.4,9.2,0.626,1.894,3.523,2.213,3.647,1.802
2026-08-19 14:30:57.870,chair,0.552,1.948,4.161,4.068,221.3,212.0,9.2,0.612,1.85,3.523,2.213,3.647,1.802
2026-08-19 14:30:57.916,chair,0.552,1.948,4.161,4.068,221.3,212.0,9.2,0.612,1.85,3.523,2.213,3.647,1.802
2026-08-19 14:30:58.100,chair,0.54,1.981,4.123,4.034,214.1,205.3,8.8,0.629,1.879,3.488,2.198,3.615,1.791
2026-08-19 14:30:58.146,chair,0.54,1.921,4.123,4.034,220.2,211.4,8.8,0.61,1.821,3.488,2.198,3.615,1.791
2026-08-19 14:30:58.193,chair,0.54,1.921,4.123,4.034,220.2,211.4,8.8,0.61,1.821,3.488,2.198,3.615,1.791
2026-08-19 14:30:58.376,chair,0.553,1.951,4.123,4.034,217.2,208.4,8.8,0.619,1.85,3.488,2.198,3.615,1.791
2026-08-19 14:30:58.422,chair,0.553,1.951,4.123,4.034,217.2,208.4,8.8,0.619,1.85,3.488,2.198,3.615,1.791
2026-08-19 14:30:58.749,chair,0.572,1.918,4.162,4.07,224.4,215.2,9.2,0.602,1.821,3.523,2.217,3.647,1.806
2026-08-19 14:30:58.797,chair,0.572,2.011,4.162,4.07,215.1,205.9,9.2,0.631,1.909,3.523,2.217,3.647,1.806
2026-08-19 14:30:58.844,chair,0.572,2.011,4.162,4.07,215.1,205.9,9.2,0.631,1.909,3.523,2.217,3.647,1.806
2026-08-19 14:30:58.891,chair,0.573,2.011,4.162,4.07,215.1,205.9,9.2,0.631,1.909,3.523,2.217,3.647,1.806
2026-08-19 14:30:58.938,chair,0.573,2.044,4.162,4.07,211.8,202.6,9.2,0.642,1.94,3.523,2.217,3.647,1.806
2026-08-19 14:30:58.985,chair,0.573,2.044,4.162,4.07,211.8,202.6,9.2,0.642,1.94,3.523,2.217,3.647,1.806
2026-08-19 14:30:59.032,chair,0.623,2.044,4.161,4.068,211.7,202.5,9.2,0.642,1.94,3.523,2.213,3.647,1.802
2026-08-19 14:30:59.078,chair,0.623,2.011,4.161,4.068,215.0,205.7,9.2,0.631,1.909,3.523,2.213,3.647,1.802
2026-08-19 14:30:59.126,chair,0.623,2.011,4.161,4.068,215.0,205.7,9.2,0.631,1.909,3.523,2.213,3.647,1.802
2026-08-19 14:30:59.462,chair,0.612,2.011,4.161,4.068,215.0,205.7,9.2,0.631,1.909,3.523,2.213,3.647,1.802
2026-08-19 14:30:59.509,chair,0.612,2.027,4.161,4.068,213.4,204.1,9.2,0.637,1.925,3.523,2.213,3.647,1.802
2026-08-19 14:30:59.556,chair,0.612,2.027,4.161,4.068,213.4,204.1,9.2,0.637,1.925,3.523,2.213,3.647,1.802
2026-08-19 14:30:59.603,chair,0.54,1.997,4.123,4.034,212.5,203.7,8.8,0.634,1.894,3.488,2.198,3.615,1.791
2026-08-19 14:30:59.790,chair,0.611,1.963,4.162,4.07,219.9,210.7,9.2,0.616,1.864,3.523,2.217,3.647,1.806
2026-08-19 14:30:59.836,chair,0.611,1.995,4.162,4.07,216.7,207.5,9.2,0.626,1.894,3.523,2.217,3.647,1.806
2026-08-19 14:31:00.305,chair,0.515,1.948,4.161,4.068,221.3,212.0,9.2,0.612,1.85,3.523,2.213,3.647,1.802
2026-08-19 14:31:00.351,chair,0.515,1.933,4.161,4.068,222.8,213.5,9.2,0.607,1.835,3.523,2.213,3.647,1.802
2026-08-19 14:31:00.415,chair,0.515,1.933,4.161,4.068,222.8,213.5,9.2,0.607,1.835,3.523,2.213,3.647,1.802
2026-08-19 14:31:00.601,chair,0.535,1.921,4.123,4.034,220.2,211.4,8.8,0.61,1.821,3.488,2.198,3.615,1.791
2026-08-19 14:31:00.648,chair,0.535,1.997,4.123,4.034,212.5,203.7,8.8,0.634,1.894,3.488,2.198,3.615,1.791
2026-08-19 14:31:00.972,chair,0.604,2.013,4.123,4.034,210.9,202.1,8.8,0.639,1.909,3.488,2.198,3.615,1.791
2026-08-19 14:31:01.019,chair,0.604,1.966,4.123,4.034,215.7,206.9,8.8,0.624,1.864,3.488,2.198,3.615,1.791
2026-08-19 14:31:01.065,chair,0.604,1.966,4.123,4.034,215.7,206.9,8.8,0.624,1.864,3.488,2.198,3.615,1.791
2026-08-19 14:31:01.112,chair,0.573,1.979,4.161,4.068,218.2,208.9,9.2,0.621,1.879,3.523,2.213,3.647,1.802
2026-08-19 14:31:01.170,chair,0.573,2.011,4.161,4.068,215.0,205.7,9.2,0.631,1.909,3.523,2.213,3.647,1.802
2026-08-19 14:31:01.218,chair,0.573,2.011,4.161,4.068,215.0,205.7,9.2,0.631,1.909,3.523,2.213,3.647,1.802
2026-08-19 14:31:01.265,chair,0.531,2.013,4.123,4.034,210.9,202.1,8.8,0.639,1.909,3.488,2.198,3.615,1.791
2026-08-19 14:31:01.312,chair,0.531,1.966,4.123,4.034,215.7,206.9,8.8,0.624,1.864,3.488,2.198,3.615,1.791
2026-08-19 14:31:01.358,chair,0.579,1.979,4.161,4.068,218.2,208.9,9.2,0.621,1.879,3.523,2.213,3.647,1.802
2026-08-19 14:31:01.405,chair,0.579,2.011,4.161,4.068,215.0,205.7,9.2,0.631,1.909,3.523,2.213,3.647,1.802
2026-08-19 14:31:01.451,chair,0.579,2.011,4.161,4.068,215.0,205.7,9.2,0.631,1.909,3.523,2.213,3.647,1.802
2026-08-19 14:31:02.174,chair,0.541,2.061,4.162,4.07,210.1,200.9,9.2,0.647,1.957,3.523,2.217,3.647,1.806
2026-08-19 14:31:02.220,chair,0.541,1.933,4.162,4.07,222.9,213.7,9.2,0.607,1.835,3.523,2.217,3.647,1.806
2026-08-19 14:31:02.266,chair,0.541,1.933,4.162,4.07,222.9,213.7,9.2,0.607,1.835,3.523,2.217,3.647,1.806
2026-08-19 14:31:02.313,chair,0.507,1.935,4.123,4.034,218.7,209.9,8.8,0.614,1.835,3.488,2.198,3.615,1.791
2026-08-19 14:31:02.360,chair,0.507,1.935,4.123,4.034,218.7,209.9,8.8,0.614,1.835,3.488,2.198,3.615,1.791
2026-08-19 14:31:02.406,chair,0.507,1.935,4.123,4.034,218.7,209.9,8.8,0.614,1.835,3.488,2.198,3.615,1.791
2026-08-19 14:31:02.452,chair,0.539,1.948,4.161,4.068,221.3,212.0,9.2,0.612,1.85,3.523,2.213,3.647,1.802
2026-08-19 14:31:02.499,chair,0.539,2.011,4.161,4.068,215.0,205.7,9.2,0.631,1.909,3.523,2.213,3.647,1.802
2026-08-19 14:31:02.546,chair,0.539,2.011,4.161,4.068,215.0,205.7,9.2,0.631,1.909,3.523,2.213,3.647,1.802
2026-08-19 14:31:02.731,dining table,0.571,1.925,3.515,3.917,159.0,199.2,40.2,0.698,-1.794,3.388,-0.935,3.283,-2.137
2026-08-19 14:31:02.732,chair,0.516,1.981,4.123,4.034,214.1,205.3,8.8,0.629,1.879,3.488,2.198,3.615,1.791
2026-08-19 14:31:02.779,dining table,0.571,1.898,3.515,3.917,161.7,201.9,40.2,0.689,-1.769,3.388,-0.935,3.283,-2.137
2026-08-19 14:31:02.779,chair,0.516,1.951,4.123,4.034,217.2,208.4,8.8,0.619,1.85,3.488,2.198,3.615,1.791
2026-08-19 14:31:02.825,dining table,0.571,1.898,3.515,3.917,161.7,201.9,40.2,0.689,-1.769,3.388,-0.935,3.283,-2.137
2026-08-19 14:31:02.825,chair,0.516,1.951,4.123,4.034,217.2,208.4,8.8,0.619,1.85,3.488,2.198,3.615,1.791
2026-08-19 14:31:02.873,chair,0.587,1.963,4.161,4.068,219.8,210.5,9.2,0.616,1.864,3.523,2.213,3.647,1.802
2026-08-19 14:31:02.920,chair,0.587,1.933,4.161,4.068,222.8,213.5,9.2,0.607,1.835,3.523,2.213,3.647,1.802
2026-08-19 14:31:02.966,chair,0.587,1.933,4.161,4.068,222.8,213.5,9.2,0.607,1.835,3.523,2.213,3.647,1.802
2026-08-19 14:31:03.013,chair,0.514,1.935,4.123,4.034,218.7,209.9,8.8,0.614,1.835,3.488,2.198,3.615,1.791
2026-08-19 14:31:03.067,chair,0.514,1.951,4.123,4.034,217.2,208.4,8.8,0.619,1.85,3.488,2.198,3.615,1.791
2026-08-19 14:31:03.254,chair,0.641,2.044,4.161,4.068,211.7,202.5,9.2,0.642,1.94,3.523,2.213,3.647,1.802
2026-08-19 14:31:03.302,chair,0.641,2.011,4.161,4.068,215.0,205.7,9.2,0.631,1.909,3.523,2.213,3.647,1.802
2026-08-19 14:31:03.348,chair,0.641,2.011,4.161,4.068,215.0,205.7,9.2,0.631,1.909,3.523,2.213,3.647,1.802
2026-08-19 14:31:03.395,chair,0.567,2.013,4.123,4.034,210.9,202.1,8.8,0.639,1.909,3.488,2.198,3.615,1.791
2026-08-19 14:31:03.441,chair,0.567,1.981,4.123,4.034,214.1,205.3,8.8,0.629,1.879,3.488,2.198,3.615,1.791
2026-08-19 14:31:03.488,chair,0.567,1.981,4.123,4.034,214.1,205.3,8.8,0.629,1.879,3.488,2.198,3.615,1.791
2026-08-19 14:31:03.695,chair,0.563,1.997,4.123,4.034,212.5,203.7,8.8,0.634,1.894,3.488,2.198,3.615,1.791
2026-08-19 14:31:03.742,chair,0.563,2.03,4.123,4.034,209.3,200.5,8.8,0.644,1.925,3.488,2.198,3.615,1.791
2026-08-19 14:31:03.788,chair,0.549,2.03,4.123,4.034,209.3,200.5,8.8,0.644,1.925,3.488,2.198,3.615,1.791
2026-08-19 14:31:03.835,chair,0.549,1.989,4.123,4.034,213.3,204.5,8.8,0.632,1.886,3.488,2.198,3.615,1.791
2026-08-19 14:31:03.895,chair,0.549,1.989,4.123,4.034,213.3,204.5,8.8,0.632,1.886,3.488,2.198,3.615,1.791
2026-08-19 14:31:04.315,chair,0.517,1.997,4.123,4.034,212.5,203.7,8.8,0.634,1.894,3.488,2.198,3.615,1.791
2026-08-19 14:31:04.362,chair,0.517,2.013,4.123,4.034,210.9,202.1,8.8,0.639,1.909,3.488,2.198,3.615,1.791
2026-08-19 14:31:04.409,chair,0.517,2.013,4.123,4.034,210.9,202.1,8.8,0.639,1.909,3.488,2.198,3.615,1.791
2026-08-19 14:31:07.152,chair,0.56,1.966,4.123,4.034,215.7,206.9,8.8,0.624,1.864,3.488,2.198,3.615,1.791
2026-08-19 14:31:07.199,chair,0.56,2.046,4.123,4.034,207.6,198.8,8.8,0.65,1.94,3.488,2.198,3.615,1.791
2026-08-19 14:31:07.246,chair,0.56,2.046,4.123,4.034,207.6,198.8,8.8,0.65,1.94,3.488,2.198,3.615,1.791
2026-08-19 14:31:07.431,chair,0.522,1.979,4.161,4.068,218.2,208.9,9.2,0.621,1.879,3.523,2.213,3.647,1.802
2026-08-19 14:31:07.478,chair,0.522,2.011,4.161,4.068,215.0,205.7,9.2,0.631,1.909,3.523,2.213,3.647,1.802
2026-08-19 14:31:07.525,chair,0.522,2.011,4.161,4.068,215.0,205.7,9.2,0.631,1.909,3.523,2.213,3.647,1.802
2026-08-19 14:31:07.848,chair,0.506,2.046,4.123,4.034,207.6,198.8,8.8,0.65,1.94,3.488,2.198,3.615,1.791
2026-08-19 14:31:07.895,chair,0.506,1.966,4.123,4.034,215.7,206.9,8.8,0.624,1.864,3.488,2.198,3.615,1.791
2026-08-19 14:31:07.941,chair,0.506,1.966,4.123,4.034,215.7,206.9,8.8,0.624,1.864,3.488,2.198,3.615,1.791
2026-08-19 14:31:08.379,person,0.66,,0.734,0.696,,,3.8,,,0.486,0.549,0.619,0.319
2026-08-19 14:31:08.426,person,0.66,,0.734,0.696,,,3.8,,,0.486,0.549,0.619,0.319
2026-08-19 14:31:08.472,person,0.66,,0.734,0.696,,,3.8,,,0.486,0.549,0.619,0.319
2026-08-19 14:31:08.519,person,0.686,,0.707,0.672,,,3.5,,,0.493,0.507,0.619,0.262
2026-08-19 14:31:08.565,person,0.686,,0.707,0.672,,,3.5,,,0.493,0.507,0.619,0.262
2026-08-19 14:31:08.611,person,0.686,,0.707,0.672,,,3.5,,,0.493,0.507,0.619,0.262
2026-08-19 14:31:08.659,person,0.959,,0.672,0.646,,,2.6,,,0.502,0.447,0.62,0.181
2026-08-19 14:31:08.705,person,0.959,,0.672,0.646,,,2.6,,,0.502,0.447,0.62,0.181
2026-08-19 14:31:08.752,person,0.738,,0.641,0.629,,,1.2,,,0.511,0.388,0.621,0.102
2026-08-19 14:31:08.799,person,0.738,,0.641,0.629,,,1.2,,,0.511,0.388,0.621,0.102
2026-08-19 14:31:08.844,person,0.738,,0.641,0.629,,,1.2,,,0.511,0.388,0.621,0.102
2026-08-19 14:31:08.891,person,0.951,,0.571,0.648,,,7.8,,,0.541,0.181,0.624,-0.177
2026-08-19 14:31:08.939,person,0.951,,0.571,0.648,,,7.8,,,0.541,0.181,0.624,-0.177
2026-08-19 14:31:08.986,person,0.951,,0.571,0.648,,,7.8,,,0.541,0.181,0.624,-0.177
2026-08-19 14:31:09.033,person,0.961,,0.563,0.679,,,11.6,,,0.551,0.114,0.625,-0.268
2026-08-19 14:31:09.081,person,0.961,,0.563,0.679,,,11.6,,,0.551,0.114,0.625,-0.268
2026-08-19 14:31:09.128,person,0.961,,0.563,0.679,,,11.6,,,0.551,0.114,0.625,-0.268
2026-08-19 14:31:09.175,person,0.954,0.832,0.572,0.706,26.0,12.6,13.4,0.823,-0.121,0.566,0.084,0.635,-0.31
2026-08-19 14:31:09.222,person,0.954,0.807,0.572,0.706,23.5,10.1,13.4,0.798,-0.117,0.566,0.084,0.635,-0.31
2026-08-19 14:31:09.269,person,0.954,0.807,0.572,0.706,23.5,10.1,13.4,0.798,-0.117,0.566,0.084,0.635,-0.31
2026-08-19 14:31:09.316,person,0.946,0.837,0.614,0.768,22.3,6.9,15.4,0.82,-0.168,0.612,0.051,0.677,-0.362
2026-08-19 14:31:09.364,person,0.946,0.803,0.614,0.768,18.9,3.5,15.4,0.787,-0.161,0.612,0.051,0.677,-0.362
2026-08-19 14:31:09.411,person,0.946,0.803,0.614,0.768,18.9,3.5,15.4,0.787,-0.161,0.612,0.051,0.677,-0.362
2026-08-19 14:31:09.458,person,0.93,0.806,0.707,0.875,9.9,6.9,16.8,0.779,-0.207,0.706,0.021,0.768,-0.419
2026-08-19 14:31:09.505,person,0.93,0.864,0.707,0.875,15.7,1.1,16.8,0.835,-0.222,0.706,0.021,0.768,-0.419
2026-08-19 14:31:09.552,person,0.93,0.864,0.707,0.875,15.7,1.1,16.8,0.835,-0.222,0.706,0.021,0.768,-0.419
2026-08-19 14:31:09.599,person,0.946,0.777,1.006,1.212,22.9,43.5,20.6,0.703,-0.33,1.003,-0.075,1.053,-0.6
2026-08-19 14:31:09.599,knife,0.716,0.757,0.651,0.68,10.6,7.7,2.9,0.749,0.109,0.581,0.294,0.679,-0.035
2026-08-19 14:31:09.646,person,0.946,0.811,1.006,1.212,19.5,40.1,20.6,0.734,-0.344,1.003,-0.075,1.053,-0.6
2026-08-19 14:31:09.646,knife,0.716,0.759,0.651,0.68,10.8,7.9,2.9,0.751,0.109,0.581,0.294,0.679,-0.035
2026-08-19 14:31:09.693,person,0.933,0.803,1.033,1.244,23.0,44.1,21.1,0.72,-0.356,1.029,-0.089,1.077,-0.623
2026-08-19 14:31:09.694,chair,0.757,0.836,1.239,1.281,40.3,44.5,4.2,0.822,0.152,1.173,0.398,1.281,-0.007
2026-08-19 14:31:09.694,chair,0.62,2.245,4.272,4.192,202.7,194.7,8.0,0.634,2.153,3.526,2.412,3.664,2.036
2026-08-19 14:31:09.741,person,0.933,0.805,1.033,1.244,22.8,43.9,21.1,0.722,-0.357,1.029,-0.089,1.077,-0.623
2026-08-19 14:31:09.742,chair,0.757,0.83,1.239,1.281,40.9,45.1,4.2,0.816,0.151,1.173,0.398,1.281,-0.007
2026-08-19 14:31:09.742,chair,0.62,2.245,4.272,4.192,202.7,194.7,8.0,0.634,2.153,3.526,2.412,3.664,2.036
2026-08-19 14:31:09.789,person,0.933,0.805,1.033,1.244,22.8,43.9,21.1,0.722,-0.357,1.029,-0.089,1.077,-0.623
2026-08-19 14:31:09.790,chair,0.757,0.83,1.239,1.281,40.9,45.1,4.2,0.816,0.151,1.173,0.398,1.281,-0.007
2026-08-19 14:31:09.790,chair,0.62,2.245,4.272,4.192,202.7,194.7,8.0,0.634,2.153,3.526,2.412,3.664,2.036
2026-08-19 14:31:09.838,person,0.931,0.742,1.145,1.349,40.2,60.6,20.4,0.661,-0.338,1.142,-0.083,1.19,-0.634
2026-08-19 14:31:09.838,chair,0.742,0.812,1.293,1.349,48.1,53.8,5.6,0.808,0.073,1.246,0.343,1.346,-0.092
2026-08-19 14:31:09.885,person,0.931,0.819,1.145,1.349,32.5,52.9,20.4,0.729,-0.373,1.142,-0.083,1.19,-0.634
2026-08-19 14:31:09.886,chair,0.742,0.82,1.293,1.349,47.3,52.9,5.6,0.817,0.073,1.246,0.343,1.346,-0.092
2026-08-19 14:31:09.933,person,0.931,0.819,1.145,1.349,32.5,52.9,20.4,0.729,-0.373,1.142,-0.083,1.19,-0.634
2026-08-19 14:31:09.933,chair,0.742,0.82,1.293,1.349,47.3,52.9,5.6,0.817,0.073,1.246,0.343,1.346,-0.092
2026-08-19 14:31:09.981,chair,0.855,0.846,0.877,0.944,3.1,9.8,6.7,0.846,0.024,0.841,0.246,0.933,-0.145
2026-08-19 14:31:09.981,person,0.848,0.713,1.476,1.668,76.2,95.5,19.2,0.614,-0.363,1.474,-0.08,1.519,-0.689
2026-08-19 14:31:09.981,chair,0.697,2.226,4.272,4.192,204.6,196.5,8.0,0.629,2.136,3.526,2.412,3.664,2.036
2026-08-19 14:31:10.029,chair,0.855,0.828,0.877,0.944,4.9,11.6,6.7,0.828,0.024,0.841,0.246,0.933,-0.145
2026-08-19 14:31:10.029,person,0.848,0.822,1.476,1.668,65.4,84.6,19.2,0.708,-0.418,1.474,-0.08,1.519,-0.689
2026-08-19 14:31:10.030,chair,0.697,2.245,4.272,4.192,202.7,194.7,8.0,0.634,2.153,3.526,2.412,3.664,2.036
2026-08-19 14:31:10.076,chair,0.855,0.828,0.877,0.944,4.9,11.6,6.7,0.828,0.024,0.841,0.246,0.933,-0.145
2026-08-19 14:31:10.077,person,0.848,0.822,1.476,1.668,65.4,84.6,19.2,0.708,-0.418,1.474,-0.08,1.519,-0.689
2026-08-19 14:31:10.077,chair,0.697,2.245,4.272,4.192,202.7,194.7,8.0,0.634,2.153,3.526,2.412,3.664,2.036
2026-08-19 14:31:10.125,chair,0.956,0.833,0.92,0.991,8.7,15.8,7.1,0.833,0.014,0.887,0.244,0.978,-0.156
2026-08-19 14:31:10.126,person,0.882,0.815,1.472,1.658,65.7,84.3,18.6,0.71,-0.399,1.471,-0.063,1.518,-0.666
2026-08-19 14:31:10.126,chair,0.562,2.245,4.272,4.192,202.7,194.7,8.0,0.634,2.153,3.526,2.412,3.664,2.036
2026-08-19 14:31:10.174,chair,0.956,0.822,0.92,0.991,9.9,16.9,7.1,0.822,0.013,0.887,0.244,0.978,-0.156
2026-08-19 14:31:10.174,person,0.882,0.82,1.472,1.658,65.2,83.8,18.6,0.715,-0.402,1.471,-0.063,1.518,-0.666
2026-08-19 14:31:10.174,chair,0.562,2.263,4.272,4.192,200.9,192.8,8.0,0.639,2.171,3.526,2.412,3.664,2.036
2026-08-19 14:31:10.221,chair,0.956,0.822,0.92,0.991,9.9,16.9,7.1,0.822,0.013,0.887,0.244,0.978,-0.156
2026-08-19 14:31:10.221,person,0.882,0.82,1.472,1.658,65.2,83.8,18.6,0.715,-0.402,1.471,-0.063,1.518,-0.666
2026-08-19 14:31:10.222,chair,0.562,2.263,4.272,4.192,200.9,192.8,8.0,0.639,2.171,3.526,2.412,3.664,2.036
2026-08-19 14:31:10.269,chair,0.962,0.822,0.942,1.012,11.9,18.9,7.0,0.822,0.014,0.908,0.248,1.0,-0.155
2026-08-19 14:31:10.270,person,0.88,0.814,1.479,1.662,66.5,84.7,18.3,0.712,-0.395,1.478,-0.056,1.526,-0.658
2026-08-19 14:31:10.270,chair,0.766,2.263,4.272,4.192,200.9,192.8,8.0,0.639,2.171,3.526,2.412,3.664,2.036
2026-08-19 14:31:10.335,chair,0.962,0.824,0.942,1.012,11.7,18.7,7.0,0.824,0.014,0.908,0.248,1.0,-0.155
2026-08-19 14:31:10.336,person,0.88,0.814,1.479,1.662,66.5,84.7,18.3,0.712,-0.395,1.478,-0.056,1.526,-0.658
2026-08-19 14:31:10.336,chair,0.766,2.209,4.272,4.192,206.3,198.3,8.0,0.624,2.119,3.526,2.412,3.664,2.036
2026-08-19 14:31:10.385,chair,0.962,0.824,0.942,1.012,11.7,18.7,7.0,0.824,0.014,0.908,0.248,1.0,-0.155
2026-08-19 14:31:10.385,person,0.88,0.814,1.479,1.662,66.5,84.7,18.3,0.712,-0.395,1.478,-0.056,1.526,-0.658
2026-08-19 14:31:10.386,chair,0.766,2.209,4.272,4.192,206.3,198.3,8.0,0.624,2.119,3.526,2.412,3.664,2.036
2026-08-19 14:31:10.433,chair,0.969,0.824,0.942,1.011,11.8,18.7,6.9,0.824,0.019,0.908,0.252,1.0,-0.15
2026-08-19 14:31:10.433,person,0.784,0.794,1.565,1.751,77.1,95.8,18.6,0.682,-0.407,1.564,-0.071,1.609,-0.693
2026-08-19 14:31:10.434,chair,0.722,2.209,4.272,4.192,206.3,198.3,8.0,0.624,2.119,3.526,2.412,3.664,2.036
2026-08-19 14:31:10.497,chair,0.969,0.82,0.942,1.011,12.2,19.1,6.9,0.82,0.019,0.908,0.252,1.0,-0.15
2026-08-19 14:31:10.497,person,0.784,0.81,1.565,1.751,75.5,94.1,18.6,0.696,-0.415,1.564,-0.071,1.609,-0.693
2026-08-19 14:31:10.498,chair,0.722,2.245,4.272,4.192,202.7,194.7,8.0,0.634,2.153,3.526,2.412,3.664,2.036
2026-08-19 14:31:10.547,chair,0.969,0.82,0.942,1.011,12.2,19.1,6.9,0.82,0.019,0.908,0.252,1.0,-0.15
2026-08-19 14:31:10.547,person,0.784,0.81,1.565,1.751,75.5,94.1,18.6,0.696,-0.415,1.564,-0.071,1.609,-0.693
2026-08-19 14:31:10.547,chair,0.722,2.245,4.272,4.192,202.7,194.7,8.0,0.634,2.153,3.526,2.412,3.664,2.036
2026-08-19 14:31:10.595,chair,0.965,0.819,0.951,1.02,13.1,20.1,6.9,0.819,0.019,0.917,0.252,1.009,-0.152
2026-08-19 14:31:10.596,person,0.883,0.872,1.564,1.777,69.1,90.4,21.3,0.715,-0.5,1.557,-0.141,1.594,-0.784
2026-08-19 14:31:10.596,chair,0.774,2.245,4.272,4.192,202.7,194.7,8.0,0.634,2.153,3.526,2.412,3.664,2.036
2026-08-19 14:31:10.661,chair,0.965,0.819,0.951,1.02,13.1,20.1,6.9,0.819,0.019,0.917,0.252,1.009,-0.152
2026-08-19 14:31:10.662,person,0.883,0.869,1.564,1.777,69.5,90.8,21.3,0.712,-0.498,1.557,-0.141,1.594,-0.784
2026-08-19 14:31:10.662,chair,0.774,2.245,4.272,4.192,202.7,194.7,8.0,0.634,2.153,3.526,2.412,3.664,2.036
2026-08-19 14:31:10.710,chair,0.965,0.819,0.951,1.02,13.1,20.1,6.9,0.819,0.019,0.917,0.252,1.009,-0.152
2026-08-19 14:31:10.711,person,0.883,0.869,1.564,1.777,69.5,90.8,21.3,0.712,-0.498,1.557,-0.141,1.594,-0.784
2026-08-19 14:31:10.711,chair,0.774,2.245,4.272,4.192,202.7,194.7,8.0,0.634,2.153,3.526,2.412,3.664,2.036
2026-08-19 14:31:10.759,chair,0.967,0.819,0.951,1.02,13.1,20.1,6.9,0.819,0.019,0.917,0.252,1.009,-0.152
2026-08-19 14:31:10.759,person,0.913,0.894,1.527,1.749,63.3,85.5,22.2,0.727,-0.521,1.519,-0.161,1.554,-0.804
2026-08-19 14:31:10.760,chair,0.736,2.245,4.272,4.192,202.7,194.7,8.0,0.634,2.153,3.526,2.412,3.664,2.036
2026-08-19 14:31:10.807,chair,0.967,0.821,0.951,1.02,12.9,19.8,6.9,0.821,0.019,0.917,0.252,1.009,-0.152
2026-08-19 14:31:10.807,person,0.913,0.923,1.527,1.749,60.4,82.6,22.2,0.75,-0.538,1.519,-0.161,1.554,-0.804
2026-08-19 14:31:10.808,chair,0.736,2.245,4.272,4.192,202.7,194.7,8.0,0.634,2.153,3.526,2.412,3.664,2.036
2026-08-19 14:31:10.855,chair,0.969,0.82,0.946,1.016,12.6,19.6,6.9,0.82,0.019,0.912,0.251,1.004,-0.152
2026-08-19 14:31:10.856,person,0.913,0.926,1.443,1.671,51.6,74.5,22.9,0.755,-0.536,1.433,-0.167,1.469,-0.798
2026-08-19 14:31:10.856,chair,0.763,2.245,4.272,4.192,202.7,194.7,8.0,0.634,2.153,3.526,2.412,3.664,2.036
2026-08-19 14:31:10.903,chair,0.969,0.815,0.946,1.016,13.1,20.0,6.9,0.815,0.019,0.912,0.251,1.004,-0.152
2026-08-19 14:31:10.904,person,0.913,0.902,1.443,1.671,54.1,77.0,22.9,0.735,-0.522,1.433,-0.167,1.469,-0.798
2026-08-19 14:31:10.904,chair,0.763,2.245,4.272,4.192,202.7,194.7,8.0,0.634,2.153,3.526,2.412,3.664,2.036
2026-08-19 14:31:10.951,chair,0.969,0.815,0.946,1.016,13.1,20.0,6.9,0.815,0.019,0.912,0.251,1.004,-0.152
2026-08-19 14:31:10.952,person,0.913,0.902,1.443,1.671,54.1,77.0,22.9,0.735,-0.522,1.433,-0.167,1.469,-0.798
2026-08-19 14:31:10.952,chair,0.763,2.245,4.272,4.192,202.7,194.7,8.0,0.634,2.153,3.526,2.412,3.664,2.036
2026-08-19 14:31:11.000,chair,0.968,0.815,0.946,1.016,13.1,20.0,6.9,0.815,0.019,0.912,0.251,1.004,-0.152
2026-08-19 14:31:11.000,person,0.924,0.924,1.367,1.603,44.3,67.9,23.6,0.756,-0.531,1.355,-0.178,1.39,-0.798
2026-08-19 14:31:11.001,chair,0.782,2.247,4.231,4.155,198.4,190.8,7.7,0.642,2.153,3.491,2.391,3.632,2.019
2026-08-19 14:31:11.049,chair,0.968,0.82,0.946,1.016,12.6,19.6,6.9,0.82,0.019,0.912,0.251,1.004,-0.152
2026-08-19 14:31:11.049,person,0.924,0.909,1.367,1.603,45.8,69.4,23.6,0.743,-0.523,1.355,-0.178,1.39,-0.798
2026-08-19 14:31:11.049,chair,0.782,2.229,4.231,4.155,200.3,192.6,7.7,0.637,2.136,3.491,2.391,3.632,2.019
2026-08-19 14:31:11.096,chair,0.968,0.82,0.946,1.016,12.6,19.6,6.9,0.82,0.019,0.912,0.251,1.004,-0.152
2026-08-19 14:31:11.096,person,0.924,0.909,1.367,1.603,45.8,69.4,23.6,0.743,-0.523,1.355,-0.178,1.39,-0.798
2026-08-19 14:31:11.097,chair,0.782,2.229,4.231,4.155,200.3,192.6,7.7,0.637,2.136,3.491,2.391,3.632,2.019
2026-08-19 14:31:11.144,chair,0.963,0.821,0.951,1.02,12.9,19.8,6.9,0.821,0.019,0.917,0.252,1.009,-0.152
2026-08-19 14:31:11.145,person,0.935,0.923,1.364,1.606,44.0,68.3,24.3,0.749,-0.54,1.35,-0.191,1.384,-0.816
2026-08-19 14:31:11.145,chair,0.716,2.226,4.272,4.192,204.6,196.5,8.0,0.629,2.136,3.526,2.412,3.664,2.036
2026-08-19 14:31:11.146,chair,0.594,2.079,3.572,4.023,149.4,194.4,45.1,0.703,-1.956,3.411,-1.062,3.293,-2.311
2026-08-19 14:31:11.193,chair,0.963,0.821,0.951,1.02,12.9,19.8,6.9,0.821,0.019,0.917,0.252,1.009,-0.152
2026-08-19 14:31:11.193,person,0.935,0.921,1.364,1.606,44.3,68.6,24.3,0.746,-0.539,1.35,-0.191,1.384,-0.816
2026-08-19 14:31:11.193,chair,0.716,2.226,4.272,4.192,204.6,196.5,8.0,0.629,2.136,3.526,2.412,3.664,2.036
2026-08-19 14:31:11.194,chair,0.594,2.109,3.572,4.023,146.3,191.4,45.1,0.713,-1.985,3.411,-1.062,3.293,-2.311
2026-08-19 14:31:11.241,chair,0.967,0.82,0.946,1.016,12.6,19.6,6.9,0.82,0.019,0.912,0.251,1.004,-0.152
2026-08-19 14:31:11.241,person,0.946,0.951,1.366,1.621,41.5,67.1,25.5,0.754,-0.578,1.348,-0.221,1.378,-0.854
2026-08-19 14:31:11.242,chair,0.719,2.118,3.546,3.999,142.8,188.1,45.3,0.72,-1.992,3.383,-1.063,3.267,-2.307
2026-08-19 14:31:11.242,chair,0.65,2.229,4.231,4.155,200.3,192.6,7.7,0.637,2.136,3.491,2.391,3.632,2.019
2026-08-19 14:31:11.291,chair,0.967,0.82,0.946,1.016,12.6,19.6,6.9,0.82,0.019,0.912,0.251,1.004,-0.152
2026-08-19 14:31:11.291,person,0.946,0.951,1.366,1.621,41.5,67.1,25.5,0.754,-0.578,1.348,-0.221,1.378,-0.854
2026-08-19 14:31:11.292,chair,0.719,2.118,3.546,3.999,142.8,188.1,45.3,0.72,-1.992,3.383,-1.063,3.267,-2.307
2026-08-19 14:31:11.292,chair,0.65,2.229,4.231,4.155,200.3,192.6,7.7,0.637,2.136,3.491,2.391,3.632,2.019
2026-08-19 14:31:11.340,chair,0.967,0.82,0.946,1.016,12.6,19.6,6.9,0.82,0.019,0.912,0.251,1.004,-0.152
2026-08-19 14:31:11.340,person,0.946,0.951,1.366,1.621,41.5,67.1,25.5,0.754,-0.578,1.348,-0.221,1.378,-0.854
2026-08-19 14:31:11.340,chair,0.719,2.118,3.546,3.999,142.8,188.1,45.3,0.72,-1.992,3.383,-1.063,3.267,-2.307
2026-08-19 14:31:11.341,chair,0.65,2.229,4.231,4.155,200.3,192.6,7.7,0.637,2.136,3.491,2.391,3.632,2.019
2026-08-19 14:31:11.389,chair,0.964,0.819,0.951,1.02,13.1,20.1,6.9,0.819,0.019,0.917,0.252,1.009,-0.152
2026-08-19 14:31:11.389,person,0.939,0.994,1.384,1.662,39.0,66.8,27.8,0.759,-0.641,1.356,-0.274,1.38,-0.927
2026-08-19 14:31:11.390,chair,0.724,2.229,4.23,4.153,200.1,192.5,7.7,0.637,2.136,3.492,2.388,3.632,2.015
2026-08-19 14:31:11.438,chair,0.964,0.829,0.951,1.02,12.2,19.1,6.9,0.828,0.02,0.917,0.252,1.009,-0.152
2026-08-19 14:31:11.438,person,0.939,0.978,1.384,1.662,40.6,68.5,27.8,0.747,-0.631,1.356,-0.274,1.38,-0.927
2026-08-19 14:31:11.439,chair,0.724,2.247,4.23,4.153,198.3,190.6,7.7,0.642,2.153,3.492,2.388,3.632,2.015
2026-08-19 14:31:11.486,chair,0.964,0.829,0.951,1.02,12.2,19.1,6.9,0.828,0.02,0.917,0.252,1.009,-0.152
2026-08-19 14:31:11.486,person,0.939,0.978,1.384,1.662,40.6,68.5,27.8,0.747,-0.631,1.356,-0.274,1.38,-0.927
2026-08-19 14:31:11.487,chair,0.724,2.247,4.23,4.153,198.3,190.6,7.7,0.642,2.153,3.492,2.388,3.632,2.015
2026-08-19 14:31:11.535,chair,0.965,0.829,0.951,1.02,12.2,19.1,6.9,0.828,0.02,0.917,0.252,1.009,-0.152
2026-08-19 14:31:11.535,person,0.933,1.047,1.206,1.494,15.9,44.7,28.8,0.821,-0.65,1.176,-0.269,1.201,-0.889
2026-08-19 14:31:11.536,chair,0.755,2.247,4.231,4.155,198.4,190.8,7.7,0.642,2.153,3.491,2.391,3.632,2.019
2026-08-19 14:31:11.583,chair,0.965,0.826,0.951,1.02,12.4,19.4,6.9,0.826,0.019,0.917,0.252,1.009,-0.152
2026-08-19 14:31:11.583,person,0.933,0.976,1.206,1.494,23.0,51.8,28.8,0.765,-0.606,1.176,-0.269,1.201,-0.889
2026-08-19 14:31:11.583,chair,0.755,2.247,4.231,4.155,198.4,190.8,7.7,0.642,2.153,3.491,2.391,3.632,2.019
2026-08-19 14:31:11.630,chair,0.965,0.826,0.951,1.02,12.4,19.4,6.9,0.826,0.019,0.917,0.252,1.009,-0.152
2026-08-19 14:31:11.631,person,0.933,0.976,1.206,1.494,23.0,51.8,28.8,0.765,-0.606,1.176,-0.269,1.201,-0.889
2026-08-19 14:31:11.631,chair,0.755,2.247,4.231,4.155,198.4,190.8,7.7,0.642,2.153,3.491,2.391,3.632,2.019
2026-08-19 14:31:11.679,chair,0.962,0.826,0.951,1.02,12.4,19.4,6.9,0.826,0.019,0.917,0.252,1.009,-0.152
2026-08-19 14:31:11.679,person,0.932,1.001,0.855,1.156,14.6,15.5,30.1,0.836,-0.55,0.821,-0.237,0.849,-0.784
2026-08-19 14:31:11.680,chair,0.711,2.247,4.231,4.155,198.4,190.8,7.7,0.642,2.153,3.491,2.391,3.632,2.019
2026-08-19 14:31:11.727,chair,0.962,0.824,0.951,1.02,12.7,19.6,6.9,0.824,0.019,0.917,0.252,1.009,-0.152
2026-08-19 14:31:11.727,person,0.932,0.907,0.855,1.156,5.3,24.8,30.1,0.758,-0.498,0.821,-0.237,0.849,-0.784
2026-08-19 14:31:11.727,chair,0.711,2.285,4.231,4.155,194.7,187.0,7.7,0.653,2.19,3.491,2.391,3.632,2.019
2026-08-19 14:31:11.774,chair,0.962,0.824,0.951,1.02,12.7,19.6,6.9,0.824,0.019,0.917,0.252,1.009,-0.152
2026-08-19 14:31:11.775,person,0.932,0.907,0.855,1.156,5.3,24.8,30.1,0.758,-0.498,0.821,-0.237,0.849,-0.784
2026-08-19 14:31:11.775,chair,0.711,2.285,4.231,4.155,194.7,187.0,7.7,0.653,2.19,3.491,2.391,3.632,2.019
2026-08-19 14:31:11.823,chair,0.953,0.824,0.951,1.02,12.7,19.6,6.9,0.824,0.019,0.917,0.252,1.009,-0.152
2026-08-19 14:31:11.824,person,0.925,0.961,0.733,1.049,22.8,8.8,31.6,0.814,-0.511,0.694,-0.237,0.721,-0.762
2026-08-19 14:31:11.824,chair,0.73,2.285,4.231,4.155,194.7,187.0,7.7,0.653,2.19,3.491,2.391,3.632,2.019
2026-08-19 14:31:11.871,chair,0.953,0.824,0.951,1.02,12.7,19.6,6.9,0.824,0.019,0.917,0.252,1.009,-0.152
2026-08-19 14:31:11.872,person,0.925,0.941,0.733,1.049,20.7,10.8,31.6,0.797,-0.5,0.694,-0.237,0.721,-0.762
2026-08-19 14:31:11.872,chair,0.73,2.266,4.231,4.155,196.6,188.9,7.7,0.647,2.171,3.491,2.391,3.632,2.019
2026-08-19 14:31:11.920,chair,0.947,0.824,0.951,1.02,12.7,19.6,6.9,0.824,0.019,0.916,0.253,1.009,-0.15
2026-08-19 14:31:11.920,person,0.946,0.948,0.733,1.051,21.5,10.3,31.8,0.801,-0.507,0.692,-0.241,0.718,-0.767
2026-08-19 14:31:11.921,chair,0.775,2.263,4.272,4.192,200.9,192.8,8.0,0.639,2.171,3.526,2.412,3.664,2.036
2026-08-19 14:31:11.969,chair,0.947,0.824,0.951,1.02,12.7,19.6,6.9,0.824,0.019,0.916,0.253,1.009,-0.15
2026-08-19 14:31:11.969,person,0.946,0.952,0.733,1.051,21.9,9.9,31.8,0.804,-0.509,0.692,-0.241,0.718,-0.767
2026-08-19 14:31:11.970,chair,0.775,2.263,4.272,4.192,200.9,192.8,8.0,0.639,2.171,3.526,2.412,3.664,2.036
2026-08-19 14:31:12.017,chair,0.947,0.824,0.951,1.02,12.7,19.6,6.9,0.824,0.019,0.916,0.253,1.009,-0.15
2026-08-19 14:31:12.017,person,0.946,0.952,0.733,1.051,21.9,9.9,31.8,0.804,-0.509,0.692,-0.241,0.718,-0.767
2026-08-19 14:31:12.018,chair,0.775,2.263,4.272,4.192,200.9,192.8,8.0,0.639,2.171,3.526,2.412,3.664,2.036
2026-08-19 14:31:12.065,chair,0.948,0.824,0.951,1.02,12.7,19.6,6.9,0.824,0.019,0.916,0.253,1.009,-0.15
2026-08-19 14:31:12.066,person,0.941,0.96,0.698,1.016,26.2,5.6,31.9,0.818,-0.503,0.657,-0.234,0.684,-0.752
2026-08-19 14:31:12.066,chair,0.732,2.263,4.272,4.192,200.9,192.8,8.0,0.639,2.171,3.526,2.412,3.664,2.036
2026-08-19 14:31:12.114,chair,0.948,0.829,0.951,1.02,12.2,19.1,6.9,0.828,0.02,0.916,0.253,1.009,-0.15
2026-08-19 14:31:12.115,person,0.941,0.954,0.698,1.016,25.6,6.2,31.9,0.813,-0.5,0.657,-0.234,0.684,-0.752
2026-08-19 14:31:12.115,chair,0.732,2.263,4.272,4.192,200.9,192.8,8.0,0.639,2.171,3.526,2.412,3.664,2.036
2026-08-19 14:31:12.162,chair,0.948,0.829,0.951,1.02,12.2,19.1,6.9,0.828,0.02,0.916,0.253,1.009,-0.15
2026-08-19 14:31:12.162,person,0.941,0.954,0.698,1.016,25.6,6.2,31.9,0.813,-0.5,0.657,-0.234,0.684,-0.752
2026-08-19 14:31:12.163,chair,0.732,2.263,4.272,4.192,200.9,192.8,8.0,0.639,2.171,3.526,2.412,3.664,2.036
2026-08-19 14:31:12.211,person,0.96,0.943,0.724,1.042,21.9,9.9,31.8,0.798,-0.502,0.683,-0.239,0.709,-0.763
2026-08-19 14:31:12.211,chair,0.954,0.828,0.955,1.024,12.7,19.6,6.9,0.828,0.02,0.921,0.253,1.013,-0.152
2026-08-19 14:31:12.211,chair,0.613,2.263,4.272,4.192,200.9,192.8,8.0,0.639,2.171,3.526,2.412,3.664,2.036
2026-08-19 14:31:12.259,person,0.96,0.947,0.724,1.042,22.3,9.5,31.8,0.801,-0.504,0.683,-0.239,0.709,-0.763
2026-08-19 14:31:12.259,chair,0.954,0.826,0.955,1.024,12.9,19.8,6.9,0.826,0.02,0.921,0.253,1.013,-0.152
2026-08-19 14:31:12.260,chair,0.613,2.263,4.272,4.192,200.9,192.8,8.0,0.639,2.171,3.526,2.412,3.664,2.036
2026-08-19 14:31:12.307,person,0.96,0.947,0.724,1.042,22.3,9.5,31.8,0.801,-0.504,0.683,-0.239,0.709,-0.763
2026-08-19 14:31:12.307,chair,0.954,0.826,0.955,1.024,12.9,19.8,6.9,0.826,0.02,0.921,0.253,1.013,-0.152
2026-08-19 14:31:12.308,chair,0.613,2.263,4.272,4.192,200.9,192.8,8.0,0.639,2.171,3.526,2.412,3.664,2.036
2026-08-19 14:31:12.355,chair,0.948,0.826,0.951,1.02,12.4,19.3,6.9,0.826,0.019,0.916,0.253,1.009,-0.15
2026-08-19 14:31:12.355,person,0.946,0.947,0.727,1.045,22.0,9.8,31.9,0.801,-0.505,0.686,-0.24,0.712,-0.765
2026-08-19 14:31:12.356,chair,0.627,2.263,4.272,4.192,200.9,192.8,8.0,0.639,2.171,3.526,2.412,3.664,2.036
2026-08-19 14:31:12.404,chair,0.948,0.826,0.951,1.02,12.4,19.3,6.9,0.826,0.019,0.916,0.253,1.009,-0.15
2026-08-19 14:31:12.404,person,0.946,0.925,0.727,1.045,19.9,12.0,31.9,0.783,-0.494,0.686,-0.24,0.712,-0.765
2026-08-19 14:31:12.405,chair,0.627,2.209,4.272,4.192,206.3,198.3,8.0,0.624,2.119,3.526,2.412,3.664,2.036
2026-08-19 14:31:12.452,chair,0.959,0.826,0.951,1.02,12.4,19.3,6.9,0.826,0.019,0.916,0.253,1.009,-0.15
2026-08-19 14:31:12.452,person,0.949,0.942,0.685,1.004,25.8,6.2,32.0,0.805,-0.491,0.644,-0.232,0.671,-0.748
2026-08-19 14:31:12.452,chair,0.591,2.216,4.273,4.193,205.7,197.7,8.0,0.624,2.127,3.526,2.415,3.664,2.04
2026-08-19 14:31:12.518,chair,0.959,0.831,0.951,1.02,12.0,18.9,6.9,0.831,0.02,0.916,0.253,1.009,-0.15
2026-08-19 14:31:12.518,person,0.949,0.908,0.685,1.004,22.4,9.6,32.0,0.775,-0.473,0.644,-0.232,0.671,-0.748
2026-08-19 14:31:12.519,chair,0.591,2.234,4.273,4.193,203.9,195.9,8.0,0.629,2.144,3.526,2.415,3.664,2.04
2026-08-19 14:31:12.568,chair,0.959,0.831,0.951,1.02,12.0,18.9,6.9,0.831,0.02,0.916,0.253,1.009,-0.15
2026-08-19 14:31:12.569,person,0.949,0.908,0.685,1.004,22.4,9.6,32.0,0.775,-0.473,0.644,-0.232,0.671,-0.748
2026-08-19 14:31:12.569,chair,0.591,2.234,4.273,4.193,203.9,195.9,8.0,0.629,2.144,3.526,2.415,3.664,2.04
2026-08-19 14:31:12.617,chair,0.963,0.829,0.946,1.015,11.7,18.6,6.9,0.829,0.019,0.912,0.252,1.004,-0.15
2026-08-19 14:31:12.618,chair,0.545,2.229,4.231,4.155,200.3,192.6,7.7,0.637,2.136,3.491,2.391,3.632,2.019
2026-08-19 14:31:12.666,chair,0.963,0.827,0.946,1.015,12.0,18.9,6.9,0.826,0.019,0.912,0.252,1.004,-0.15
2026-08-19 14:31:12.666,chair,0.545,2.266,4.231,4.155,196.6,188.9,7.7,0.647,2.171,3.491,2.391,3.632,2.019
2026-08-19 14:31:12.713,chair,0.963,0.827,0.946,1.015,12.0,18.9,6.9,0.826,0.019,0.912,0.252,1.004,-0.15
2026-08-19 14:31:12.713,chair,0.545,2.266,4.231,4.155,196.6,188.9,7.7,0.647,2.171,3.491,2.391,3.632,2.019
2026-08-19 14:31:12.761,chair,0.962,0.826,0.951,1.02,12.4,19.3,6.9,0.826,0.019,0.916,0.253,1.009,-0.15
2026-08-19 14:31:12.761,chair,0.685,2.263,4.272,4.192,200.9,192.8,8.0,0.639,2.171,3.526,2.412,3.664,2.036
2026-08-19 14:31:12.762,dining table,0.511,1.995,3.515,3.917,152.0,192.2,40.2,0.724,-1.859,3.388,-0.935,3.283,-2.137
2026-08-19 14:31:12.809,chair,0.962,0.826,0.951,1.02,12.4,19.3,6.9,0.826,0.019,0.916,0.253,1.009,-0.15
2026-08-19 14:31:12.809,chair,0.685,2.282,4.272,4.192,199.0,190.9,8.0,0.645,2.19,3.526,2.412,3.664,2.036
2026-08-19 14:31:12.809,dining table,0.511,1.871,3.515,3.917,164.4,204.5,40.2,0.679,-1.744,3.388,-0.935,3.283,-2.137
2026-08-19 14:31:12.857,chair,0.965,0.827,0.946,1.015,12.0,18.9,6.9,0.826,0.019,0.912,0.252,1.004,-0.15
2026-08-19 14:31:12.857,chair,0.67,2.266,4.231,4.155,196.6,188.9,7.7,0.647,2.171,3.491,2.391,3.632,2.019
2026-08-19 14:31:12.906,chair,0.965,0.824,0.946,1.015,12.2,19.1,6.9,0.824,0.019,0.912,0.252,1.004,-0.15
2026-08-19 14:31:12.906,chair,0.67,2.247,4.231,4.155,198.4,190.8,7.7,0.642,2.153,3.491,2.391,3.632,2.019
2026-08-19 14:31:12.953,chair,0.965,0.824,0.946,1.015,12.2,19.1,6.9,0.824,0.019,0.912,0.252,1.004,-0.15
2026-08-19 14:31:12.954,chair,0.67,2.247,4.231,4.155,198.4,190.8,7.7,0.642,2.153,3.491,2.391,3.632,2.019
2026-08-19 14:31:13.002,chair,0.958,0.824,0.951,1.02,12.7,19.6,6.9,0.824,0.019,0.916,0.253,1.009,-0.15
2026-08-19 14:31:13.002,chair,0.622,2.247,4.231,4.155,198.4,190.8,7.7,0.642,2.153,3.491,2.391,3.632,2.019
2026-08-19 14:31:13.050,chair,0.958,0.831,0.951,1.02,12.0,18.9,6.9,0.831,0.02,0.916,0.253,1.009,-0.15
2026-08-19 14:31:13.050,chair,0.622,2.229,4.231,4.155,200.3,192.6,7.7,0.637,2.136,3.491,2.391,3.632,2.019
2026-08-19 14:31:13.097,chair,0.958,0.831,0.951,1.02,12.0,18.9,6.9,0.831,0.02,0.916,0.253,1.009,-0.15
2026-08-19 14:31:13.098,chair,0.622,2.229,4.231,4.155,200.3,192.6,7.7,0.637,2.136,3.491,2.391,3.632,2.019
2026-08-19 14:31:13.145,chair,0.963,0.831,0.946,1.015,11.5,18.4,6.9,0.831,0.02,0.912,0.252,1.004,-0.15
2026-08-19 14:31:13.146,chair,0.752,2.245,4.272,4.192,202.7,194.7,8.0,0.634,2.153,3.526,2.412,3.664,2.036
2026-08-19 14:31:13.193,chair,0.963,0.827,0.946,1.015,12.0,18.9,6.9,0.826,0.019,0.912,0.252,1.004,-0.15
2026-08-19 14:31:13.193,chair,0.752,2.263,4.272,4.192,200.9,192.8,8.0,0.639,2.171,3.526,2.412,3.664,2.036
2026-08-19 14:31:13.241,chair,0.963,0.827,0.946,1.015,12.0,18.9,6.9,0.826,0.019,0.912,0.252,1.004,-0.15
2026-08-19 14:31:13.241,chair,0.752,2.263,4.272,4.192,200.9,192.8,8.0,0.639,2.171,3.526,2.412,3.664,2.036
2026-08-19 14:31:13.288,chair,0.962,0.827,0.946,1.015,12.0,18.9,6.9,0.826,0.019,0.912,0.252,1.004,-0.15
2026-08-19 14:31:13.289,chair,0.75,2.247,4.231,4.155,198.4,190.8,7.7,0.642,2.153,3.491,2.391,3.632,2.019
2026-08-19 14:31:13.289,dining table,0.567,1.846,3.515,3.917,166.9,207.1,40.2,0.67,-1.72,3.388,-0.935,3.283,-2.137
2026-08-19 14:31:13.337,chair,0.962,0.829,0.946,1.015,11.7,18.6,6.9,0.829,0.019,0.912,0.252,1.004,-0.15
2026-08-19 14:31:13.338,chair,0.75,2.247,4.231,4.155,198.4,190.8,7.7,0.642,2.153,3.491,2.391,3.632,2.019
2026-08-19 14:31:13.338,dining table,0.567,1.885,3.515,3.917,163.0,203.2,40.2,0.684,-1.756,3.388,-0.935,3.283,-2.137
2026-08-19 14:31:13.385,chair,0.962,0.829,0.946,1.015,11.7,18.6,6.9,0.829,0.019,0.912,0.252,1.004,-0.15
2026-08-19 14:31:13.385,chair,0.75,2.247,4.231,4.155,198.4,190.8,7.7,0.642,2.153,3.491,2.391,3.632,2.019
2026-08-19 14:31:13.386,dining table,0.567,1.885,3.515,3.917,163.0,203.2,40.2,0.684,-1.756,3.388,-0.935,3.283,-2.137
2026-08-19 14:31:13.433,chair,0.959,0.829,0.951,1.02,12.2,19.1,6.9,0.828,0.02,0.916,0.253,1.009,-0.15
2026-08-19 14:31:13.434,chair,0.684,2.274,4.233,4.157,195.9,188.3,7.6,0.647,2.18,3.49,2.394,3.631,2.023
2026-08-19 14:31:13.482,chair,0.959,0.826,0.951,1.02,12.4,19.3,6.9,0.826,0.019,0.916,0.253,1.009,-0.15
2026-08-19 14:31:13.482,chair,0.684,2.236,4.233,4.157,199.6,192.0,7.6,0.637,2.144,3.49,2.394,3.631,2.023
2026-08-19 14:31:13.531,chair,0.954,0.826,0.951,1.02,12.4,19.3,6.9,0.826,0.019,0.916,0.253,1.009,-0.15
2026-08-19 14:31:13.531,chair,0.764,2.229,4.231,4.155,200.3,192.6,7.7,0.637,2.136,3.491,2.391,3.632,2.019
2026-08-19 14:31:13.578,chair,0.954,0.826,0.951,1.02,12.4,19.3,6.9,0.826,0.019,0.916,0.253,1.009,-0.15
2026-08-19 14:31:13.578,chair,0.764,2.247,4.231,4.155,198.4,190.8,7.7,0.642,2.153,3.491,2.391,3.632,2.019
2026-08-19 14:31:13.625,chair,0.954,0.826,0.951,1.02,12.4,19.3,6.9,0.826,0.019,0.916,0.253,1.009,-0.15
2026-08-19 14:31:13.626,chair,0.764,2.247,4.231,4.155,198.4,190.8,7.7,0.642,2.153,3.491,2.391,3.632,2.019
2026-08-19 14:31:13.673,chair,0.954,0.826,0.951,1.02,12.4,19.3,6.9,0.826,0.019,0.916,0.253,1.009,-0.15
2026-08-19 14:31:13.674,chair,0.694,2.247,4.231,4.155,198.4,190.8,7.7,0.642,2.153,3.491,2.391,3.632,2.019
2026-08-19 14:31:13.721,chair,0.954,0.824,0.951,1.02,12.7,19.6,6.9,0.824,0.019,0.916,0.253,1.009,-0.15
2026-08-19 14:31:13.722,chair,0.694,2.266,4.231,4.155,196.6,188.9,7.7,0.647,2.171,3.491,2.391,3.632,2.019
2026-08-19 14:31:13.769,chair,0.954,0.824,0.951,1.02,12.7,19.6,6.9,0.824,0.019,0.916,0.253,1.009,-0.15
2026-08-19 14:31:13.769,chair,0.694,2.266,4.231,4.155,196.6,188.9,7.7,0.647,2.171,3.491,2.391,3.632,2.019
2026-08-19 14:31:13.817,chair,0.959,0.824,0.946,1.015,12.2,19.1,6.9,0.824,0.019,0.912,0.252,1.004,-0.15
2026-08-19 14:31:13.818,chair,0.753,2.274,4.233,4.157,195.9,188.3,7.6,0.647,2.18,3.49,2.394,3.631,2.023
2026-08-19 14:31:13.818,dining table,0.578,1.885,3.515,3.917,163.0,203.2,40.2,0.684,-1.756,3.388,-0.935,3.283,-2.137
2026-08-19 14:31:13.865,chair,0.959,0.824,0.946,1.015,12.2,19.1,6.9,0.824,0.019,0.912,0.252,1.004,-0.15
2026-08-19 14:31:13.866,chair,0.753,2.274,4.233,4.157,195.9,188.3,7.6,0.647,2.18,3.49,2.394,3.631,2.023
2026-08-19 14:31:13.866,dining table,0.578,1.885,3.515,3.917,163.0,203.2,40.2,0.684,-1.756,3.388,-0.935,3.283,-2.137
2026-08-19 14:31:13.913,chair,0.959,0.824,0.946,1.015,12.2,19.1,6.9,0.824,0.019,0.912,0.252,1.004,-0.15
2026-08-19 14:31:13.914,chair,0.753,2.274,4.233,4.157,195.9,188.3,7.6,0.647,2.18,3.49,2.394,3.631,2.023
2026-08-19 14:31:13.914,dining table,0.578,1.885,3.515,3.917,163.0,203.2,40.2,0.684,-1.756,3.388,-0.935,3.283,-2.137
2026-08-19 14:31:13.961,chair,0.956,0.825,0.951,1.02,12.6,19.5,6.9,0.825,0.019,0.916,0.253,1.009,-0.15
2026-08-19 14:31:13.962,chair,0.79,2.263,4.272,4.192,200.9,192.8,8.0,0.639,2.171,3.526,2.412,3.664,2.036
2026-08-19 14:31:13.962,dining table,0.592,1.885,3.515,3.917,163.0,203.2,40.2,0.684,-1.756,3.388,-0.935,3.283,-2.137
2026-08-19 14:31:14.011,chair,0.956,0.826,0.951,1.02,12.4,19.3,6.9,0.826,0.019,0.916,0.253,1.009,-0.15
2026-08-19 14:31:14.011,chair,0.79,2.263,4.272,4.192,200.9,192.8,8.0,0.639,2.171,3.526,2.412,3.664,2.036
2026-08-19 14:31:14.012,dining table,0.592,1.898,3.515,3.917,161.7,201.9,40.2,0.689,-1.769,3.388,-0.935,3.283,-2.137
2026-08-19 14:31:14.060,chair,0.956,0.826,0.951,1.02,12.4,19.3,6.9,0.826,0.019,0.916,0.253,1.009,-0.15
2026-08-19 14:31:14.061,chair,0.79,2.263,4.272,4.192,200.9,192.8,8.0,0.639,2.171,3.526,2.412,3.664,2.036
2026-08-19 14:31:14.061,dining table,0.592,1.898,3.515,3.917,161.7,201.9,40.2,0.689,-1.769,3.388,-0.935,3.283,-2.137
2026-08-19 14:31:14.109,chair,0.959,0.827,0.946,1.015,12.0,18.9,6.9,0.826,0.019,0.912,0.252,1.004,-0.15
2026-08-19 14:31:14.109,chair,0.768,2.274,4.233,4.157,195.9,188.3,7.6,0.647,2.18,3.49,2.394,3.631,2.023
2026-08-19 14:31:14.110,dining table,0.593,1.898,3.515,3.917,161.7,201.9,40.2,0.689,-1.769,3.388,-0.935,3.283,-2.137
2026-08-19 14:31:14.158,chair,0.959,0.831,0.946,1.015,11.5,18.4,6.9,0.831,0.02,0.912,0.252,1.004,-0.15
2026-08-19 14:31:14.158,chair,0.768,2.274,4.233,4.157,195.9,188.3,7.6,0.647,2.18,3.49,2.394,3.631,2.023
2026-08-19 14:31:14.158,dining table,0.593,1.898,3.515,3.917,161.7,201.9,40.2,0.689,-1.769,3.388,-0.935,3.283,-2.137
2026-08-19 14:31:14.206,chair,0.96,0.831,0.946,1.015,11.5,18.4,6.9,0.831,0.02,0.912,0.252,1.004,-0.15
2026-08-19 14:31:14.206,chair,0.797,2.268,4.191,4.119,192.4,185.1,7.3,0.655,2.171,3.456,2.371,3.6,2.002
2026-08-19 14:31:14.207,dining table,0.519,1.898,3.515,3.917,161.7,201.9,40.2,0.689,-1.769,3.388,-0.935,3.283,-2.137
2026-08-19 14:31:14.255,chair,0.96,0.824,0.946,1.015,12.2,19.1,6.9,0.824,0.019,0.912,0.252,1.004,-0.15
2026-08-19 14:31:14.256,chair,0.797,2.249,4.191,4.119,194.2,187.0,7.3,0.65,2.153,3.456,2.371,3.6,2.002
2026-08-19 14:31:14.256,dining table,0.519,1.885,3.515,3.917,163.0,203.2,40.2,0.684,-1.756,3.388,-0.935,3.283,-2.137
2026-08-19 14:31:14.304,chair,0.96,0.824,0.946,1.015,12.2,19.1,6.9,0.824,0.019,0.912,0.252,1.004,-0.15
2026-08-19 14:31:14.304,chair,0.797,2.249,4.191,4.119,194.2,187.0,7.3,0.65,2.153,3.456,2.371,3.6,2.002
2026-08-19 14:31:14.304,dining table,0.519,1.885,3.515,3.917,163.0,203.2,40.2,0.684,-1.756,3.388,-0.935,3.283,-2.137
2026-08-19 14:31:14.352,chair,0.959,0.824,0.946,1.015,12.2,19.1,6.9,0.824,0.019,0.912,0.252,1.004,-0.15
2026-08-19 14:31:14.352,chair,0.78,2.247,4.231,4.155,198.4,190.8,7.7,0.642,2.153,3.491,2.391,3.632,2.019
2026-08-19 14:31:14.353,dining table,0.582,1.885,3.515,3.917,163.0,203.2,40.2,0.684,-1.756,3.388,-0.935,3.283,-2.137
2026-08-19 14:31:14.400,chair,0.959,0.834,0.946,1.015,11.3,18.2,6.9,0.833,0.02,0.912,0.252,1.004,-0.15
2026-08-19 14:31:14.401,chair,0.78,2.247,4.231,4.155,198.4,190.8,7.7,0.642,2.153,3.491,2.391,3.632,2.019
2026-08-19 14:31:14.401,dining table,0.582,1.911,3.515,3.917,160.4,200.6,40.2,0.693,-1.781,3.388,-0.935,3.283,-2.137
2026-08-19 14:31:14.449,chair,0.959,0.834,0.946,1.015,11.3,18.2,6.9,0.833,0.02,0.912,0.252,1.004,-0.15
2026-08-19 14:31:14.449,chair,0.78,2.247,4.231,4.155,198.4,190.8,7.7,0.642,2.153,3.491,2.391,3.632,2.019
2026-08-19 14:31:14.449,dining table,0.582,1.911,3.515,3.917,160.4,200.6,40.2,0.693,-1.781,3.388,-0.935,3.283,-2.137
2026-08-19 14:31:14.497,chair,0.958,0.834,0.946,1.015,11.3,18.2,6.9,0.833,0.02,0.912,0.252,1.004,-0.15
2026-08-19 14:31:14.498,chair,0.713,2.247,4.231,4.155,198.4,190.8,7.7,0.642,2.153,3.491,2.391,3.632,2.019
2026-08-19 14:31:14.498,dining table,0.548,1.905,3.514,3.914,160.9,201.0,40.1,0.693,-1.774,3.388,-0.932,3.282,-2.133
2026-08-19 14:31:14.545,chair,0.958,0.829,0.946,1.015,11.7,18.6,6.9,0.829,0.019,0.912,0.252,1.004,-0.15
2026-08-19 14:31:14.546,chair,0.713,2.266,4.231,4.155,196.6,188.9,7.7,0.647,2.171,3.491,2.391,3.632,2.019
2026-08-19 14:31:14.546,dining table,0.548,1.865,3.514,3.914,164.9,204.9,40.1,0.679,-1.737,3.388,-0.932,3.282,-2.133
2026-08-19 14:31:14.593,chair,0.958,0.829,0.946,1.015,11.7,18.6,6.9,0.829,0.019,0.912,0.252,1.004,-0.15
2026-08-19 14:31:14.593,chair,0.713,2.266,4.231,4.155,196.6,188.9,7.7,0.647,2.171,3.491,2.391,3.632,2.019
2026-08-19 14:31:14.594,dining table,0.548,1.865,3.514,3.914,164.9,204.9,40.1,0.679,-1.737,3.388,-0.932,3.282,-2.133
2026-08-19 14:31:14.658,chair,0.958,0.829,0.946,1.015,11.7,18.6,6.9,0.829,0.019,0.912,0.252,1.004,-0.15
2026-08-19 14:31:14.659,chair,0.743,2.293,4.233,4.157,194.0,186.4,7.6,0.653,2.198,3.49,2.394,3.631,2.023
2026-08-19 14:31:14.660,dining table,0.584,1.859,3.515,3.917,165.6,205.8,40.2,0.674,-1.732,3.388,-0.935,3.283,-2.137
2026-08-19 14:31:14.708,chair,0.958,0.824,0.946,1.015,12.2,19.1,6.9,0.824,0.019,0.912,0.252,1.004,-0.15
2026-08-19 14:31:14.709,chair,0.743,2.274,4.233,4.157,195.9,188.3,7.6,0.647,2.18,3.49,2.394,3.631,2.023
2026-08-19 14:31:14.709,dining table,0.584,1.911,3.515,3.917,160.4,200.6,40.2,0.693,-1.781,3.388,-0.935,3.283,-2.137
2026-08-19 14:31:14.757,chair,0.959,0.824,0.946,1.015,12.2,19.1,6.9,0.824,0.019,0.912,0.252,1.004,-0.15
2026-08-19 14:31:14.757,chair,0.649,2.274,4.233,4.157,195.9,188.3,7.6,0.647,2.18,3.49,2.394,3.631,2.023
2026-08-19 14:31:14.758,dining table,0.571,1.911,3.515,3.917,160.4,200.6,40.2,0.693,-1.781,3.388,-0.935,3.283,-2.137
2026-08-19 14:31:14.805,chair,0.959,0.824,0.946,1.015,12.2,19.1,6.9,0.824,0.019,0.912,0.252,1.004,-0.15
2026-08-19 14:31:14.806,chair,0.649,2.236,4.233,4.157,199.6,192.0,7.6,0.637,2.144,3.49,2.394,3.631,2.023
2026-08-19 14:31:14.806,dining table,0.571,1.885,3.515,3.917,163.0,203.2,40.2,0.684,-1.756,3.388,-0.935,3.283,-2.137
2026-08-19 14:31:14.854,chair,0.959,0.824,0.946,1.015,12.2,19.1,6.9,0.824,0.019,0.912,0.252,1.004,-0.15
2026-08-19 14:31:14.854,chair,0.649,2.236,4.233,4.157,199.6,192.0,7.6,0.637,2.144,3.49,2.394,3.631,2.023
2026-08-19 14:31:14.854,dining table,0.571,1.885,3.515,3.917,163.0,203.2,40.2,0.684,-1.756,3.388,-0.935,3.283,-2.137
2026-08-19 14:31:14.902,chair,0.959,0.824,0.946,1.015,12.2,19.1,6.9,0.824,0.019,0.912,0.252,1.004,-0.15
2026-08-19 14:31:14.903,chair,0.75,2.229,4.231,4.155,200.3,192.6,7.7,0.637,2.136,3.491,2.391,3.632,2.019
2026-08-19 14:31:14.903,dining table,0.562,1.885,3.515,3.917,163.0,203.2,40.2,0.684,-1.756,3.388,-0.935,3.283,-2.137
2026-08-19 14:31:14.951,chair,0.959,0.824,0.946,1.015,12.2,19.1,6.9,0.824,0.019,0.912,0.252,1.004,-0.15
2026-08-19 14:31:14.951,chair,0.75,2.229,4.231,4.155,200.3,192.6,7.7,0.637,2.136,3.491,2.391,3.632,2.019
2026-08-19 14:31:14.952,dining table,0.562,1.898,3.515,3.917,161.7,201.9,40.2,0.689,-1.769,3.388,-0.935,3.283,-2.137
2026-08-19 14:31:14.999,chair,0.959,0.824,0.946,1.015,12.2,19.1,6.9,0.824,0.019,0.912,0.252,1.004,-0.15
2026-08-19 14:31:14.999,chair,0.75,2.229,4.231,4.155,200.3,192.6,7.7,0.637,2.136,3.491,2.391,3.632,2.019
2026-08-19 14:31:15.000,dining table,0.562,1.898,3.515,3.917,161.7,201.9,40.2,0.689,-1.769,3.388,-0.935,3.283,-2.137
2026-08-19 14:31:15.047,chair,0.958,0.824,0.946,1.015,12.2,19.1,6.9,0.824,0.019,0.912,0.252,1.004,-0.15
2026-08-19 14:31:15.048,chair,0.769,2.236,4.233,4.157,199.6,192.0,7.6,0.637,2.144,3.49,2.394,3.631,2.023
2026-08-19 14:31:15.048,dining table,0.604,1.898,3.515,3.917,161.7,201.9,40.2,0.689,-1.769,3.388,-0.935,3.283,-2.137
2026-08-19 14:31:15.096,chair,0.958,0.827,0.946,1.015,12.0,18.9,6.9,0.826,0.019,0.912,0.252,1.004,-0.15
2026-08-19 14:31:15.096,chair,0.769,2.236,4.233,4.157,199.6,192.0,7.6,0.637,2.144,3.49,2.394,3.631,2.023
2026-08-19 14:31:15.096,dining table,0.604,1.911,3.515,3.917,160.4,200.6,40.2,0.693,-1.781,3.388,-0.935,3.283,-2.137
2026-08-19 14:31:15.144,chair,0.954,0.826,0.951,1.02,12.4,19.3,6.9,0.826,0.019,0.916,0.253,1.009,-0.15
2026-08-19 14:31:15.144,chair,0.783,2.229,4.231,4.155,200.3,192.6,7.7,0.637,2.136,3.491,2.391,3.632,2.019
2026-08-19 14:31:15.145,dining table,0.523,1.911,3.515,3.917,160.4,200.6,40.2,0.693,-1.781,3.388,-0.935,3.283,-2.137
2026-08-19 14:31:15.192,chair,0.954,0.829,0.951,1.02,12.2,19.1,6.9,0.828,0.02,0.916,0.253,1.009,-0.15
2026-08-19 14:31:15.192,chair,0.783,2.266,4.231,4.155,196.6,188.9,7.7,0.647,2.171,3.491,2.391,3.632,2.019
2026-08-19 14:31:15.193,dining table,0.523,1.898,3.515,3.917,161.7,201.9,40.2,0.689,-1.769,3.388,-0.935,3.283,-2.137
2026-08-19 14:31:15.241,chair,0.954,0.829,0.951,1.02,12.2,19.1,6.9,0.828,0.02,0.916,0.253,1.009,-0.15
2026-08-19 14:31:15.242,chair,0.783,2.266,4.231,4.155,196.6,188.9,7.7,0.647,2.171,3.491,2.391,3.632,2.019
2026-08-19 14:31:15.242,dining table,0.523,1.898,3.515,3.917,161.7,201.9,40.2,0.689,-1.769,3.388,-0.935,3.283,-2.137
2026-08-19 14:31:15.290,chair,0.958,0.827,0.946,1.015,12.0,18.9,6.9,0.826,0.019,0.912,0.252,1.004,-0.15
2026-08-19 14:31:15.290,chair,0.817,2.266,4.231,4.155,196.6,188.9,7.7,0.647,2.171,3.491,2.391,3.632,2.019
2026-08-19 14:31:15.338,chair,0.958,0.822,0.946,1.015,12.5,19.4,6.9,0.822,0.019,0.912,0.252,1.004,-0.15
2026-08-19 14:31:15.339,chair,0.817,2.247,4.231,4.155,198.4,190.8,7.7,0.642,2.153,3.491,2.391,3.632,2.019
2026-08-19 14:31:15.386,chair,0.958,0.822,0.946,1.015,12.5,19.4,6.9,0.822,0.019,0.912,0.252,1.004,-0.15
2026-08-19 14:31:15.386,chair,0.817,2.247,4.231,4.155,198.4,190.8,7.7,0.642,2.153,3.491,2.391,3.632,2.019
2026-08-19 14:31:15.434,chair,0.959,0.822,0.946,1.015,12.5,19.4,6.9,0.822,0.019,0.912,0.252,1.004,-0.15
2026-08-19 14:31:15.435,chair,0.767,2.247,4.231,4.155,198.4,190.8,7.7,0.642,2.153,3.491,2.391,3.632,2.019
2026-08-19 14:31:15.435,dining table,0.579,1.859,3.515,3.917,165.6,205.8,40.2,0.674,-1.732,3.388,-0.935,3.283,-2.137
2026-08-19 14:31:15.484,chair,0.959,0.827,0.946,1.015,12.0,18.9,6.9,0.826,0.019,0.912,0.252,1.004,-0.15
2026-08-19 14:31:15.484,chair,0.767,2.247,4.231,4.155,198.4,190.8,7.7,0.642,2.153,3.491,2.391,3.632,2.019
2026-08-19 14:31:15.485,dining table,0.579,1.925,3.515,3.917,159.0,199.2,40.2,0.698,-1.794,3.388,-0.935,3.283,-2.137
2026-08-19 14:31:15.532,chair,0.959,0.827,0.946,1.015,12.0,18.9,6.9,0.826,0.019,0.912,0.252,1.004,-0.15
2026-08-19 14:31:15.533,chair,0.767,2.247,4.231,4.155,198.4,190.8,7.7,0.642,2.153,3.491,2.391,3.632,2.019
2026-08-19 14:31:15.533,dining table,0.579,1.925,3.515,3.917,159.0,199.2,40.2,0.698,-1.794,3.388,-0.935,3.283,-2.137
2026-08-19 14:31:15.586,chair,0.954,0.826,0.951,1.02,12.4,19.4,6.9,0.826,0.019,0.917,0.252,1.009,-0.152
2026-08-19 14:31:15.587,chair,0.799,2.247,4.231,4.155,198.4,190.8,7.7,0.642,2.153,3.491,2.391,3.632,2.019
2026-08-19 14:31:15.587,dining table,0.592,1.925,3.515,3.917,159.0,199.2,40.2,0.698,-1.794,3.388,-0.935,3.283,-2.137
2026-08-19 14:31:15.636,chair,0.954,0.824,0.951,1.02,12.7,19.6,6.9,0.824,0.019,0.917,0.252,1.009,-0.152
2026-08-19 14:31:15.636,chair,0.799,2.266,4.231,4.155,196.6,188.9,7.7,0.647,2.171,3.491,2.391,3.632,2.019
2026-08-19 14:31:15.637,dining table,0.592,1.885,3.515,3.917,163.0,203.2,40.2,0.684,-1.756,3.388,-0.935,3.283,-2.137
2026-08-19 14:31:15.685,chair,0.958,0.824,0.946,1.015,12.2,19.1,6.9,0.824,0.019,0.912,0.252,1.004,-0.15
2026-08-19 14:31:15.685,chair,0.746,2.263,4.272,4.192,200.9,192.8,8.0,0.639,2.171,3.526,2.412,3.664,2.036
2026-08-19 14:31:15.686,dining table,0.555,1.885,3.515,3.917,163.0,203.2,40.2,0.684,-1.756,3.388,-0.935,3.283,-2.137
2026-08-19 14:31:15.733,chair,0.958,0.829,0.946,1.015,11.7,18.6,6.9,0.829,0.019,0.912,0.252,1.004,-0.15
2026-08-19 14:31:15.733,chair,0.746,2.245,4.272,4.192,202.7,194.7,8.0,0.634,2.153,3.526,2.412,3.664,2.036
2026-08-19 14:31:15.734,dining table,0.555,1.911,3.515,3.917,160.4,200.6,40.2,0.693,-1.781,3.388,-0.935,3.283,-2.137
2026-08-19 14:31:15.781,chair,0.958,0.829,0.946,1.015,11.7,18.6,6.9,0.829,0.019,0.912,0.252,1.004,-0.15
2026-08-19 14:31:15.781,chair,0.746,2.245,4.272,4.192,202.7,194.7,8.0,0.634,2.153,3.526,2.412,3.664,2.036
2026-08-19 14:31:15.782,dining table,0.555,1.911,3.515,3.917,160.4,200.6,40.2,0.693,-1.781,3.388,-0.935,3.283,-2.137
2026-08-19 14:31:15.830,chair,0.961,0.829,0.946,1.015,11.7,18.6,6.9,0.829,0.019,0.912,0.252,1.004,-0.15
2026-08-19 14:31:15.830,chair,0.775,2.255,4.233,4.157,197.8,190.2,7.6,0.642,2.162,3.49,2.394,3.631,2.023
2026-08-19 14:31:15.831,dining table,0.517,1.911,3.516,3.919,160.5,200.8,40.3,0.693,-1.781,3.389,-0.938,3.283,-2.141
2026-08-19 14:31:15.879,chair,0.961,0.829,0.946,1.015,11.7,18.6,6.9,0.829,0.019,0.912,0.252,1.004,-0.15
2026-08-19 14:31:15.879,chair,0.775,2.274,4.233,4.157,195.9,188.3,7.6,0.647,2.18,3.49,2.394,3.631,2.023
2026-08-19 14:31:15.880,dining table,0.517,1.911,3.516,3.919,160.5,200.8,40.3,0.693,-1.781,3.389,-0.938,3.283,-2.141
2026-08-19 14:31:15.928,chair,0.961,0.829,0.946,1.015,11.7,18.6,6.9,0.829,0.019,0.912,0.252,1.004,-0.15
2026-08-19 14:31:15.928,chair,0.775,2.274,4.233,4.157,195.9,188.3,7.6,0.647,2.18,3.49,2.394,3.631,2.023
2026-08-19 14:31:15.928,dining table,0.517,1.911,3.516,3.919,160.5,200.8,40.3,0.693,-1.781,3.389,-0.938,3.283,-2.141
2026-08-19 14:31:15.977,chair,0.957,0.829,0.951,1.02,12.2,19.1,6.9,0.828,0.02,0.916,0.253,1.009,-0.15
2026-08-19 14:31:15.977,chair,0.782,2.266,4.231,4.155,196.6,188.9,7.7,0.647,2.171,3.491,2.391,3.632,2.019
2026-08-19 14:31:15.977,dining table,0.561,1.911,3.515,3.917,160.4,200.6,40.2,0.693,-1.781,3.388,-0.935,3.283,-2.137
2026-08-19 14:31:16.026,chair,0.957,0.824,0.951,1.02,12.7,19.6,6.9,0.824,0.019,0.916,0.253,1.009,-0.15
2026-08-19 14:31:16.027,chair,0.782,2.229,4.231,4.155,200.3,192.6,7.7,0.637,2.136,3.491,2.391,3.632,2.019
2026-08-19 14:31:16.027,dining table,0.561,1.925,3.515,3.917,159.0,199.2,40.2,0.698,-1.794,3.388,-0.935,3.283,-2.137
2026-08-19 14:31:16.075,chair,0.957,0.824,0.951,1.02,12.7,19.6,6.9,0.824,0.019,0.916,0.253,1.009,-0.15
2026-08-19 14:31:16.075,chair,0.782,2.229,4.231,4.155,200.3,192.6,7.7,0.637,2.136,3.491,2.391,3.632,2.019
2026-08-19 14:31:16.076,dining table,0.561,1.925,3.515,3.917,159.0,199.2,40.2,0.698,-1.794,3.388,-0.935,3.283,-2.137
2026-08-19 14:31:16.124,chair,0.956,0.824,0.951,1.02,12.7,19.6,6.9,0.824,0.019,0.916,0.253,1.009,-0.15
2026-08-19 14:31:16.125,chair,0.75,2.255,4.233,4.157,197.8,190.2,7.6,0.642,2.162,3.49,2.394,3.631,2.023
2026-08-19 14:31:16.125,dining table,0.507,1.918,3.514,3.914,159.6,199.6,40.1,0.698,-1.787,3.388,-0.932,3.282,-2.133
2026-08-19 14:31:16.173,chair,0.956,0.824,0.951,1.02,12.7,19.6,6.9,0.824,0.019,0.916,0.253,1.009,-0.15
2026-08-19 14:31:16.174,chair,0.75,2.255,4.233,4.157,197.8,190.2,7.6,0.642,2.162,3.49,2.394,3.631,2.023
2026-08-19 14:31:16.174,dining table,0.507,1.852,3.514,3.914,166.2,206.2,40.1,0.674,-1.725,3.388,-0.932,3.282,-2.133
2026-08-19 14:31:16.222,chair,0.953,0.824,0.951,1.02,12.7,19.6,6.9,0.824,0.019,0.916,0.253,1.009,-0.15
2026-08-19 14:31:16.223,chair,0.792,2.247,4.231,4.155,198.4,190.8,7.7,0.642,2.153,3.491,2.391,3.632,2.019
2026-08-19 14:31:16.223,dining table,0.541,1.859,3.515,3.917,165.6,205.8,40.2,0.674,-1.732,3.388,-0.935,3.283,-2.137
2026-08-19 14:31:16.272,chair,0.953,0.824,0.951,1.02,12.7,19.6,6.9,0.824,0.019,0.916,0.253,1.009,-0.15
2026-08-19 14:31:16.272,chair,0.792,2.266,4.231,4.155,196.6,188.9,7.7,0.647,2.171,3.491,2.391,3.632,2.019
2026-08-19 14:31:16.273,dining table,0.541,1.911,3.515,3.917,160.4,200.6,40.2,0.693,-1.781,3.388,-0.935,3.283,-2.137
2026-08-19 14:31:16.321,chair,0.953,0.824,0.951,1.02,12.7,19.6,6.9,0.824,0.019,0.916,0.253,1.009,-0.15
2026-08-19 14:31:16.321,chair,0.792,2.266,4.231,4.155,196.6,188.9,7.7,0.647,2.171,3.491,2.391,3.632,2.019
2026-08-19 14:31:16.321,dining table,0.541,1.911,3.515,3.917,160.4,200.6,40.2,0.693,-1.781,3.388,-0.935,3.283,-2.137
2026-08-19 14:31:16.369,chair,0.958,0.824,0.951,1.02,12.7,19.6,6.9,0.824,0.019,0.916,0.253,1.009,-0.15
2026-08-19 14:31:16.370,chair,0.795,2.274,4.233,4.157,195.9,188.3,7.6,0.647,2.18,3.49,2.394,3.631,2.023
2026-08-19 14:31:16.370,dining table,0.534,1.911,3.515,3.917,160.4,200.6,40.2,0.693,-1.781,3.388,-0.935,3.283,-2.137
2026-08-19 14:31:16.419,chair,0.958,0.829,0.951,1.02,12.2,19.1,6.9,0.828,0.02,0.916,0.253,1.009,-0.15
2026-08-19 14:31:16.419,chair,0.795,2.255,4.233,4.157,197.8,190.2,7.6,0.642,2.162,3.49,2.394,3.631,2.023
2026-08-19 14:31:16.420,dining table,0.534,1.925,3.515,3.917,159.0,199.2,40.2,0.698,-1.794,3.388,-0.935,3.283,-2.137
2026-08-19 14:31:16.467,chair,0.958,0.829,0.951,1.02,12.2,19.1,6.9,0.828,0.02,0.916,0.253,1.009,-0.15
2026-08-19 14:31:16.468,chair,0.795,2.255,4.233,4.157,197.8,190.2,7.6,0.642,2.162,3.49,2.394,3.631,2.023
2026-08-19 14:31:16.468,dining table,0.534,1.925,3.515,3.917,159.0,199.2,40.2,0.698,-1.794,3.388,-0.935,3.283,-2.137
2026-08-19 14:31:16.517,chair,0.958,0.827,0.946,1.015,12.0,18.9,6.9,0.826,0.019,0.912,0.252,1.004,-0.15
2026-08-19 14:31:16.518,chair,0.779,2.247,4.231,4.155,198.4,190.8,7.7,0.642,2.153,3.491,2.391,3.632,2.019
2026-08-19 14:31:16.518,dining table,0.535,1.925,3.515,3.917,159.0,199.2,40.2,0.698,-1.794,3.388,-0.935,3.283,-2.137
2026-08-19 14:31:16.566,chair,0.958,0.829,0.946,1.015,11.7,18.6,6.9,0.829,0.019,0.912,0.252,1.004,-0.15
2026-08-19 14:31:16.566,chair,0.779,2.266,4.231,4.155,196.6,188.9,7.7,0.647,2.171,3.491,2.391,3.632,2.019
2026-08-19 14:31:16.566,dining table,0.535,1.925,3.515,3.917,159.0,199.2,40.2,0.698,-1.794,3.388,-0.935,3.283,-2.137
2026-08-19 14:31:16.613,chair,0.958,0.829,0.946,1.015,11.7,18.6,6.9,0.829,0.019,0.912,0.252,1.004,-0.15
2026-08-19 14:31:16.614,chair,0.779,2.266,4.231,4.155,196.6,188.9,7.7,0.647,2.171,3.491,2.391,3.632,2.019
2026-08-19 14:31:16.614,dining table,0.535,1.925,3.515,3.917,159.0,199.2,40.2,0.698,-1.794,3.388,-0.935,3.283,-2.137
2026-08-19 14:31:16.662,chair,0.954,0.829,0.946,1.015,11.7,18.6,6.9,0.829,0.019,0.912,0.252,1.004,-0.15
2026-08-19 14:31:16.663,chair,0.787,2.274,4.233,4.157,195.9,188.3,7.6,0.647,2.18,3.49,2.394,3.631,2.023
2026-08-19 14:31:16.663,dining table,0.634,1.925,3.515,3.917,159.0,199.2,40.2,0.698,-1.794,3.388,-0.935,3.283,-2.137
2026-08-19 14:31:16.711,chair,0.954,0.824,0.946,1.015,12.2,19.1,6.9,0.824,0.019,0.912,0.252,1.004,-0.15
2026-08-19 14:31:16.711,chair,0.787,2.236,4.233,4.157,199.6,192.0,7.6,0.637,2.144,3.49,2.394,3.631,2.023
2026-08-19 14:31:16.712,dining table,0.634,1.871,3.515,3.917,164.4,204.5,40.2,0.679,-1.744,3.388,-0.935,3.283,-2.137
2026-08-19 14:31:16.760,chair,0.953,0.824,0.951,1.02,12.7,19.6,6.9,0.824,0.019,0.916,0.253,1.009,-0.15
2026-08-19 14:31:16.761,chair,0.751,2.229,4.231,4.155,200.3,192.6,7.7,0.637,2.136,3.491,2.391,3.632,2.019
2026-08-19 14:31:16.808,chair,0.953,0.819,0.951,1.02,13.2,20.1,6.9,0.819,0.019,0.916,0.253,1.009,-0.15
2026-08-19 14:31:16.808,chair,0.751,2.247,4.231,4.155,198.4,190.8,7.7,0.642,2.153,3.491,2.391,3.632,2.019
2026-08-19 14:31:16.855,chair,0.953,0.819,0.951,1.02,13.2,20.1,6.9,0.819,0.019,0.916,0.253,1.009,-0.15
2026-08-19 14:31:16.856,chair,0.751,2.247,4.231,4.155,198.4,190.8,7.7,0.642,2.153,3.491,2.391,3.632,2.019
2026-08-19 14:31:16.904,chair,0.961,0.822,0.946,1.015,12.5,19.4,6.9,0.822,0.019,0.912,0.252,1.004,-0.15
2026-08-19 14:31:16.904,chair,0.759,2.274,4.233,4.157,195.9,188.3,7.6,0.647,2.18,3.49,2.394,3.631,2.023
2026-08-19 14:31:16.904,dining table,0.584,1.885,3.515,3.917,163.0,203.2,40.2,0.684,-1.756,3.388,-0.935,3.283,-2.137
2026-08-19 14:31:16.952,chair,0.961,0.822,0.946,1.015,12.5,19.4,6.9,0.822,0.019,0.912,0.252,1.004,-0.15
2026-08-19 14:31:16.953,chair,0.759,2.236,4.233,4.157,199.6,192.0,7.6,0.637,2.144,3.49,2.394,3.631,2.023
2026-08-19 14:31:16.953,dining table,0.584,1.885,3.515,3.917,163.0,203.2,40.2,0.684,-1.756,3.388,-0.935,3.283,-2.137
2026-08-19 14:31:17.001,chair,0.961,0.822,0.946,1.015,12.5,19.4,6.9,0.822,0.019,0.912,0.252,1.004,-0.15
2026-08-19 14:31:17.001,chair,0.759,2.236,4.233,4.157,199.6,192.0,7.6,0.637,2.144,3.49,2.394,3.631,2.023
2026-08-19 14:31:17.002,dining table,0.584,1.885,3.515,3.917,163.0,203.2,40.2,0.684,-1.756,3.388,-0.935,3.283,-2.137
2026-08-19 14:31:17.050,chair,0.958,0.822,0.946,1.015,12.5,19.4,6.9,0.822,0.019,0.912,0.252,1.004,-0.15
2026-08-19 14:31:17.050,chair,0.675,2.236,4.233,4.157,199.6,192.0,7.6,0.637,2.144,3.49,2.394,3.631,2.023
2026-08-19 14:31:17.051,dining table,0.512,1.878,3.514,3.914,163.6,203.6,40.1,0.684,-1.749,3.388,-0.932,3.282,-2.133
2026-08-19 14:31:17.099,chair,0.958,0.829,0.946,1.015,11.7,18.6,6.9,0.829,0.019,0.912,0.252,1.004,-0.15
2026-08-19 14:31:17.100,chair,0.675,2.255,4.233,4.157,197.8,190.2,7.6,0.642,2.162,3.49,2.394,3.631,2.023
2026-08-19 14:31:17.100,dining table,0.512,1.891,3.514,3.914,162.2,202.3,40.1,0.689,-1.762,3.388,-0.932,3.282,-2.133
2026-08-19 14:31:17.147,chair,0.958,0.829,0.946,1.015,11.7,18.6,6.9,0.829,0.019,0.912,0.252,1.004,-0.15
2026-08-19 14:31:17.148,chair,0.675,2.255,4.233,4.157,197.8,190.2,7.6,0.642,2.162,3.49,2.394,3.631,2.023
2026-08-19 14:31:17.148,dining table,0.512,1.891,3.514,3.914,162.2,202.3,40.1,0.689,-1.762,3.388,-0.932,3.282,-2.133
2026-08-19 14:31:17.197,chair,0.955,0.829,0.951,1.02,12.2,19.1,6.9,0.828,0.02,0.916,0.253,1.009,-0.15
2026-08-19 14:31:17.197,chair,0.694,2.255,4.233,4.157,197.8,190.2,7.6,0.642,2.162,3.49,2.394,3.631,2.023
2026-08-19 14:31:17.198,dining table,0.509,1.891,3.514,3.914,162.2,202.3,40.1,0.689,-1.762,3.388,-0.932,3.282,-2.133
2026-08-19 14:31:17.253,chair,0.955,0.824,0.951,1.02,12.7,19.6,6.9,0.824,0.019,0.916,0.253,1.009,-0.15
2026-08-19 14:31:17.254,chair,0.694,2.274,4.233,4.157,195.9,188.3,7.6,0.647,2.18,3.49,2.394,3.631,2.023
2026-08-19 14:31:17.254,dining table,0.509,1.905,3.514,3.914,160.9,201.0,40.1,0.693,-1.774,3.388,-0.932,3.282,-2.133
2026-08-19 14:31:17.303,chair,0.957,0.824,0.951,1.019,12.7,19.6,6.9,0.824,0.019,0.916,0.254,1.008,-0.149
2026-08-19 14:31:17.304,chair,0.69,2.274,4.233,4.157,195.9,188.3,7.6,0.647,2.18,3.49,2.394,3.631,2.023
2026-08-19 14:31:17.304,dining table,0.644,1.905,3.514,3.914,160.9,201.0,40.1,0.693,-1.774,3.388,-0.932,3.282,-2.133
2026-08-19 14:31:17.351,chair,0.957,0.826,0.951,1.019,12.5,19.3,6.9,0.826,0.019,0.916,0.254,1.008,-0.149
2026-08-19 14:31:17.352,chair,0.69,2.255,4.233,4.157,197.8,190.2,7.6,0.642,2.162,3.49,2.394,3.631,2.023
2026-08-19 14:31:17.352,dining table,0.644,1.878,3.514,3.914,163.6,203.6,40.1,0.684,-1.749,3.388,-0.932,3.282,-2.133
2026-08-19 14:31:17.400,chair,0.957,0.826,0.951,1.019,12.5,19.3,6.9,0.826,0.019,0.916,0.254,1.008,-0.149
2026-08-19 14:31:17.400,chair,0.69,2.255,4.233,4.157,197.8,190.2,7.6,0.642,2.162,3.49,2.394,3.631,2.023
2026-08-19 14:31:17.401,dining table,0.644,1.878,3.514,3.914,163.6,203.6,40.1,0.684,-1.749,3.388,-0.932,3.282,-2.133
2026-08-19 14:31:17.448,chair,0.928,0.827,0.947,1.015,12.0,18.8,6.8,0.826,0.022,0.912,0.255,1.004,-0.147
2026-08-19 14:31:17.449,dining table,0.659,1.878,3.514,3.914,163.6,203.6,40.1,0.684,-1.749,3.388,-0.932,3.282,-2.133
2026-08-19 14:31:17.449,chair,0.634,2.255,4.233,4.157,197.8,190.2,7.6,0.642,2.162,3.49,2.394,3.631,2.023
2026-08-19 14:31:17.497,chair,0.928,0.824,0.947,1.015,12.2,19.1,6.8,0.824,0.022,0.912,0.255,1.004,-0.147
2026-08-19 14:31:17.498,dining table,0.659,1.905,3.514,3.914,160.9,201.0,40.1,0.693,-1.774,3.388,-0.932,3.282,-2.133
2026-08-19 14:31:17.498,chair,0.634,2.274,4.233,4.157,195.9,188.3,7.6,0.647,2.18,3.49,2.394,3.631,2.023
2026-08-19 14:31:17.545,chair,0.928,0.824,0.947,1.015,12.2,19.1,6.8,0.824,0.022,0.912,0.255,1.004,-0.147
2026-08-19 14:31:17.546,dining table,0.659,1.905,3.514,3.914,160.9,201.0,40.1,0.693,-1.774,3.388,-0.932,3.282,-2.133
2026-08-19 14:31:17.546,chair,0.634,2.274,4.233,4.157,195.9,188.3,7.6,0.647,2.18,3.49,2.394,3.631,2.023
2026-08-19 14:31:17.594,chair,0.955,0.824,0.951,1.019,12.7,19.6,6.9,0.824,0.019,0.916,0.254,1.008,-0.149
2026-08-19 14:31:17.595,chair,0.753,2.274,4.233,4.157,195.9,188.3,7.6,0.647,2.18,3.49,2.394,3.631,2.023
2026-08-19 14:31:17.643,chair,0.955,0.826,0.951,1.019,12.5,19.3,6.9,0.826,0.019,0.916,0.254,1.008,-0.149
2026-08-19 14:31:17.643,chair,0.753,2.312,4.233,4.157,192.1,184.5,7.6,0.658,2.216,3.49,2.394,3.631,2.023
2026-08-19 14:31:17.691,chair,0.955,0.826,0.951,1.019,12.5,19.3,6.9,0.826,0.019,0.916,0.254,1.008,-0.149
2026-08-19 14:31:17.691,chair,0.753,2.312,4.233,4.157,192.1,184.5,7.6,0.658,2.216,3.49,2.394,3.631,2.023
2026-08-19 14:31:17.739,chair,0.959,0.827,0.946,1.015,12.0,18.9,6.9,0.826,0.019,0.912,0.252,1.004,-0.15
2026-08-19 14:31:17.740,chair,0.775,2.312,4.233,4.157,192.1,184.5,7.6,0.658,2.216,3.49,2.394,3.631,2.023
2026-08-19 14:31:17.788,chair,0.959,0.829,0.946,1.015,11.7,18.6,6.9,0.829,0.019,0.912,0.252,1.004,-0.15
2026-08-19 14:31:17.788,chair,0.775,2.255,4.233,4.157,197.8,190.2,7.6,0.642,2.162,3.49,2.394,3.631,2.023
2026-08-19 14:31:17.837,chair,0.951,0.829,0.951,1.02,12.2,19.1,6.9,0.828,0.02,0.916,0.253,1.009,-0.15
2026-08-19 14:31:17.837,chair,0.642,2.255,4.233,4.157,197.8,190.2,7.6,0.642,2.162,3.49,2.394,3.631,2.023
2026-08-19 14:31:17.838,dining table,0.576,1.891,3.514,3.914,162.2,202.3,40.1,0.689,-1.762,3.388,-0.932,3.282,-2.133
2026-08-19 14:31:17.897,chair,0.951,0.829,0.951,1.02,12.2,19.1,6.9,0.828,0.02,0.916,0.253,1.009,-0.15
2026-08-19 14:31:17.898,chair,0.642,2.293,4.233,4.157,194.0,186.4,7.6,0.653,2.198,3.49,2.394,3.631,2.023
2026-08-19 14:31:17.898,dining table,0.576,1.878,3.514,3.914,163.6,203.6,40.1,0.684,-1.749,3.388,-0.932,3.282,-2.133
2026-08-19 14:31:17.946,chair,0.951,0.829,0.951,1.02,12.2,19.1,6.9,0.828,0.02,0.916,0.253,1.009,-0.15
2026-08-19 14:31:17.947,chair,0.642,2.293,4.233,4.157,194.0,186.4,7.6,0.653,2.198,3.49,2.394,3.631,2.023
2026-08-19 14:31:17.947,dining table,0.576,1.878,3.514,3.914,163.6,203.6,40.1,0.684,-1.749,3.388,-0.932,3.282,-2.133
2026-08-19 14:31:17.996,chair,0.958,0.827,0.946,1.015,12.0,18.9,6.9,0.826,0.019,0.912,0.252,1.004,-0.15
2026-08-19 14:31:17.997,chair,0.758,2.293,4.233,4.157,194.0,186.4,7.6,0.653,2.198,3.49,2.394,3.631,2.023
2026-08-19 14:31:17.997,dining table,0.57,1.885,3.515,3.917,163.0,203.2,40.2,0.684,-1.756,3.388,-0.935,3.283,-2.137
2026-08-19 14:31:18.046,chair,0.958,0.827,0.946,1.015,12.0,18.9,6.9,0.826,0.019,0.912,0.252,1.004,-0.15
2026-08-19 14:31:18.046,chair,0.758,2.255,4.233,4.157,197.8,190.2,7.6,0.642,2.162,3.49,2.394,3.631,2.023
2026-08-19 14:31:18.046,dining table,0.57,1.938,3.515,3.917,157.7,197.8,40.2,0.703,-1.806,3.388,-0.935,3.283,-2.137
2026-08-19 14:31:18.111,chair,0.958,0.827,0.946,1.015,12.0,18.9,6.9,0.826,0.019,0.912,0.252,1.004,-0.15
2026-08-19 14:31:18.112,chair,0.758,2.255,4.233,4.157,197.8,190.2,7.6,0.642,2.162,3.49,2.394,3.631,2.023
2026-08-19 14:31:18.112,dining table,0.57,1.938,3.515,3.917,157.7,197.8,40.2,0.703,-1.806,3.388,-0.935,3.283,-2.137
2026-08-19 14:31:18.162,chair,0.956,0.827,0.946,1.015,12.0,18.9,6.9,0.826,0.019,0.912,0.252,1.004,-0.15
2026-08-19 14:31:18.163,chair,0.669,2.255,4.233,4.157,197.8,190.2,7.6,0.642,2.162,3.49,2.394,3.631,2.023
2026-08-19 14:31:18.163,dining table,0.551,1.932,3.514,3.914,158.2,198.3,40.1,0.703,-1.799,3.388,-0.932,3.282,-2.133
2026-08-19 14:31:18.211,chair,0.956,0.827,0.946,1.015,12.0,18.9,6.9,0.826,0.019,0.912,0.252,1.004,-0.15
2026-08-19 14:31:18.211,chair,0.669,2.274,4.233,4.157,195.9,188.3,7.6,0.647,2.18,3.49,2.394,3.631,2.023
2026-08-19 14:31:18.211,dining table,0.551,1.852,3.514,3.914,166.2,206.2,40.1,0.674,-1.725,3.388,-0.932,3.282,-2.133
2026-08-19 14:31:18.259,chair,0.956,0.827,0.946,1.015,12.0,18.9,6.9,0.826,0.019,0.912,0.252,1.004,-0.15
2026-08-19 14:31:18.259,chair,0.669,2.274,4.233,4.157,195.9,188.3,7.6,0.647,2.18,3.49,2.394,3.631,2.023
2026-08-19 14:31:18.260,dining table,0.551,1.852,3.514,3.914,166.2,206.2,40.1,0.674,-1.725,3.388,-0.932,3.282,-2.133
2026-08-19 14:31:18.308,chair,0.957,0.826,0.951,1.02,12.4,19.3,6.9,0.826,0.019,0.916,0.253,1.009,-0.15
2026-08-19 14:31:18.309,chair,0.762,2.274,4.233,4.157,195.9,188.3,7.6,0.647,2.18,3.49,2.394,3.631,2.023
2026-08-19 14:31:18.356,chair,0.957,0.829,0.951,1.02,12.2,19.1,6.9,0.828,0.02,0.916,0.253,1.009,-0.15
2026-08-19 14:31:18.357,chair,0.762,2.236,4.233,4.157,199.6,192.0,7.6,0.637,2.144,3.49,2.394,3.631,2.023
2026-08-19 14:31:18.404,chair,0.957,0.829,0.951,1.02,12.2,19.1,6.9,0.828,0.02,0.916,0.253,1.009,-0.15
2026-08-19 14:31:18.404,chair,0.762,2.236,4.233,4.157,199.6,192.0,7.6,0.637,2.144,3.49,2.394,3.631,2.023
2026-08-19 14:31:18.453,chair,0.954,0.829,0.951,1.02,12.2,19.1,6.9,0.828,0.02,0.916,0.253,1.009,-0.15
2026-08-19 14:31:18.453,chair,0.756,2.236,4.233,4.157,199.6,192.0,7.6,0.637,2.144,3.49,2.394,3.631,2.023
2026-08-19 14:31:18.453,dining table,0.575,1.885,3.515,3.917,163.0,203.2,40.2,0.684,-1.756,3.388,-0.935,3.283,-2.137
2026-08-19 14:31:18.501,chair,0.954,0.824,0.951,1.02,12.7,19.6,6.9,0.824,0.019,0.916,0.253,1.009,-0.15
2026-08-19 14:31:18.502,chair,0.756,2.274,4.233,4.157,195.9,188.3,7.6,0.647,2.18,3.49,2.394,3.631,2.023
2026-08-19 14:31:18.502,dining table,0.575,1.898,3.515,3.917,161.7,201.9,40.2,0.689,-1.769,3.388,-0.935,3.283,-2.137
2026-08-19 14:31:18.551,chair,0.954,0.824,0.951,1.02,12.7,19.6,6.9,0.824,0.019,0.916,0.253,1.009,-0.15
2026-08-19 14:31:18.551,chair,0.756,2.274,4.233,4.157,195.9,188.3,7.6,0.647,2.18,3.49,2.394,3.631,2.023
2026-08-19 14:31:18.552,dining table,0.575,1.898,3.515,3.917,161.7,201.9,40.2,0.689,-1.769,3.388,-0.935,3.283,-2.137
2026-08-19 14:31:18.615,chair,0.948,0.824,0.951,1.02,12.7,19.6,6.9,0.824,0.019,0.916,0.253,1.009,-0.15
2026-08-19 14:31:18.616,chair,0.693,2.274,4.233,4.157,195.9,188.3,7.6,0.647,2.18,3.49,2.394,3.631,2.023
2026-08-19 14:31:18.616,dining table,0.581,1.891,3.514,3.914,162.2,202.3,40.1,0.689,-1.762,3.388,-0.932,3.282,-2.133
2026-08-19 14:31:18.677,chair,0.948,0.824,0.951,1.02,12.7,19.6,6.9,0.824,0.019,0.916,0.253,1.009,-0.15
2026-08-19 14:31:18.677,chair,0.693,2.293,4.233,4.157,194.0,186.4,7.6,0.653,2.198,3.49,2.394,3.631,2.023
2026-08-19 14:31:18.678,dining table,0.581,1.865,3.514,3.914,164.9,204.9,40.1,0.679,-1.737,3.388,-0.932,3.282,-2.133
2026-08-19 14:31:18.726,chair,0.948,0.824,0.951,1.02,12.7,19.6,6.9,0.824,0.019,0.916,0.253,1.009,-0.15
2026-08-19 14:31:18.727,chair,0.693,2.293,4.233,4.157,194.0,186.4,7.6,0.653,2.198,3.49,2.394,3.631,2.023
2026-08-19 14:31:18.727,dining table,0.581,1.865,3.514,3.914,164.9,204.9,40.1,0.679,-1.737,3.388,-0.932,3.282,-2.133
2026-08-19 14:31:18.776,chair,0.957,0.824,0.951,1.02,12.7,19.6,6.9,0.824,0.019,0.916,0.253,1.009,-0.15
2026-08-19 14:31:18.776,chair,0.701,2.293,4.233,4.157,194.0,186.4,7.6,0.653,2.198,3.49,2.394,3.631,2.023
2026-08-19 14:31:18.777,dining table,0.598,1.859,3.515,3.917,165.6,205.8,40.2,0.674,-1.732,3.388,-0.935,3.283,-2.137
2026-08-19 14:31:18.825,chair,0.957,0.826,0.951,1.02,12.4,19.3,6.9,0.826,0.019,0.916,0.253,1.009,-0.15
2026-08-19 14:31:18.826,chair,0.701,2.236,4.233,4.157,199.6,192.0,7.6,0.637,2.144,3.49,2.394,3.631,2.023
2026-08-19 14:31:18.826,dining table,0.598,1.885,3.515,3.917,163.0,203.2,40.2,0.684,-1.756,3.388,-0.935,3.283,-2.137
2026-08-19 14:31:18.874,chair,0.957,0.826,0.951,1.02,12.4,19.3,6.9,0.826,0.019,0.916,0.253,1.009,-0.15
2026-08-19 14:31:18.874,chair,0.701,2.236,4.233,4.157,199.6,192.0,7.6,0.637,2.144,3.49,2.394,3.631,2.023
2026-08-19 14:31:18.874,dining table,0.598,1.885,3.515,3.917,163.0,203.2,40.2,0.684,-1.756,3.388,-0.935,3.283,-2.137
2026-08-19 14:31:18.923,chair,0.959,0.827,0.946,1.015,12.0,18.9,6.9,0.826,0.019,0.912,0.252,1.004,-0.15
2026-08-19 14:31:18.923,chair,0.768,2.239,4.193,4.12,195.4,188.2,7.2,0.644,2.144,3.456,2.374,3.599,2.006
2026-08-19 14:31:18.924,dining table,0.505,1.878,3.514,3.914,163.6,203.6,40.1,0.684,-1.749,3.388,-0.932,3.282,-2.133
2026-08-19 14:31:18.973,chair,0.959,0.824,0.946,1.015,12.2,19.1,6.9,0.824,0.019,0.912,0.252,1.004,-0.15
2026-08-19 14:31:18.973,chair,0.768,2.276,4.193,4.12,191.7,184.5,7.2,0.655,2.18,3.456,2.374,3.599,2.006
2026-08-19 14:31:18.973,dining table,0.505,1.865,3.514,3.914,164.9,204.9,40.1,0.679,-1.737,3.388,-0.932,3.282,-2.133
2026-08-19 14:31:19.022,chair,0.959,0.824,0.946,1.015,12.2,19.1,6.9,0.824,0.019,0.912,0.252,1.004,-0.15
2026-08-19 14:31:19.022,chair,0.768,2.276,4.193,4.12,191.7,184.5,7.2,0.655,2.18,3.456,2.374,3.599,2.006
2026-08-19 14:31:19.022,dining table,0.505,1.865,3.514,3.914,164.9,204.9,40.1,0.679,-1.737,3.388,-0.932,3.282,-2.133
2026-08-19 14:31:19.070,chair,0.955,0.824,0.951,1.02,12.7,19.6,6.9,0.824,0.019,0.916,0.253,1.009,-0.15
2026-08-19 14:31:19.071,chair,0.779,2.293,4.233,4.157,194.0,186.4,7.6,0.653,2.198,3.49,2.394,3.631,2.023
2026-08-19 14:31:19.071,dining table,0.519,1.865,3.514,3.914,164.9,204.9,40.1,0.679,-1.737,3.388,-0.932,3.282,-2.133
2026-08-19 14:31:19.119,chair,0.955,0.824,0.951,1.02,12.7,19.6,6.9,0.824,0.019,0.916,0.253,1.009,-0.15
2026-08-19 14:31:19.120,chair,0.779,2.274,4.233,4.157,195.9,188.3,7.6,0.647,2.18,3.49,2.394,3.631,2.023
2026-08-19 14:31:19.120,dining table,0.519,1.891,3.514,3.914,162.2,202.3,40.1,0.689,-1.762,3.388,-0.932,3.282,-2.133
2026-08-19 14:31:19.168,chair,0.955,0.824,0.951,1.02,12.7,19.6,6.9,0.824,0.019,0.916,0.253,1.009,-0.15
2026-08-19 14:31:19.168,chair,0.779,2.274,4.233,4.157,195.9,188.3,7.6,0.647,2.18,3.49,2.394,3.631,2.023
2026-08-19 14:31:19.168,dining table,0.519,1.891,3.514,3.914,162.2,202.3,40.1,0.689,-1.762,3.388,-0.932,3.282,-2.133
2026-08-19 14:31:19.217,chair,0.956,0.824,0.951,1.02,12.7,19.6,6.9,0.824,0.019,0.916,0.253,1.009,-0.15
2026-08-19 14:31:19.217,chair,0.598,2.274,4.233,4.157,195.9,188.3,7.6,0.647,2.18,3.49,2.394,3.631,2.023
2026-08-19 14:31:19.218,dining table,0.562,1.891,3.514,3.914,162.2,202.3,40.1,0.689,-1.762,3.388,-0.932,3.282,-2.133
2026-08-19 14:31:19.267,chair,0.956,0.829,0.951,1.02,12.2,19.1,6.9,0.828,0.02,0.916,0.253,1.009,-0.15
2026-08-19 14:31:19.267,chair,0.598,2.274,4.233,4.157,195.9,188.3,7.6,0.647,2.18,3.49,2.394,3.631,2.023
2026-08-19 14:31:19.268,dining table,0.562,1.891,3.514,3.914,162.2,202.3,40.1,0.689,-1.762,3.388,-0.932,3.282,-2.133
2026-08-19 14:31:19.316,chair,0.951,0.829,0.951,1.02,12.2,19.1,6.9,0.828,0.02,0.916,0.253,1.009,-0.15
2026-08-19 14:31:19.316,dining table,0.608,1.885,3.515,3.917,163.0,203.2,40.2,0.684,-1.756,3.388,-0.935,3.283,-2.137
2026-08-19 14:31:19.317,chair,0.581,2.274,4.233,4.157,195.9,188.3,7.6,0.647,2.18,3.49,2.394,3.631,2.023
2026-08-19 14:31:19.364,chair,0.951,0.829,0.951,1.02,12.2,19.1,6.9,0.828,0.02,0.916,0.253,1.009,-0.15
2026-08-19 14:31:19.365,dining table,0.608,1.898,3.515,3.917,161.7,201.9,40.2,0.689,-1.769,3.388,-0.935,3.283,-2.137
2026-08-19 14:31:19.365,chair,0.581,2.255,4.233,4.157,197.8,190.2,7.6,0.642,2.162,3.49,2.394,3.631,2.023
2026-08-19 14:31:19.413,chair,0.951,0.829,0.951,1.02,12.2,19.1,6.9,0.828,0.02,0.916,0.253,1.009,-0.15
2026-08-19 14:31:19.414,dining table,0.608,1.898,3.515,3.917,161.7,201.9,40.2,0.689,-1.769,3.388,-0.935,3.283,-2.137
2026-08-19 14:31:19.414,chair,0.581,2.255,4.233,4.157,197.8,190.2,7.6,0.642,2.162,3.49,2.394,3.631,2.023
2026-08-19 14:31:19.462,chair,0.957,0.827,0.946,1.015,12.0,18.9,6.9,0.826,0.019,0.912,0.252,1.004,-0.15
2026-08-19 14:31:19.463,chair,0.593,2.257,4.193,4.12,193.6,186.3,7.2,0.65,2.162,3.456,2.374,3.599,2.006
2026-08-19 14:31:19.463,dining table,0.527,1.898,3.515,3.917,161.7,201.9,40.2,0.689,-1.769,3.388,-0.935,3.283,-2.137
2026-08-19 14:31:19.512,chair,0.957,0.827,0.946,1.015,12.0,18.9,6.9,0.826,0.019,0.912,0.252,1.004,-0.15
2026-08-19 14:31:19.512,chair,0.593,2.257,4.193,4.12,193.6,186.3,7.2,0.65,2.162,3.456,2.374,3.599,2.006
2026-08-19 14:31:19.513,dining table,0.527,1.885,3.515,3.917,163.0,203.2,40.2,0.684,-1.756,3.388,-0.935,3.283,-2.137
2026-08-19 14:31:19.562,chair,0.957,0.827,0.946,1.015,12.0,18.9,6.9,0.826,0.019,0.912,0.252,1.004,-0.15
2026-08-19 14:31:19.562,chair,0.593,2.257,4.193,4.12,193.6,186.3,7.2,0.65,2.162,3.456,2.374,3.599,2.006
2026-08-19 14:31:19.563,dining table,0.527,1.885,3.515,3.917,163.0,203.2,40.2,0.684,-1.756,3.388,-0.935,3.283,-2.137
2026-08-19 14:31:19.611,chair,0.955,0.829,0.951,1.02,12.2,19.1,6.9,0.828,0.02,0.916,0.253,1.009,-0.15
2026-08-19 14:31:19.612,chair,0.73,2.255,4.233,4.157,197.8,190.2,7.6,0.642,2.162,3.49,2.394,3.631,2.023
2026-08-19 14:31:19.612,dining table,0.581,1.885,3.515,3.917,163.0,203.2,40.2,0.684,-1.756,3.388,-0.935,3.283,-2.137
2026-08-19 14:31:19.660,chair,0.955,0.826,0.951,1.02,12.4,19.3,6.9,0.826,0.019,0.916,0.253,1.009,-0.15
2026-08-19 14:31:19.660,chair,0.73,2.236,4.233,4.157,199.6,192.0,7.6,0.637,2.144,3.49,2.394,3.631,2.023
2026-08-19 14:31:19.660,dining table,0.581,1.885,3.515,3.917,163.0,203.2,40.2,0.684,-1.756,3.388,-0.935,3.283,-2.137
2026-08-19 14:31:19.708,chair,0.955,0.826,0.951,1.02,12.4,19.3,6.9,0.826,0.019,0.916,0.253,1.009,-0.15
2026-08-19 14:31:19.709,chair,0.73,2.236,4.233,4.157,199.6,192.0,7.6,0.637,2.144,3.49,2.394,3.631,2.023
2026-08-19 14:31:19.709,dining table,0.581,1.885,3.515,3.917,163.0,203.2,40.2,0.684,-1.756,3.388,-0.935,3.283,-2.137
2026-08-19 14:31:19.758,chair,0.956,0.827,0.946,1.015,12.0,18.9,6.9,0.826,0.019,0.912,0.252,1.004,-0.15
2026-08-19 14:31:19.759,chair,0.8,2.236,4.233,4.157,199.6,192.0,7.6,0.637,2.144,3.49,2.394,3.631,2.023
2026-08-19 14:31:19.759,dining table,0.54,1.878,3.514,3.914,163.6,203.6,40.1,0.684,-1.749,3.388,-0.932,3.282,-2.133
2026-08-19 14:31:19.808,chair,0.956,0.827,0.946,1.015,12.0,18.9,6.9,0.826,0.019,0.912,0.252,1.004,-0.15
2026-08-19 14:31:19.808,chair,0.8,2.219,4.233,4.157,201.4,193.8,7.6,0.631,2.127,3.49,2.394,3.631,2.023
2026-08-19 14:31:19.809,dining table,0.54,1.865,3.514,3.914,164.9,204.9,40.1,0.679,-1.737,3.388,-0.932,3.282,-2.133
2026-08-19 14:31:19.857,chair,0.956,0.829,0.951,1.02,12.2,19.1,6.9,0.828,0.02,0.916,0.253,1.009,-0.15
2026-08-19 14:31:19.857,chair,0.768,2.221,4.193,4.12,197.2,190.0,7.2,0.639,2.127,3.456,2.374,3.599,2.006
2026-08-19 14:31:19.858,dining table,0.547,1.865,3.514,3.914,164.9,204.9,40.1,0.679,-1.737,3.388,-0.932,3.282,-2.133
2026-08-19 14:31:19.906,chair,0.956,0.829,0.951,1.02,12.2,19.1,6.9,0.828,0.02,0.916,0.253,1.009,-0.15
2026-08-19 14:31:19.907,chair,0.768,2.276,4.193,4.12,191.7,184.5,7.2,0.655,2.18,3.456,2.374,3.599,2.006
2026-08-19 14:31:19.907,dining table,0.547,1.865,3.514,3.914,164.9,204.9,40.1,0.679,-1.737,3.388,-0.932,3.282,-2.133
2026-08-19 14:31:19.955,chair,0.956,0.829,0.951,1.02,12.2,19.1,6.9,0.828,0.02,0.916,0.253,1.009,-0.15
2026-08-19 14:31:19.956,chair,0.768,2.276,4.193,4.12,191.7,184.5,7.2,0.655,2.18,3.456,2.374,3.599,2.006
2026-08-19 14:31:19.956,dining table,0.547,1.865,3.514,3.914,164.9,204.9,40.1,0.679,-1.737,3.388,-0.932,3.282,-2.133
2026-08-19 14:31:20.022,chair,0.957,0.827,0.946,1.015,12.0,18.9,6.9,0.826,0.019,0.912,0.252,1.004,-0.15
2026-08-19 14:31:20.023,chair,0.764,2.274,4.233,4.157,195.9,188.3,7.6,0.647,2.18,3.49,2.394,3.631,2.023
2026-08-19 14:31:20.023,dining table,0.609,1.865,3.514,3.914,164.9,204.9,40.1,0.679,-1.737,3.388,-0.932,3.282,-2.133
2026-08-19 14:31:20.073,chair,0.957,0.824,0.946,1.015,12.2,19.1,6.9,0.824,0.019,0.912,0.252,1.004,-0.15
2026-08-19 14:31:20.073,chair,0.764,2.255,4.233,4.157,197.8,190.2,7.6,0.642,2.162,3.49,2.394,3.631,2.023
2026-08-19 14:31:20.074,dining table,0.609,1.891,3.514,3.914,162.2,202.3,40.1,0.689,-1.762,3.388,-0.932,3.282,-2.133
2026-08-19 14:31:20.122,chair,0.957,0.824,0.946,1.015,12.2,19.1,6.9,0.824,0.019,0.912,0.252,1.004,-0.15
2026-08-19 14:31:20.122,chair,0.764,2.255,4.233,4.157,197.8,190.2,7.6,0.642,2.162,3.49,2.394,3.631,2.023
2026-08-19 14:31:20.123,dining table,0.609,1.891,3.514,3.914,162.2,202.3,40.1,0.689,-1.762,3.388,-0.932,3.282,-2.133
2026-08-19 14:31:20.171,chair,0.956,0.824,0.946,1.015,12.2,19.1,6.9,0.824,0.019,0.912,0.252,1.004,-0.15
2026-08-19 14:31:20.171,chair,0.846,2.239,4.193,4.12,195.4,188.2,7.2,0.644,2.144,3.456,2.374,3.599,2.006
2026-08-19 14:31:20.172,dining table,0.556,1.891,3.514,3.914,162.2,202.3,40.1,0.689,-1.762,3.388,-0.932,3.282,-2.133
2026-08-19 14:31:20.221,chair,0.956,0.827,0.946,1.015,12.0,18.9,6.9,0.826,0.019,0.912,0.252,1.004,-0.15
2026-08-19 14:31:20.221,chair,0.846,2.257,4.193,4.12,193.6,186.3,7.2,0.65,2.162,3.456,2.374,3.599,2.006
2026-08-19 14:31:20.222,dining table,0.556,1.891,3.514,3.914,162.2,202.3,40.1,0.689,-1.762,3.388,-0.932,3.282,-2.133
2026-08-19 14:31:20.269,chair,0.956,0.827,0.946,1.015,12.0,18.9,6.9,0.826,0.019,0.912,0.252,1.004,-0.15
2026-08-19 14:31:20.270,chair,0.846,2.257,4.193,4.12,193.6,186.3,7.2,0.65,2.162,3.456,2.374,3.599,2.006
2026-08-19 14:31:20.270,dining table,0.556,1.891,3.514,3.914,162.2,202.3,40.1,0.689,-1.762,3.388,-0.932,3.282,-2.133
2026-08-19 14:31:20.336,chair,0.952,0.826,0.951,1.02,12.4,19.3,6.9,0.826,0.019,0.916,0.253,1.009,-0.15
2026-08-19 14:31:20.337,chair,0.816,2.257,4.193,4.12,193.6,186.3,7.2,0.65,2.162,3.456,2.374,3.599,2.006
2026-08-19 14:31:20.338,dining table,0.59,1.898,3.515,3.917,161.7,201.9,40.2,0.689,-1.769,3.388,-0.935,3.283,-2.137
2026-08-19 14:31:20.388,chair,0.952,0.821,0.951,1.02,12.9,19.8,6.9,0.821,0.019,0.916,0.253,1.009,-0.15
2026-08-19 14:31:20.389,chair,0.816,2.276,4.193,4.12,191.7,184.5,7.2,0.655,2.18,3.456,2.374,3.599,2.006
2026-08-19 14:31:20.389,dining table,0.59,1.871,3.515,3.917,164.4,204.5,40.2,0.679,-1.744,3.388,-0.935,3.283,-2.137
2026-08-19 14:31:20.437,chair,0.952,0.821,0.951,1.02,12.9,19.8,6.9,0.821,0.019,0.916,0.253,1.009,-0.15
2026-08-19 14:31:20.437,chair,0.816,2.276,4.193,4.12,191.7,184.5,7.2,0.655,2.18,3.456,2.374,3.599,2.006
2026-08-19 14:31:20.437,dining table,0.59,1.871,3.515,3.917,164.4,204.5,40.2,0.679,-1.744,3.388,-0.935,3.283,-2.137
2026-08-19 14:31:20.486,chair,0.959,0.822,0.946,1.015,12.5,19.4,6.9,0.822,0.019,0.912,0.252,1.004,-0.15
2026-08-19 14:31:20.487,chair,0.839,2.274,4.233,4.157,195.9,188.3,7.6,0.647,2.18,3.49,2.394,3.631,2.023
2026-08-19 14:31:20.487,dining table,0.636,1.874,3.485,3.886,161.1,201.2,40.1,0.686,-1.744,3.359,-0.928,3.255,-2.123
2026-08-19 14:31:20.535,chair,0.959,0.831,0.946,1.015,11.5,18.4,6.9,0.831,0.02,0.912,0.252,1.004,-0.15
2026-08-19 14:31:20.536,chair,0.839,2.255,4.233,4.157,197.8,190.2,7.6,0.642,2.162,3.49,2.394,3.631,2.023
2026-08-19 14:31:20.536,dining table,0.636,1.887,3.485,3.886,159.8,199.9,40.1,0.69,-1.756,3.359,-0.928,3.255,-2.123
2026-08-19 14:31:20.585,chair,0.952,0.831,0.946,1.015,11.5,18.4,6.9,0.831,0.02,0.912,0.252,1.004,-0.15
2026-08-19 14:31:20.585,chair,0.824,2.255,4.233,4.157,197.8,190.2,7.6,0.642,2.162,3.49,2.394,3.631,2.023
2026-08-19 14:31:20.585,dining table,0.622,1.887,3.485,3.886,159.8,199.9,40.1,0.69,-1.756,3.359,-0.928,3.255,-2.123
2026-08-19 14:31:20.633,chair,0.952,0.824,0.946,1.015,12.2,19.1,6.9,0.824,0.019,0.912,0.252,1.004,-0.15
2026-08-19 14:31:20.634,chair,0.824,2.255,4.233,4.157,197.8,190.2,7.6,0.642,2.162,3.49,2.394,3.631,2.023
2026-08-19 14:31:20.634,dining table,0.622,1.887,3.485,3.886,159.8,199.9,40.1,0.69,-1.756,3.359,-0.928,3.255,-2.123
2026-08-19 14:31:20.682,chair,0.952,0.824,0.946,1.015,12.2,19.1,6.9,0.824,0.019,0.912,0.252,1.004,-0.15
2026-08-19 14:31:20.683,chair,0.824,2.255,4.233,4.157,197.8,190.2,7.6,0.642,2.162,3.49,2.394,3.631,2.023
2026-08-19 14:31:20.683,dining table,0.622,1.887,3.485,3.886,159.8,199.9,40.1,0.69,-1.756,3.359,-0.928,3.255,-2.123
2026-08-19 14:31:20.732,chair,0.957,0.824,0.946,1.015,12.2,19.1,6.9,0.824,0.019,0.912,0.252,1.004,-0.15
2026-08-19 14:31:20.733,chair,0.819,2.255,4.233,4.157,197.8,190.2,7.6,0.642,2.162,3.49,2.394,3.631,2.023
2026-08-19 14:31:20.733,dining table,0.515,1.887,3.485,3.886,159.8,199.9,40.1,0.69,-1.756,3.359,-0.928,3.255,-2.123
2026-08-19 14:31:20.781,chair,0.957,0.829,0.946,1.015,11.7,18.6,6.9,0.829,0.019,0.912,0.252,1.004,-0.15
2026-08-19 14:31:20.782,chair,0.819,2.255,4.233,4.157,197.8,190.2,7.6,0.642,2.162,3.49,2.394,3.631,2.023
2026-08-19 14:31:20.782,dining table,0.515,1.887,3.485,3.886,159.8,199.9,40.1,0.69,-1.756,3.359,-0.928,3.255,-2.123
2026-08-19 14:31:20.833,chair,0.957,0.829,0.946,1.015,11.7,18.6,6.9,0.829,0.019,0.912,0.252,1.004,-0.15
2026-08-19 14:31:20.834,chair,0.819,2.255,4.233,4.157,197.8,190.2,7.6,0.642,2.162,3.49,2.394,3.631,2.023
2026-08-19 14:31:20.834,dining table,0.515,1.887,3.485,3.886,159.8,199.9,40.1,0.69,-1.756,3.359,-0.928,3.255,-2.123
2026-08-19 14:31:20.883,chair,0.959,0.829,0.946,1.015,11.7,18.6,6.9,0.829,0.019,0.912,0.252,1.004,-0.15
2026-08-19 14:31:20.883,chair,0.714,2.255,4.233,4.157,197.8,190.2,7.6,0.642,2.162,3.49,2.394,3.631,2.023
2026-08-19 14:31:20.884,dining table,0.618,1.887,3.485,3.886,159.8,199.9,40.1,0.69,-1.756,3.359,-0.928,3.255,-2.123
2026-08-19 14:31:20.933,chair,0.959,0.824,0.946,1.015,12.2,19.1,6.9,0.824,0.019,0.912,0.252,1.004,-0.15
2026-08-19 14:31:20.934,chair,0.714,2.236,4.233,4.157,199.6,192.0,7.6,0.637,2.144,3.49,2.394,3.631,2.023
2026-08-19 14:31:20.934,dining table,0.618,1.9,3.485,3.886,158.5,198.6,40.1,0.695,-1.769,3.359,-0.928,3.255,-2.123
2026-08-19 14:31:20.982,chair,0.959,0.824,0.946,1.015,12.2,19.1,6.9,0.824,0.019,0.912,0.252,1.004,-0.15
2026-08-19 14:31:20.982,chair,0.714,2.236,4.233,4.157,199.6,192.0,7.6,0.637,2.144,3.49,2.394,3.631,2.023
2026-08-19 14:31:20.982,dining table,0.618,1.9,3.485,3.886,158.5,198.6,40.1,0.695,-1.769,3.359,-0.928,3.255,-2.123
2026-08-19 14:31:21.031,chair,0.958,0.824,0.946,1.015,12.2,19.1,6.9,0.824,0.019,0.912,0.252,1.004,-0.15
2026-08-19 14:31:21.031,dining table,0.65,1.9,3.485,3.886,158.5,198.6,40.1,0.695,-1.769,3.359,-0.928,3.255,-2.123
2026-08-19 14:31:21.032,chair,0.606,2.239,4.193,4.12,195.4,188.2,7.2,0.644,2.144,3.456,2.374,3.599,2.006
2026-08-19 14:31:21.081,chair,0.958,0.831,0.946,1.015,11.5,18.4,6.9,0.831,0.02,0.912,0.252,1.004,-0.15
2026-08-19 14:31:21.081,dining table,0.65,1.927,3.485,3.886,155.8,195.9,40.1,0.705,-1.794,3.359,-0.928,3.255,-2.123
2026-08-19 14:31:21.082,chair,0.606,2.276,4.193,4.12,191.7,184.5,7.2,0.655,2.18,3.456,2.374,3.599,2.006
2026-08-19 14:31:21.131,chair,0.961,0.831,0.946,1.015,11.5,18.4,6.9,0.831,0.02,0.912,0.252,1.004,-0.15
2026-08-19 14:31:21.131,chair,0.807,2.276,4.193,4.12,191.7,184.5,7.2,0.655,2.18,3.456,2.374,3.599,2.006
2026-08-19 14:31:21.132,dining table,0.621,1.927,3.485,3.886,155.8,195.9,40.1,0.705,-1.794,3.359,-0.928,3.255,-2.123
2026-08-19 14:31:21.180,chair,0.961,0.827,0.946,1.015,12.0,18.9,6.9,0.826,0.019,0.912,0.252,1.004,-0.15
2026-08-19 14:31:21.181,chair,0.807,2.239,4.193,4.12,195.4,188.2,7.2,0.644,2.144,3.456,2.374,3.599,2.006
2026-08-19 14:31:21.181,dining table,0.621,1.861,3.485,3.886,162.4,202.5,40.1,0.681,-1.732,3.359,-0.928,3.255,-2.123
2026-08-19 14:31:21.229,chair,0.961,0.827,0.946,1.015,12.0,18.9,6.9,0.826,0.019,0.912,0.252,1.004,-0.15
2026-08-19 14:31:21.230,chair,0.807,2.239,4.193,4.12,195.4,188.2,7.2,0.644,2.144,3.456,2.374,3.599,2.006
2026-08-19 14:31:21.230,dining table,0.621,1.861,3.485,3.886,162.4,202.5,40.1,0.681,-1.732,3.359,-0.928,3.255,-2.123
2026-08-19 14:31:21.278,chair,0.952,0.827,0.946,1.015,12.0,18.9,6.9,0.826,0.019,0.912,0.252,1.004,-0.15
2026-08-19 14:31:21.279,chair,0.806,2.231,4.191,4.119,196.1,188.8,7.3,0.644,2.136,3.456,2.371,3.6,2.002
2026-08-19 14:31:21.279,dining table,0.505,1.861,3.485,3.886,162.4,202.5,40.1,0.681,-1.732,3.359,-0.928,3.255,-2.123
2026-08-19 14:31:21.346,chair,0.952,0.827,0.946,1.015,12.0,18.9,6.9,0.826,0.019,0.912,0.252,1.004,-0.15
2026-08-19 14:31:21.346,chair,0.806,2.231,4.191,4.119,196.1,188.8,7.3,0.644,2.136,3.456,2.371,3.6,2.002
2026-08-19 14:31:21.347,dining table,0.505,1.848,3.485,3.886,163.7,203.8,40.1,0.676,-1.72,3.359,-0.928,3.255,-2.123
2026-08-19 14:31:21.397,chair,0.952,0.827,0.946,1.015,12.0,18.9,6.9,0.826,0.019,0.912,0.252,1.004,-0.15
2026-08-19 14:31:21.397,chair,0.806,2.231,4.191,4.119,196.1,188.8,7.3,0.644,2.136,3.456,2.371,3.6,2.002
2026-08-19 14:31:21.398,dining table,0.505,1.848,3.485,3.886,163.7,203.8,40.1,0.676,-1.72,3.359,-0.928,3.255,-2.123
2026-08-19 14:31:21.446,chair,0.954,0.827,0.946,1.015,12.0,18.9,6.9,0.826,0.019,0.912,0.252,1.004,-0.15
2026-08-19 14:31:21.446,chair,0.841,2.239,4.193,4.12,195.4,188.2,7.2,0.644,2.144,3.456,2.374,3.599,2.006
2026-08-19 14:31:21.447,dining table,0.552,1.846,3.515,3.917,166.9,207.1,40.2,0.67,-1.72,3.388,-0.935,3.283,-2.137
2026-08-19 14:31:21.496,chair,0.954,0.827,0.946,1.015,12.0,18.9,6.9,0.826,0.019,0.912,0.252,1.004,-0.15
2026-08-19 14:31:21.496,chair,0.841,2.257,4.193,4.12,193.6,186.3,7.2,0.65,2.162,3.456,2.374,3.599,2.006
2026-08-19 14:31:21.497,dining table,0.552,1.938,3.515,3.917,157.7,197.8,40.2,0.703,-1.806,3.388,-0.935,3.283,-2.137
2026-08-19 14:31:21.545,chair,0.954,0.827,0.946,1.015,12.0,18.9,6.9,0.826,0.019,0.912,0.252,1.004,-0.15
2026-08-19 14:31:21.545,chair,0.841,2.257,4.193,4.12,193.6,186.3,7.2,0.65,2.162,3.456,2.374,3.599,2.006
2026-08-19 14:31:21.546,dining table,0.552,1.938,3.515,3.917,157.7,197.8,40.2,0.703,-1.806,3.388,-0.935,3.283,-2.137
2026-08-19 14:31:21.595,chair,0.952,0.827,0.946,1.015,12.0,18.9,6.9,0.826,0.019,0.912,0.252,1.004,-0.15
2026-08-19 14:31:21.595,chair,0.758,2.257,4.193,4.12,193.6,186.3,7.2,0.65,2.162,3.456,2.374,3.599,2.006
2026-08-19 14:31:21.595,dining table,0.61,1.927,3.485,3.886,155.8,195.9,40.1,0.705,-1.794,3.359,-0.928,3.255,-2.123
2026-08-19 14:31:21.643,chair,0.952,0.829,0.946,1.015,11.7,18.6,6.9,0.829,0.019,0.912,0.252,1.004,-0.15
2026-08-19 14:31:21.643,chair,0.758,2.276,4.193,4.12,191.7,184.5,7.2,0.655,2.18,3.456,2.374,3.599,2.006
2026-08-19 14:31:21.644,dining table,0.61,1.927,3.485,3.886,155.8,195.9,40.1,0.705,-1.794,3.359,-0.928,3.255,-2.123
2026-08-19 14:31:21.691,chair,0.952,0.829,0.946,1.015,11.7,18.6,6.9,0.829,0.019,0.912,0.252,1.004,-0.15
2026-08-19 14:31:21.692,chair,0.758,2.276,4.193,4.12,191.7,184.5,7.2,0.655,2.18,3.456,2.374,3.599,2.006
2026-08-19 14:31:21.692,dining table,0.61,1.927,3.485,3.886,155.8,195.9,40.1,0.705,-1.794,3.359,-0.928,3.255,-2.123
2026-08-19 14:31:21.742,chair,0.957,0.829,0.951,1.02,12.2,19.1,6.9,0.828,0.02,0.916,0.253,1.009,-0.15
2026-08-19 14:31:21.742,chair,0.818,2.276,4.193,4.12,191.7,184.5,7.2,0.655,2.18,3.456,2.374,3.599,2.006
2026-08-19 14:31:21.742,dining table,0.599,1.927,3.485,3.886,155.8,195.9,40.1,0.705,-1.794,3.359,-0.928,3.255,-2.123
2026-08-19 14:31:21.792,chair,0.957,0.831,0.951,1.02,12.0,18.9,6.9,0.831,0.02,0.916,0.253,1.009,-0.15
2026-08-19 14:31:21.792,chair,0.818,2.257,4.193,4.12,193.6,186.3,7.2,0.65,2.162,3.456,2.374,3.599,2.006
2026-08-19 14:31:21.792,dining table,0.599,1.914,3.485,3.886,157.1,197.3,40.1,0.7,-1.781,3.359,-0.928,3.255,-2.123
2026-08-19 14:31:21.841,chair,0.957,0.831,0.951,1.02,12.0,18.9,6.9,0.831,0.02,0.916,0.253,1.009,-0.15
2026-08-19 14:31:21.841,chair,0.818,2.257,4.193,4.12,193.6,186.3,7.2,0.65,2.162,3.456,2.374,3.599,2.006
2026-08-19 14:31:21.841,dining table,0.599,1.914,3.485,3.886,157.1,197.3,40.1,0.7,-1.781,3.359,-0.928,3.255,-2.123
2026-08-19 14:31:21.890,chair,0.955,0.831,0.946,1.015,11.5,18.4,6.9,0.831,0.02,0.912,0.252,1.004,-0.15
2026-08-19 14:31:21.891,chair,0.824,2.257,4.193,4.12,193.6,186.3,7.2,0.65,2.162,3.456,2.374,3.599,2.006
2026-08-19 14:31:21.891,dining table,0.541,1.907,3.484,3.884,157.7,197.7,40.0,0.7,-1.774,3.359,-0.925,3.255,-2.119
2026-08-19 14:31:21.940,chair,0.955,0.831,0.946,1.015,11.5,18.4,6.9,0.831,0.02,0.912,0.252,1.004,-0.15
2026-08-19 14:31:21.940,chair,0.824,2.257,4.193,4.12,193.6,186.3,7.2,0.65,2.162,3.456,2.374,3.599,2.006
2026-08-19 14:31:21.941,dining table,0.541,1.881,3.484,3.884,160.3,200.3,40.0,0.69,-1.749,3.359,-0.925,3.255,-2.119
2026-08-19 14:31:21.990,chair,0.955,0.831,0.946,1.015,11.5,18.4,6.9,0.831,0.02,0.912,0.252,1.004,-0.15
2026-08-19 14:31:21.990,chair,0.824,2.257,4.193,4.12,193.6,186.3,7.2,0.65,2.162,3.456,2.374,3.599,2.006
2026-08-19 14:31:21.990,dining table,0.541,1.881,3.484,3.884,160.3,200.3,40.0,0.69,-1.749,3.359,-0.925,3.255,-2.119
2026-08-19 14:31:22.039,chair,0.955,0.831,0.951,1.02,12.0,18.9,6.9,0.831,0.02,0.916,0.253,1.009,-0.15
2026-08-19 14:31:22.040,chair,0.791,2.257,4.193,4.12,193.6,186.3,7.2,0.65,2.162,3.456,2.374,3.599,2.006
2026-08-19 14:31:22.040,dining table,0.595,1.874,3.485,3.886,161.1,201.2,40.1,0.686,-1.744,3.359,-0.928,3.255,-2.123
2026-08-19 14:31:22.089,chair,0.955,0.829,0.951,1.02,12.2,19.1,6.9,0.828,0.02,0.916,0.253,1.009,-0.15
2026-08-19 14:31:22.089,chair,0.791,2.257,4.193,4.12,193.6,186.3,7.2,0.65,2.162,3.456,2.374,3.599,2.006
2026-08-19 14:31:22.089,dining table,0.595,1.9,3.485,3.886,158.5,198.6,40.1,0.695,-1.769,3.359,-0.928,3.255,-2.123
2026-08-19 14:31:22.138,chair,0.957,0.829,0.946,1.015,11.7,18.6,6.9,0.829,0.019,0.912,0.252,1.004,-0.15
2026-08-19 14:31:22.139,chair,0.784,2.257,4.193,4.12,193.6,186.3,7.2,0.65,2.162,3.456,2.374,3.599,2.006
2026-08-19 14:31:22.139,dining table,0.603,1.898,3.515,3.917,161.7,201.9,40.2,0.689,-1.769,3.388,-0.935,3.283,-2.137
2026-08-19 14:31:22.189,chair,0.957,0.827,0.946,1.015,12.0,18.9,6.9,0.826,0.019,0.912,0.252,1.004,-0.15
2026-08-19 14:31:22.189,chair,0.784,2.276,4.193,4.12,191.7,184.5,7.2,0.655,2.18,3.456,2.374,3.599,2.006
2026-08-19 14:31:22.189,dining table,0.603,1.938,3.515,3.917,157.7,197.8,40.2,0.703,-1.806,3.388,-0.935,3.283,-2.137
2026-08-19 14:31:22.238,chair,0.957,0.827,0.946,1.015,12.0,18.9,6.9,0.826,0.019,0.912,0.252,1.004,-0.15
2026-08-19 14:31:22.238,chair,0.784,2.276,4.193,4.12,191.7,184.5,7.2,0.655,2.18,3.456,2.374,3.599,2.006
2026-08-19 14:31:22.238,dining table,0.603,1.938,3.515,3.917,157.7,197.8,40.2,0.703,-1.806,3.388,-0.935,3.283,-2.137
2026-08-19 14:31:22.287,chair,0.953,0.827,0.946,1.015,12.0,18.9,6.9,0.826,0.019,0.912,0.252,1.004,-0.15
2026-08-19 14:31:22.288,chair,0.805,2.276,4.193,4.12,191.7,184.5,7.2,0.655,2.18,3.456,2.374,3.599,2.006
2026-08-19 14:31:22.288,dining table,0.601,1.938,3.515,3.917,157.7,197.8,40.2,0.703,-1.806,3.388,-0.935,3.283,-2.137
2026-08-19 14:31:22.337,chair,0.953,0.824,0.946,1.015,12.2,19.1,6.9,0.824,0.019,0.912,0.252,1.004,-0.15
2026-08-19 14:31:22.338,chair,0.805,2.295,4.193,4.12,189.8,182.5,7.2,0.661,2.198,3.456,2.374,3.599,2.006
2026-08-19 14:31:22.338,dining table,0.601,1.885,3.515,3.917,163.0,203.2,40.2,0.684,-1.756,3.388,-0.935,3.283,-2.137
2026-08-19 14:31:22.386,chair,0.953,0.824,0.946,1.015,12.2,19.1,6.9,0.824,0.019,0.912,0.252,1.004,-0.15
2026-08-19 14:31:22.387,chair,0.805,2.295,4.193,4.12,189.8,182.5,7.2,0.661,2.198,3.456,2.374,3.599,2.006
2026-08-19 14:31:22.387,dining table,0.601,1.885,3.515,3.917,163.0,203.2,40.2,0.684,-1.756,3.388,-0.935,3.283,-2.137
2026-08-19 14:31:22.436,chair,0.963,0.824,0.946,1.015,12.2,19.1,6.9,0.824,0.019,0.912,0.252,1.004,-0.15
2026-08-19 14:31:22.436,chair,0.801,2.304,4.231,4.155,192.8,185.1,7.7,0.658,2.208,3.491,2.391,3.632,2.019
2026-08-19 14:31:22.437,dining table,0.588,1.867,3.484,3.884,161.6,201.7,40.0,0.686,-1.737,3.359,-0.925,3.255,-2.119
2026-08-19 14:31:22.486,chair,0.963,0.827,0.946,1.015,12.0,18.9,6.9,0.826,0.019,0.912,0.252,1.004,-0.15
2026-08-19 14:31:22.487,chair,0.801,2.285,4.231,4.155,194.7,187.0,7.7,0.653,2.19,3.491,2.391,3.632,2.019
2026-08-19 14:31:22.487,dining table,0.588,1.881,3.484,3.884,160.3,200.3,40.0,0.69,-1.749,3.359,-0.925,3.255,-2.119
2026-08-19 14:31:22.536,chair,0.959,0.827,0.946,1.015,12.0,18.9,6.9,0.826,0.019,0.912,0.252,1.004,-0.15
2026-08-19 14:31:22.537,chair,0.745,2.276,4.193,4.12,191.7,184.5,7.2,0.655,2.18,3.456,2.374,3.599,2.006
2026-08-19 14:31:22.537,dining table,0.669,1.874,3.485,3.886,161.1,201.2,40.1,0.686,-1.744,3.359,-0.928,3.255,-2.123
2026-08-19 14:31:22.586,chair,0.959,0.831,0.946,1.015,11.5,18.4,6.9,0.831,0.02,0.912,0.252,1.004,-0.15
2026-08-19 14:31:22.587,chair,0.745,2.276,4.193,4.12,191.7,184.5,7.2,0.655,2.18,3.456,2.374,3.599,2.006
2026-08-19 14:31:22.587,dining table,0.669,1.887,3.485,3.886,159.8,199.9,40.1,0.69,-1.756,3.359,-0.928,3.255,-2.123
2026-08-19 14:31:22.635,chair,0.959,0.831,0.946,1.015,11.5,18.4,6.9,0.831,0.02,0.912,0.252,1.004,-0.15
2026-08-19 14:31:22.636,chair,0.745,2.276,4.193,4.12,191.7,184.5,7.2,0.655,2.18,3.456,2.374,3.599,2.006
2026-08-19 14:31:22.636,dining table,0.669,1.887,3.485,3.886,159.8,199.9,40.1,0.69,-1.756,3.359,-0.928,3.255,-2.123
2026-08-19 14:31:22.686,chair,0.847,2.276,4.193,4.12,191.7,184.5,7.2,0.655,2.18,3.456,2.374,3.599,2.006
2026-08-19 14:31:22.686,chair,0.722,0.831,0.946,1.016,11.5,18.4,6.9,0.831,0.02,0.912,0.251,1.004,-0.152
2026-08-19 14:31:22.687,dining table,0.641,1.887,3.485,3.886,159.8,199.9,40.1,0.69,-1.756,3.359,-0.928,3.255,-2.123
2026-08-19 14:31:22.736,chair,0.847,2.276,4.193,4.12,191.7,184.5,7.2,0.655,2.18,3.456,2.374,3.599,2.006
2026-08-19 14:31:22.736,chair,0.722,0.831,0.946,1.016,11.5,18.4,6.9,0.831,0.02,0.912,0.251,1.004,-0.152
2026-08-19 14:31:22.736,dining table,0.641,1.887,3.485,3.886,159.8,199.9,40.1,0.69,-1.756,3.359,-0.928,3.255,-2.123
2026-08-19 14:31:22.802,chair,0.847,2.276,4.193,4.12,191.7,184.5,7.2,0.655,2.18,3.456,2.374,3.599,2.006
2026-08-19 14:31:22.802,chair,0.722,0.831,0.946,1.016,11.5,18.4,6.9,0.831,0.02,0.912,0.251,1.004,-0.152
2026-08-19 14:31:22.803,dining table,0.641,1.887,3.485,3.886,159.8,199.9,40.1,0.69,-1.756,3.359,-0.928,3.255,-2.123
2026-08-19 14:31:22.854,chair,0.955,0.831,0.946,1.015,11.5,18.4,6.9,0.831,0.02,0.912,0.252,1.004,-0.15
2026-08-19 14:31:22.854,chair,0.828,2.268,4.191,4.119,192.4,185.1,7.3,0.655,2.171,3.456,2.371,3.6,2.002
2026-08-19 14:31:22.855,dining table,0.636,1.887,3.485,3.886,159.8,199.9,40.1,0.69,-1.756,3.359,-0.928,3.255,-2.123
2026-08-19 14:31:22.903,chair,0.955,0.827,0.946,1.015,12.0,18.9,6.9,0.826,0.019,0.912,0.252,1.004,-0.15
2026-08-19 14:31:22.903,chair,0.828,2.249,4.191,4.119,194.2,187.0,7.3,0.65,2.153,3.456,2.371,3.6,2.002
2026-08-19 14:31:22.904,dining table,0.636,1.887,3.485,3.886,159.8,199.9,40.1,0.69,-1.756,3.359,-0.928,3.255,-2.123
2026-08-19 14:31:22.952,chair,0.955,0.827,0.946,1.015,12.0,18.9,6.9,0.826,0.019,0.912,0.252,1.004,-0.15
2026-08-19 14:31:22.952,chair,0.828,2.249,4.191,4.119,194.2,187.0,7.3,0.65,2.153,3.456,2.371,3.6,2.002
2026-08-19 14:31:22.953,dining table,0.636,1.887,3.485,3.886,159.8,199.9,40.1,0.69,-1.756,3.359,-0.928,3.255,-2.123
2026-08-19 14:31:23.002,chair,0.956,0.827,0.946,1.015,12.0,18.9,6.9,0.826,0.019,0.912,0.252,1.004,-0.15
2026-08-19 14:31:23.002,chair,0.812,2.257,4.193,4.12,193.6,186.3,7.2,0.65,2.162,3.456,2.374,3.599,2.006
2026-08-19 14:31:23.003,dining table,0.574,1.887,3.485,3.886,159.8,199.9,40.1,0.69,-1.756,3.359,-0.928,3.255,-2.123
2026-08-19 14:31:23.052,chair,0.956,0.822,0.946,1.015,12.5,19.4,6.9,0.822,0.019,0.912,0.252,1.004,-0.15
2026-08-19 14:31:23.053,chair,0.812,2.239,4.193,4.12,195.4,188.2,7.2,0.644,2.144,3.456,2.374,3.599,2.006
2026-08-19 14:31:23.053,dining table,0.574,1.887,3.485,3.886,159.8,199.9,40.1,0.69,-1.756,3.359,-0.928,3.255,-2.123
2026-08-19 14:31:23.102,chair,0.956,0.822,0.946,1.015,12.5,19.4,6.9,0.822,0.019,0.912,0.252,1.004,-0.15
2026-08-19 14:31:23.102,chair,0.812,2.239,4.193,4.12,195.4,188.2,7.2,0.644,2.144,3.456,2.374,3.599,2.006
2026-08-19 14:31:23.102,dining table,0.574,1.887,3.485,3.886,159.8,199.9,40.1,0.69,-1.756,3.359,-0.928,3.255,-2.123
2026-08-19 14:31:23.152,chair,0.959,0.822,0.946,1.015,12.5,19.4,6.9,0.822,0.019,0.912,0.252,1.004,-0.15
2026-08-19 14:31:23.152,chair,0.817,2.231,4.191,4.119,196.1,188.8,7.3,0.644,2.136,3.456,2.371,3.6,2.002
2026-08-19 14:31:23.152,dining table,0.623,1.887,3.485,3.886,159.8,199.9,40.1,0.69,-1.756,3.359,-0.928,3.255,-2.123
2026-08-19 14:31:23.202,chair,0.959,0.829,0.946,1.015,11.7,18.6,6.9,0.829,0.019,0.912,0.252,1.004,-0.15
2026-08-19 14:31:23.203,chair,0.817,2.24,4.191,4.119,195.1,187.9,7.3,0.647,2.145,3.456,2.371,3.6,2.002
2026-08-19 14:31:23.203,dining table,0.623,1.848,3.485,3.886,163.7,203.8,40.1,0.676,-1.72,3.359,-0.928,3.255,-2.123
2026-08-19 14:31:23.251,chair,0.959,0.829,0.946,1.015,11.7,18.6,6.9,0.829,0.019,0.912,0.252,1.004,-0.15
2026-08-19 14:31:23.252,chair,0.817,2.24,4.191,4.119,195.1,187.9,7.3,0.647,2.145,3.456,2.371,3.6,2.002
2026-08-19 14:31:23.252,dining table,0.623,1.848,3.485,3.886,163.7,203.8,40.1,0.676,-1.72,3.359,-0.928,3.255,-2.123
2026-08-19 14:31:23.300,chair,0.957,0.829,0.946,1.015,11.7,18.6,6.9,0.829,0.019,0.912,0.252,1.004,-0.15
2026-08-19 14:31:23.301,chair,0.821,2.257,4.193,4.12,193.6,186.3,7.2,0.65,2.162,3.456,2.374,3.599,2.006
2026-08-19 14:31:23.301,dining table,0.603,1.848,3.485,3.886,163.7,203.8,40.1,0.676,-1.72,3.359,-0.928,3.255,-2.123
2026-08-19 14:31:23.351,chair,0.957,0.827,0.946,1.015,12.0,18.9,6.9,0.826,0.019,0.912,0.252,1.004,-0.15
2026-08-19 14:31:23.351,chair,0.821,2.239,4.193,4.12,195.4,188.2,7.2,0.644,2.144,3.456,2.374,3.599,2.006
2026-08-19 14:31:23.352,dining table,0.603,1.874,3.485,3.886,161.1,201.2,40.1,0.686,-1.744,3.359,-0.928,3.255,-2.123
2026-08-19 14:31:23.401,chair,0.957,0.827,0.946,1.015,12.0,18.9,6.9,0.826,0.019,0.912,0.252,1.004,-0.15
2026-08-19 14:31:23.401,chair,0.821,2.239,4.193,4.12,195.4,188.2,7.2,0.644,2.144,3.456,2.374,3.599,2.006
2026-08-19 14:31:23.401,dining table,0.603,1.874,3.485,3.886,161.1,201.2,40.1,0.686,-1.744,3.359,-0.928,3.255,-2.123
2026-08-19 14:31:23.450,chair,0.954,0.827,0.946,1.015,12.0,18.9,6.9,0.826,0.019,0.912,0.252,1.004,-0.15
2026-08-19 14:31:23.451,chair,0.738,2.255,4.233,4.157,197.8,190.2,7.6,0.642,2.162,3.49,2.394,3.631,2.023
2026-08-19 14:31:23.451,dining table,0.619,1.874,3.486,3.889,161.2,201.5,40.3,0.686,-1.744,3.36,-0.931,3.256,-2.127
2026-08-19 14:31:23.499,chair,0.954,0.829,0.946,1.015,11.7,18.6,6.9,0.829,0.019,0.912,0.252,1.004,-0.15
2026-08-19 14:31:23.500,chair,0.738,2.293,4.233,4.157,194.0,186.4,7.6,0.653,2.198,3.49,2.394,3.631,2.023
2026-08-19 14:31:23.500,dining table,0.619,1.861,3.486,3.889,162.5,202.8,40.3,0.681,-1.732,3.36,-0.931,3.256,-2.127
2026-08-19 14:31:23.550,chair,0.958,0.829,0.951,1.02,12.2,19.1,6.9,0.828,0.02,0.916,0.253,1.009,-0.15
2026-08-19 14:31:23.551,chair,0.799,2.276,4.193,4.12,191.7,184.5,7.2,0.655,2.18,3.456,2.374,3.599,2.006
2026-08-19 14:31:23.551,dining table,0.564,1.867,3.485,3.886,161.7,201.9,40.1,0.683,-1.738,3.359,-0.928,3.255,-2.123
2026-08-19 14:31:23.611,chair,0.958,0.829,0.951,1.02,12.2,19.1,6.9,0.828,0.02,0.916,0.253,1.009,-0.15
2026-08-19 14:31:23.612,chair,0.799,2.276,4.193,4.12,191.7,184.5,7.2,0.655,2.18,3.456,2.374,3.599,2.006
2026-08-19 14:31:23.612,dining table,0.564,1.9,3.485,3.886,158.5,198.6,40.1,0.695,-1.769,3.359,-0.928,3.255,-2.123
2026-08-19 14:31:23.661,chair,0.958,0.829,0.951,1.02,12.2,19.1,6.9,0.828,0.02,0.916,0.253,1.009,-0.15
2026-08-19 14:31:23.662,chair,0.799,2.276,4.193,4.12,191.7,184.5,7.2,0.655,2.18,3.456,2.374,3.599,2.006
2026-08-19 14:31:23.662,dining table,0.564,1.9,3.485,3.886,158.5,198.6,40.1,0.695,-1.769,3.359,-0.928,3.255,-2.123
2026-08-19 14:31:23.711,chair,0.959,0.829,0.946,1.015,11.7,18.6,6.9,0.829,0.019,0.912,0.252,1.004,-0.15
2026-08-19 14:31:23.712,chair,0.797,2.276,4.193,4.12,191.7,184.5,7.2,0.655,2.18,3.456,2.374,3.599,2.006
2026-08-19 14:31:23.712,dining table,0.58,1.898,3.515,3.917,161.7,201.9,40.2,0.689,-1.769,3.388,-0.935,3.283,-2.137
2026-08-19 14:31:23.760,chair,0.959,0.824,0.946,1.015,12.2,19.1,6.9,0.824,0.019,0.912,0.252,1.004,-0.15
2026-08-19 14:31:23.760,chair,0.797,2.257,4.193,4.12,193.6,186.3,7.2,0.65,2.162,3.456,2.374,3.599,2.006
2026-08-19 14:31:23.761,dining table,0.58,1.846,3.515,3.917,166.9,207.1,40.2,0.67,-1.72,3.388,-0.935,3.283,-2.137
2026-08-19 14:31:23.809,chair,0.959,0.824,0.946,1.015,12.2,19.1,6.9,0.824,0.019,0.912,0.252,1.004,-0.15
2026-08-19 14:31:23.810,chair,0.797,2.257,4.193,4.12,193.6,186.3,7.2,0.65,2.162,3.456,2.374,3.599,2.006
2026-08-19 14:31:23.810,dining table,0.58,1.846,3.515,3.917,166.9,207.1,40.2,0.67,-1.72,3.388,-0.935,3.283,-2.137
2026-08-19 14:31:23.859,chair,0.955,0.824,0.946,1.015,12.2,19.1,6.9,0.824,0.019,0.912,0.252,1.004,-0.15
2026-08-19 14:31:23.860,chair,0.82,2.257,4.193,4.12,193.6,186.3,7.2,0.65,2.162,3.456,2.374,3.599,2.006
2026-08-19 14:31:23.860,dining table,0.566,1.846,3.515,3.917,166.9,207.1,40.2,0.67,-1.72,3.388,-0.935,3.283,-2.137
2026-08-19 14:31:23.910,chair,0.955,0.827,0.946,1.015,12.0,18.9,6.9,0.826,0.019,0.912,0.252,1.004,-0.15
2026-08-19 14:31:23.910,chair,0.82,2.239,4.193,4.12,195.4,188.2,7.2,0.644,2.144,3.456,2.374,3.599,2.006
2026-08-19 14:31:23.911,dining table,0.566,1.859,3.515,3.917,165.6,205.8,40.2,0.674,-1.732,3.388,-0.935,3.283,-2.137
2026-08-19 14:31:23.960,chair,0.956,0.827,0.946,1.015,12.0,18.9,6.9,0.826,0.019,0.912,0.252,1.004,-0.15
2026-08-19 14:31:23.960,chair,0.815,2.231,4.191,4.119,196.1,188.8,7.3,0.644,2.136,3.456,2.371,3.6,2.002
2026-08-19 14:31:23.960,dining table,0.605,1.848,3.485,3.886,163.7,203.8,40.1,0.676,-1.72,3.359,-0.928,3.255,-2.123
2026-08-19 14:31:24.011,chair,0.956,0.827,0.946,1.015,12.0,18.9,6.9,0.826,0.019,0.912,0.252,1.004,-0.15
2026-08-19 14:31:24.011,chair,0.815,2.268,4.191,4.119,192.4,185.1,7.3,0.655,2.171,3.456,2.371,3.6,2.002
2026-08-19 14:31:24.011,dining table,0.605,1.861,3.485,3.886,162.4,202.5,40.1,0.681,-1.732,3.359,-0.928,3.255,-2.123
2026-08-19 14:31:24.060,chair,0.956,0.827,0.946,1.015,12.0,18.9,6.9,0.826,0.019,0.912,0.252,1.004,-0.15
2026-08-19 14:31:24.060,chair,0.815,2.268,4.191,4.119,192.4,185.1,7.3,0.655,2.171,3.456,2.371,3.6,2.002
2026-08-19 14:31:24.061,dining table,0.605,1.861,3.485,3.886,162.4,202.5,40.1,0.681,-1.732,3.359,-0.928,3.255,-2.123
2026-08-19 14:31:24.111,chair,0.959,0.827,0.946,1.015,12.0,18.9,6.9,0.826,0.019,0.912,0.252,1.004,-0.15
2026-08-19 14:31:24.112,chair,0.802,2.268,4.191,4.119,192.4,185.1,7.3,0.655,2.171,3.456,2.371,3.6,2.002
2026-08-19 14:31:24.112,dining table,0.637,1.861,3.485,3.886,162.4,202.5,40.1,0.681,-1.732,3.359,-0.928,3.255,-2.123
2026-08-19 14:31:24.161,chair,0.959,0.827,0.946,1.015,12.0,18.9,6.9,0.826,0.019,0.912,0.252,1.004,-0.15
2026-08-19 14:31:24.161,chair,0.802,2.249,4.191,4.119,194.2,187.0,7.3,0.65,2.153,3.456,2.371,3.6,2.002
2026-08-19 14:31:24.161,dining table,0.637,1.887,3.485,3.886,159.8,199.9,40.1,0.69,-1.756,3.359,-0.928,3.255,-2.123
2026-08-19 14:31:24.210,chair,0.959,0.827,0.946,1.015,12.0,18.9,6.9,0.826,0.019,0.912,0.252,1.004,-0.15
2026-08-19 14:31:24.210,chair,0.802,2.249,4.191,4.119,194.2,187.0,7.3,0.65,2.153,3.456,2.371,3.6,2.002
2026-08-19 14:31:24.211,dining table,0.637,1.887,3.485,3.886,159.8,199.9,40.1,0.69,-1.756,3.359,-0.928,3.255,-2.123
2026-08-19 14:31:24.260,chair,0.964,0.827,0.946,1.015,12.0,18.9,6.9,0.826,0.019,0.912,0.252,1.004,-0.15
2026-08-19 14:31:24.260,chair,0.805,2.249,4.191,4.119,194.2,187.0,7.3,0.65,2.153,3.456,2.371,3.6,2.002
2026-08-19 14:31:24.261,dining table,0.645,1.887,3.485,3.886,159.8,199.9,40.1,0.69,-1.756,3.359,-0.928,3.255,-2.123
2026-08-19 14:31:24.309,chair,0.964,0.824,0.946,1.015,12.2,19.1,6.9,0.824,0.019,0.912,0.252,1.004,-0.15
2026-08-19 14:31:24.310,chair,0.805,2.268,4.191,4.119,192.4,185.1,7.3,0.655,2.171,3.456,2.371,3.6,2.002
2026-08-19 14:31:24.310,dining table,0.645,1.861,3.485,3.886,162.4,202.5,40.1,0.681,-1.732,3.359,-0.928,3.255,-2.123
2026-08-19 14:31:24.359,chair,0.957,0.824,0.946,1.015,12.2,19.1,6.9,0.824,0.019,0.912,0.252,1.004,-0.15
2026-08-19 14:31:24.359,chair,0.777,2.268,4.191,4.119,192.4,185.1,7.3,0.655,2.171,3.456,2.371,3.6,2.002
2026-08-19 14:31:24.360,dining table,0.619,1.861,3.485,3.886,162.4,202.5,40.1,0.681,-1.732,3.359,-0.928,3.255,-2.123
2026-08-19 14:31:24.409,chair,0.957,0.831,0.946,1.015,11.5,18.4,6.9,0.831,0.02,0.912,0.252,1.004,-0.15
2026-08-19 14:31:24.409,chair,0.777,2.249,4.191,4.119,194.2,187.0,7.3,0.65,2.153,3.456,2.371,3.6,2.002
2026-08-19 14:31:24.409,dining table,0.619,1.861,3.485,3.886,162.4,202.5,40.1,0.681,-1.732,3.359,-0.928,3.255,-2.123
2026-08-19 14:31:24.458,chair,0.957,0.831,0.946,1.015,11.5,18.4,6.9,0.831,0.02,0.912,0.252,1.004,-0.15
2026-08-19 14:31:24.458,chair,0.777,2.249,4.191,4.119,194.2,187.0,7.3,0.65,2.153,3.456,2.371,3.6,2.002
2026-08-19 14:31:24.458,dining table,0.619,1.861,3.485,3.886,162.4,202.5,40.1,0.681,-1.732,3.359,-0.928,3.255,-2.123
2026-08-19 14:31:24.507,chair,0.902,0.831,0.946,1.015,11.5,18.4,6.9,0.831,0.02,0.912,0.252,1.004,-0.15
2026-08-19 14:31:24.508,chair,0.787,2.257,4.193,4.12,193.6,186.3,7.2,0.65,2.162,3.456,2.374,3.599,2.006
2026-08-19 14:31:24.508,dining table,0.64,1.855,3.484,3.884,162.9,202.9,40.0,0.681,-1.725,3.359,-0.925,3.255,-2.119
2026-08-19 14:31:24.556,chair,0.902,0.827,0.946,1.015,12.0,18.9,6.9,0.826,0.019,0.912,0.252,1.004,-0.15
2026-08-19 14:31:24.557,chair,0.787,2.276,4.193,4.12,191.7,184.5,7.2,0.655,2.18,3.456,2.374,3.599,2.006
2026-08-19 14:31:24.557,dining table,0.64,1.907,3.484,3.884,157.7,197.7,40.0,0.7,-1.774,3.359,-0.925,3.255,-2.119
2026-08-19 14:31:24.605,chair,0.902,0.827,0.946,1.015,12.0,18.9,6.9,0.826,0.019,0.912,0.252,1.004,-0.15
2026-08-19 14:31:24.606,chair,0.787,2.276,4.193,4.12,191.7,184.5,7.2,0.655,2.18,3.456,2.374,3.599,2.006
2026-08-19 14:31:24.606,dining table,0.64,1.907,3.484,3.884,157.7,197.7,40.0,0.7,-1.774,3.359,-0.925,3.255,-2.119
2026-08-19 14:31:24.655,chair,0.956,0.827,0.946,1.015,12.0,18.9,6.9,0.826,0.019,0.912,0.252,1.004,-0.15
2026-08-19 14:31:24.655,chair,0.804,2.276,4.193,4.12,191.7,184.5,7.2,0.655,2.18,3.456,2.374,3.599,2.006
2026-08-19 14:31:24.656,dining table,0.585,1.914,3.485,3.886,157.1,197.3,40.1,0.7,-1.781,3.359,-0.928,3.255,-2.123
2026-08-19 14:31:24.705,chair,0.956,0.829,0.946,1.015,11.7,18.6,6.9,0.829,0.019,0.912,0.252,1.004,-0.15
2026-08-19 14:31:24.705,chair,0.804,2.276,4.193,4.12,191.7,184.5,7.2,0.655,2.18,3.456,2.374,3.599,2.006
2026-08-19 14:31:24.706,dining table,0.585,1.887,3.485,3.886,159.8,199.9,40.1,0.69,-1.756,3.359,-0.928,3.255,-2.123
2026-08-19 14:31:24.755,chair,0.958,0.829,0.946,1.015,11.7,18.6,6.9,0.829,0.019,0.912,0.252,1.004,-0.15
2026-08-19 14:31:24.756,chair,0.792,2.293,4.233,4.157,194.0,186.4,7.6,0.653,2.198,3.49,2.394,3.631,2.023
2026-08-19 14:31:24.756,dining table,0.603,1.874,3.485,3.886,161.1,201.2,40.1,0.686,-1.744,3.359,-0.928,3.255,-2.123
2026-08-19 14:31:24.805,chair,0.958,0.834,0.946,1.015,11.3,18.2,6.9,0.833,0.02,0.912,0.252,1.004,-0.15
2026-08-19 14:31:24.806,chair,0.792,2.274,4.233,4.157,195.9,188.3,7.6,0.647,2.18,3.49,2.394,3.631,2.023
2026-08-19 14:31:24.806,dining table,0.603,1.887,3.485,3.886,159.8,199.9,40.1,0.69,-1.756,3.359,-0.928,3.255,-2.123
2026-08-19 14:31:24.854,chair,0.958,0.834,0.946,1.015,11.3,18.2,6.9,0.833,0.02,0.912,0.252,1.004,-0.15
2026-08-19 14:31:24.854,chair,0.792,2.274,4.233,4.157,195.9,188.3,7.6,0.647,2.18,3.49,2.394,3.631,2.023
2026-08-19 14:31:24.855,dining table,0.603,1.887,3.485,3.886,159.8,199.9,40.1,0.69,-1.756,3.359,-0.928,3.255,-2.123
2026-08-19 14:31:24.904,chair,0.961,0.834,0.946,1.015,11.3,18.2,6.9,0.833,0.02,0.912,0.252,1.004,-0.15
2026-08-19 14:31:24.905,chair,0.786,2.276,4.193,4.12,191.7,184.5,7.2,0.655,2.18,3.456,2.374,3.599,2.006
2026-08-19 14:31:24.905,dining table,0.629,1.887,3.485,3.886,159.8,199.9,40.1,0.69,-1.756,3.359,-0.928,3.255,-2.123
2026-08-19 14:31:24.953,chair,0.961,0.831,0.946,1.015,11.5,18.4,6.9,0.831,0.02,0.912,0.252,1.004,-0.15
2026-08-19 14:31:24.954,chair,0.786,2.257,4.193,4.12,193.6,186.3,7.2,0.65,2.162,3.456,2.374,3.599,2.006
2026-08-19 14:31:24.955,dining table,0.629,1.861,3.485,3.886,162.4,202.5,40.1,0.681,-1.732,3.359,-0.928,3.255,-2.123
2026-08-19 14:31:25.003,chair,0.961,0.831,0.946,1.015,11.5,18.4,6.9,0.831,0.02,0.912,0.252,1.004,-0.15
2026-08-19 14:31:25.004,chair,0.786,2.257,4.193,4.12,193.6,186.3,7.2,0.65,2.162,3.456,2.374,3.599,2.006
2026-08-19 14:31:25.004,dining table,0.629,1.861,3.485,3.886,162.4,202.5,40.1,0.681,-1.732,3.359,-0.928,3.255,-2.123
2026-08-19 14:31:25.053,chair,0.962,0.831,0.946,1.015,11.5,18.4,6.9,0.831,0.02,0.912,0.252,1.004,-0.15
2026-08-19 14:31:25.054,chair,0.815,2.249,4.191,4.119,194.2,187.0,7.3,0.65,2.153,3.456,2.371,3.6,2.002
2026-08-19 14:31:25.054,dining table,0.577,1.874,3.485,3.886,161.1,201.2,40.1,0.686,-1.744,3.359,-0.928,3.255,-2.123
2026-08-19 14:31:25.104,chair,0.962,0.827,0.946,1.015,12.0,18.9,6.9,0.826,0.019,0.912,0.252,1.004,-0.15
2026-08-19 14:31:25.104,chair,0.815,2.231,4.191,4.119,196.1,188.8,7.3,0.644,2.136,3.456,2.371,3.6,2.002
2026-08-19 14:31:25.104,dining table,0.577,1.887,3.485,3.886,159.8,199.9,40.1,0.69,-1.756,3.359,-0.928,3.255,-2.123
2026-08-19 14:31:25.152,chair,0.962,0.827,0.946,1.015,12.0,18.9,6.9,0.826,0.019,0.912,0.252,1.004,-0.15
2026-08-19 14:31:25.153,chair,0.815,2.231,4.191,4.119,196.1,188.8,7.3,0.644,2.136,3.456,2.371,3.6,2.002
2026-08-19 14:31:25.153,dining table,0.577,1.887,3.485,3.886,159.8,199.9,40.1,0.69,-1.756,3.359,-0.928,3.255,-2.123
2026-08-19 14:31:25.202,chair,0.961,0.827,0.946,1.015,12.0,18.9,6.9,0.826,0.019,0.912,0.252,1.004,-0.15
2026-08-19 14:31:25.203,chair,0.834,2.231,4.191,4.119,196.1,188.8,7.3,0.644,2.136,3.456,2.371,3.6,2.002
2026-08-19 14:31:25.203,dining table,0.617,1.887,3.485,3.886,159.8,199.9,40.1,0.69,-1.756,3.359,-0.928,3.255,-2.123
2026-08-19 14:31:25.252,chair,0.961,0.831,0.946,1.015,11.5,18.4,6.9,0.831,0.02,0.912,0.252,1.004,-0.15
2026-08-19 14:31:25.252,chair,0.834,2.268,4.191,4.119,192.4,185.1,7.3,0.655,2.171,3.456,2.371,3.6,2.002
2026-08-19 14:31:25.253,dining table,0.617,1.914,3.485,3.886,157.1,197.3,40.1,0.7,-1.781,3.359,-0.928,3.255,-2.123
2026-08-19 14:31:25.302,chair,0.958,0.831,0.946,1.015,11.5,18.4,6.9,0.831,0.02,0.912,0.252,1.004,-0.15
2026-08-19 14:31:25.302,chair,0.844,2.268,4.191,4.119,192.4,185.1,7.3,0.655,2.171,3.456,2.371,3.6,2.002
2026-08-19 14:31:25.303,dining table,0.61,1.914,3.485,3.886,157.1,197.3,40.1,0.7,-1.781,3.359,-0.928,3.255,-2.123
2026-08-19 14:31:25.352,chair,0.958,0.831,0.946,1.015,11.5,18.4,6.9,0.831,0.02,0.912,0.252,1.004,-0.15
2026-08-19 14:31:25.353,chair,0.844,2.249,4.191,4.119,194.2,187.0,7.3,0.65,2.153,3.456,2.371,3.6,2.002
2026-08-19 14:31:25.353,dining table,0.61,1.914,3.485,3.886,157.1,197.3,40.1,0.7,-1.781,3.359,-0.928,3.255,-2.123
2026-08-19 14:31:25.402,chair,0.958,0.831,0.946,1.015,11.5,18.4,6.9,0.831,0.02,0.912,0.252,1.004,-0.15
2026-08-19 14:31:25.403,chair,0.844,2.249,4.191,4.119,194.2,187.0,7.3,0.65,2.153,3.456,2.371,3.6,2.002
2026-08-19 14:31:25.403,dining table,0.61,1.914,3.485,3.886,157.1,197.3,40.1,0.7,-1.781,3.359,-0.928,3.255,-2.123
2026-08-19 14:31:25.451,chair,0.955,0.831,0.946,1.015,11.5,18.4,6.9,0.831,0.02,0.912,0.252,1.004,-0.15
2026-08-19 14:31:25.452,chair,0.808,2.276,4.193,4.12,191.7,184.5,7.2,0.655,2.18,3.456,2.374,3.599,2.006
2026-08-19 14:31:25.452,dining table,0.534,1.914,3.485,3.886,157.1,197.3,40.1,0.7,-1.781,3.359,-0.928,3.255,-2.123
2026-08-19 14:31:25.502,chair,0.955,0.827,0.946,1.015,12.0,18.9,6.9,0.826,0.019,0.912,0.252,1.004,-0.15
2026-08-19 14:31:25.502,chair,0.808,2.276,4.193,4.12,191.7,184.5,7.2,0.655,2.18,3.456,2.374,3.599,2.006
2026-08-19 14:31:25.503,dining table,0.534,1.914,3.485,3.886,157.1,197.3,40.1,0.7,-1.781,3.359,-0.928,3.255,-2.123
2026-08-19 14:31:25.551,chair,0.955,0.827,0.946,1.015,12.0,18.9,6.9,0.826,0.019,0.912,0.252,1.004,-0.15
2026-08-19 14:31:25.551,chair,0.808,2.276,4.193,4.12,191.7,184.5,7.2,0.655,2.18,3.456,2.374,3.599,2.006
2026-08-19 14:31:25.552,dining table,0.534,1.914,3.485,3.886,157.1,197.3,40.1,0.7,-1.781,3.359,-0.928,3.255,-2.123
2026-08-19 14:31:25.602,chair,0.958,0.827,0.946,1.015,12.0,18.9,6.9,0.826,0.019,0.912,0.252,1.004,-0.15
2026-08-19 14:31:25.602,chair,0.815,2.276,4.193,4.12,191.7,184.5,7.2,0.655,2.18,3.456,2.374,3.599,2.006
2026-08-19 14:31:25.602,dining table,0.614,1.914,3.485,3.886,157.1,197.3,40.1,0.7,-1.781,3.359,-0.928,3.255,-2.123
2026-08-19 14:31:25.652,chair,0.958,0.831,0.946,1.015,11.5,18.4,6.9,0.831,0.02,0.912,0.252,1.004,-0.15
2026-08-19 14:31:25.652,chair,0.815,2.239,4.193,4.12,195.4,188.2,7.2,0.644,2.144,3.456,2.374,3.599,2.006
2026-08-19 14:31:25.653,dining table,0.614,1.9,3.485,3.886,158.5,198.6,40.1,0.695,-1.769,3.359,-0.928,3.255,-2.123
2026-08-19 14:31:25.703,chair,0.955,0.831,0.951,1.02,12.0,18.9,6.9,0.831,0.02,0.916,0.253,1.009,-0.15
2026-08-19 14:31:25.703,chair,0.845,2.231,4.191,4.119,196.1,188.8,7.3,0.644,2.136,3.456,2.371,3.6,2.002
2026-08-19 14:31:25.703,dining table,0.63,1.9,3.485,3.886,158.5,198.6,40.1,0.695,-1.769,3.359,-0.928,3.255,-2.123
2026-08-19 14:31:25.753,chair,0.955,0.821,0.951,1.02,12.9,19.8,6.9,0.821,0.019,0.916,0.253,1.009,-0.15
2026-08-19 14:31:25.753,chair,0.845,2.231,4.191,4.119,196.1,188.8,7.3,0.644,2.136,3.456,2.371,3.6,2.002
2026-08-19 14:31:25.753,dining table,0.63,1.874,3.485,3.886,161.1,201.2,40.1,0.686,-1.744,3.359,-0.928,3.255,-2.123
2026-08-19 14:31:25.815,chair,0.955,0.821,0.951,1.02,12.9,19.8,6.9,0.821,0.019,0.916,0.253,1.009,-0.15
2026-08-19 14:31:25.816,chair,0.845,2.231,4.191,4.119,196.1,188.8,7.3,0.644,2.136,3.456,2.371,3.6,2.002
2026-08-19 14:31:25.816,dining table,0.63,1.874,3.485,3.886,161.1,201.2,40.1,0.686,-1.744,3.359,-0.928,3.255,-2.123
2026-08-19 14:31:25.885,chair,0.953,0.822,0.946,1.016,12.4,19.4,6.9,0.822,0.019,0.912,0.251,1.004,-0.152
2026-08-19 14:31:25.886,chair,0.785,2.239,4.193,4.12,195.4,188.2,7.2,0.644,2.144,3.456,2.374,3.599,2.006
2026-08-19 14:31:25.886,dining table,0.604,1.874,3.485,3.886,161.1,201.2,40.1,0.686,-1.744,3.359,-0.928,3.255,-2.123
2026-08-19 14:31:25.937,chair,0.953,0.827,0.946,1.016,12.0,18.9,6.9,0.826,0.019,0.912,0.251,1.004,-0.152
2026-08-19 14:31:25.937,chair,0.785,2.257,4.193,4.12,193.6,186.3,7.2,0.65,2.162,3.456,2.374,3.599,2.006
2026-08-19 14:31:25.938,dining table,0.604,1.861,3.485,3.886,162.4,202.5,40.1,0.681,-1.732,3.359,-0.928,3.255,-2.123
2026-08-19 14:31:25.987,chair,0.953,0.827,0.946,1.016,12.0,18.9,6.9,0.826,0.019,0.912,0.251,1.004,-0.152
2026-08-19 14:31:25.987,chair,0.785,2.257,4.193,4.12,193.6,186.3,7.2,0.65,2.162,3.456,2.374,3.599,2.006
2026-08-19 14:31:25.987,dining table,0.604,1.861,3.485,3.886,162.4,202.5,40.1,0.681,-1.732,3.359,-0.928,3.255,-2.123
2026-08-19 14:31:26.037,chair,0.958,0.827,0.946,1.015,12.0,18.9,6.9,0.826,0.019,0.912,0.252,1.004,-0.15
2026-08-19 14:31:26.038,chair,0.833,2.257,4.193,4.12,193.6,186.3,7.2,0.65,2.162,3.456,2.374,3.599,2.006
2026-08-19 14:31:26.038,dining table,0.599,1.861,3.485,3.886,162.4,202.5,40.1,0.681,-1.732,3.359,-0.928,3.255,-2.123
2026-08-19 14:31:26.088,chair,0.958,0.829,0.946,1.015,11.7,18.6,6.9,0.829,0.019,0.912,0.252,1.004,-0.15
2026-08-19 14:31:26.088,chair,0.833,2.257,4.193,4.12,193.6,186.3,7.2,0.65,2.162,3.456,2.374,3.599,2.006
2026-08-19 14:31:26.089,dining table,0.599,1.874,3.485,3.886,161.1,201.2,40.1,0.686,-1.744,3.359,-0.928,3.255,-2.123
2026-08-19 14:31:26.138,chair,0.958,0.829,0.946,1.015,11.7,18.6,6.9,0.829,0.019,0.912,0.252,1.004,-0.15
2026-08-19 14:31:26.138,chair,0.833,2.257,4.193,4.12,193.6,186.3,7.2,0.65,2.162,3.456,2.374,3.599,2.006
2026-08-19 14:31:26.138,dining table,0.599,1.874,3.485,3.886,161.1,201.2,40.1,0.686,-1.744,3.359,-0.928,3.255,-2.123
2026-08-19 14:31:26.188,chair,0.963,0.829,0.946,1.016,11.7,18.7,7.0,0.829,0.017,0.912,0.25,1.004,-0.153
2026-08-19 14:31:26.188,dining table,0.62,1.871,3.515,3.917,164.4,204.5,40.2,0.679,-1.744,3.388,-0.935,3.283,-2.137
2026-08-19 14:31:26.189,chair,0.578,2.249,4.191,4.119,194.2,187.0,7.3,0.65,2.153,3.456,2.371,3.6,2.002
2026-08-19 14:31:26.238,chair,0.963,0.831,0.946,1.016,11.5,18.5,7.0,0.831,0.017,0.912,0.25,1.004,-0.153
2026-08-19 14:31:26.239,dining table,0.62,1.885,3.515,3.917,163.0,203.2,40.2,0.684,-1.756,3.388,-0.935,3.283,-2.137
2026-08-19 14:31:26.239,chair,0.578,2.268,4.191,4.119,192.4,185.1,7.3,0.655,2.171,3.456,2.371,3.6,2.002
2026-08-19 14:31:26.288,chair,0.963,0.831,0.946,1.016,11.5,18.5,7.0,0.831,0.017,0.912,0.25,1.004,-0.153
2026-08-19 14:31:26.288,dining table,0.62,1.885,3.515,3.917,163.0,203.2,40.2,0.684,-1.756,3.388,-0.935,3.283,-2.137
2026-08-19 14:31:26.288,chair,0.578,2.268,4.191,4.119,192.4,185.1,7.3,0.655,2.171,3.456,2.371,3.6,2.002
2026-08-19 14:31:26.338,chair,0.955,0.831,0.946,1.016,11.5,18.5,7.0,0.831,0.017,0.912,0.25,1.004,-0.153
2026-08-19 14:31:26.338,chair,0.806,2.268,4.191,4.119,192.4,185.1,7.3,0.655,2.171,3.456,2.371,3.6,2.002
2026-08-19 14:31:26.339,dining table,0.605,1.885,3.516,3.919,163.2,203.5,40.3,0.684,-1.756,3.389,-0.938,3.283,-2.141
2026-08-19 14:31:26.388,chair,0.955,0.829,0.946,1.016,11.7,18.7,7.0,0.829,0.017,0.912,0.25,1.004,-0.153
2026-08-19 14:31:26.388,chair,0.806,2.249,4.191,4.119,194.2,187.0,7.3,0.65,2.153,3.456,2.371,3.6,2.002
2026-08-19 14:31:26.389,dining table,0.605,1.911,3.516,3.919,160.5,200.8,40.3,0.693,-1.781,3.389,-0.938,3.283,-2.141
2026-08-19 14:31:26.438,chair,0.883,0.829,0.946,1.016,11.7,18.7,6.9,0.829,0.019,0.912,0.251,1.004,-0.152
2026-08-19 14:31:26.439,chair,0.793,2.257,4.193,4.12,193.6,186.3,7.2,0.65,2.162,3.456,2.374,3.599,2.006
2026-08-19 14:31:26.439,dining table,0.584,1.914,3.485,3.886,157.1,197.3,40.1,0.7,-1.781,3.359,-0.928,3.255,-2.123
2026-08-19 14:31:26.489,chair,0.883,0.831,0.946,1.016,11.5,18.4,6.9,0.831,0.02,0.912,0.251,1.004,-0.152
2026-08-19 14:31:26.489,chair,0.793,2.276,4.193,4.12,191.7,184.5,7.2,0.655,2.18,3.456,2.374,3.599,2.006
2026-08-19 14:31:26.490,dining table,0.584,1.861,3.485,3.886,162.4,202.5,40.1,0.681,-1.732,3.359,-0.928,3.255,-2.123
2026-08-19 14:31:26.538,chair,0.883,0.831,0.946,1.016,11.5,18.4,6.9,0.831,0.02,0.912,0.251,1.004,-0.152
2026-08-19 14:31:26.539,chair,0.793,2.276,4.193,4.12,191.7,184.5,7.2,0.655,2.18,3.456,2.374,3.599,2.006
2026-08-19 14:31:26.539,dining table,0.584,1.861,3.485,3.886,162.4,202.5,40.1,0.681,-1.732,3.359,-0.928,3.255,-2.123
2026-08-19 14:31:26.590,chair,0.953,0.831,0.946,1.015,11.5,18.4,6.9,0.831,0.02,0.912,0.252,1.004,-0.15
2026-08-19 14:31:26.590,chair,0.822,2.276,4.193,4.12,191.7,184.5,7.2,0.655,2.18,3.456,2.374,3.599,2.006
2026-08-19 14:31:26.590,dining table,0.624,1.859,3.515,3.917,165.6,205.8,40.2,0.674,-1.732,3.388,-0.935,3.283,-2.137
2026-08-19 14:31:26.640,chair,0.953,0.827,0.946,1.015,12.0,18.9,6.9,0.826,0.019,0.912,0.252,1.004,-0.15
2026-08-19 14:31:26.641,chair,0.822,2.239,4.193,4.12,195.4,188.2,7.2,0.644,2.144,3.456,2.374,3.599,2.006
2026-08-19 14:31:26.641,dining table,0.624,1.885,3.515,3.917,163.0,203.2,40.2,0.684,-1.756,3.388,-0.935,3.283,-2.137
2026-08-19 14:31:26.689,chair,0.953,0.827,0.946,1.015,12.0,18.9,6.9,0.826,0.019,0.912,0.252,1.004,-0.15
2026-08-19 14:31:26.690,chair,0.822,2.239,4.193,4.12,195.4,188.2,7.2,0.644,2.144,3.456,2.374,3.599,2.006
2026-08-19 14:31:26.690,dining table,0.624,1.885,3.515,3.917,163.0,203.2,40.2,0.684,-1.756,3.388,-0.935,3.283,-2.137
2026-08-19 14:31:26.740,chair,0.962,0.827,0.946,1.016,12.0,18.9,6.9,0.826,0.019,0.912,0.251,1.004,-0.152
2026-08-19 14:31:26.740,chair,0.831,2.239,4.193,4.12,195.4,188.2,7.2,0.644,2.144,3.456,2.374,3.599,2.006
2026-08-19 14:31:26.740,dining table,0.605,1.885,3.515,3.917,163.0,203.2,40.2,0.684,-1.756,3.388,-0.935,3.283,-2.137
2026-08-19 14:31:26.789,chair,0.962,0.827,0.946,1.016,12.0,18.9,6.9,0.826,0.019,0.912,0.251,1.004,-0.152
2026-08-19 14:31:26.789,chair,0.831,2.276,4.193,4.12,191.7,184.5,7.2,0.655,2.18,3.456,2.374,3.599,2.006
2026-08-19 14:31:26.789,dining table,0.605,1.925,3.515,3.917,159.0,199.2,40.2,0.698,-1.794,3.388,-0.935,3.283,-2.137
2026-08-19 14:31:26.839,chair,0.959,0.827,0.946,1.016,12.0,18.9,6.9,0.826,0.019,0.912,0.251,1.004,-0.152
2026-08-19 14:31:26.839,chair,0.826,2.276,4.193,4.12,191.7,184.5,7.2,0.655,2.18,3.456,2.374,3.599,2.006
2026-08-19 14:31:26.840,dining table,0.616,1.927,3.485,3.886,155.8,195.9,40.1,0.705,-1.794,3.359,-0.928,3.255,-2.123
2026-08-19 14:31:26.889,chair,0.959,0.829,0.946,1.016,11.7,18.7,6.9,0.829,0.019,0.912,0.251,1.004,-0.152
2026-08-19 14:31:26.889,chair,0.826,2.239,4.193,4.12,195.4,188.2,7.2,0.644,2.144,3.456,2.374,3.599,2.006
2026-08-19 14:31:26.890,dining table,0.616,1.927,3.485,3.886,155.8,195.9,40.1,0.705,-1.794,3.359,-0.928,3.255,-2.123
2026-08-19 14:31:26.938,chair,0.959,0.829,0.946,1.016,11.7,18.7,6.9,0.829,0.019,0.912,0.251,1.004,-0.152
2026-08-19 14:31:26.939,chair,0.826,2.239,4.193,4.12,195.4,188.2,7.2,0.644,2.144,3.456,2.374,3.599,2.006
2026-08-19 14:31:26.939,dining table,0.616,1.927,3.485,3.886,155.8,195.9,40.1,0.705,-1.794,3.359,-0.928,3.255,-2.123
2026-08-19 14:31:26.988,chair,0.949,0.829,0.951,1.02,12.2,19.1,6.9,0.828,0.02,0.917,0.252,1.009,-0.152
2026-08-19 14:31:26.989,chair,0.79,2.231,4.191,4.119,196.1,188.8,7.3,0.644,2.136,3.456,2.371,3.6,2.002
2026-08-19 14:31:26.989,dining table,0.546,1.925,3.515,3.917,159.0,199.2,40.2,0.698,-1.794,3.388,-0.935,3.283,-2.137
2026-08-19 14:31:27.038,chair,0.949,0.836,0.951,1.02,11.5,18.4,6.9,0.836,0.02,0.917,0.252,1.009,-0.152
2026-08-19 14:31:27.038,chair,0.79,2.231,4.191,4.119,196.1,188.8,7.3,0.644,2.136,3.456,2.371,3.6,2.002
2026-08-19 14:31:27.038,dining table,0.546,1.871,3.515,3.917,164.4,204.5,40.2,0.679,-1.744,3.388,-0.935,3.283,-2.137
2026-08-19 14:31:27.087,chair,0.949,0.836,0.951,1.02,11.5,18.4,6.9,0.836,0.02,0.917,0.252,1.009,-0.152
2026-08-19 14:31:27.087,chair,0.79,2.231,4.191,4.119,196.1,188.8,7.3,0.644,2.136,3.456,2.371,3.6,2.002
2026-08-19 14:31:27.088,dining table,0.546,1.871,3.515,3.917,164.4,204.5,40.2,0.679,-1.744,3.388,-0.935,3.283,-2.137
2026-08-19 14:31:27.156,chair,0.955,0.836,0.946,1.015,11.0,17.9,6.9,0.836,0.02,0.912,0.252,1.004,-0.15
2026-08-19 14:31:27.157,chair,0.822,2.231,4.191,4.119,196.1,188.8,7.3,0.644,2.136,3.456,2.371,3.6,2.002
2026-08-19 14:31:27.157,dining table,0.626,1.871,3.515,3.917,164.4,204.5,40.2,0.679,-1.744,3.388,-0.935,3.283,-2.137
2026-08-19 14:31:27.207,chair,0.955,0.827,0.946,1.015,12.0,18.9,6.9,0.826,0.019,0.912,0.252,1.004,-0.15
2026-08-19 14:31:27.207,chair,0.822,2.249,4.191,4.119,194.2,187.0,7.3,0.65,2.153,3.456,2.371,3.6,2.002
2026-08-19 14:31:27.208,dining table,0.626,1.938,3.515,3.917,157.7,197.8,40.2,0.703,-1.806,3.388,-0.935,3.283,-2.137
2026-08-19 14:31:27.256,chair,0.955,0.827,0.946,1.015,12.0,18.9,6.9,0.826,0.019,0.912,0.252,1.004,-0.15
2026-08-19 14:31:27.256,chair,0.822,2.249,4.191,4.119,194.2,187.0,7.3,0.65,2.153,3.456,2.371,3.6,2.002
2026-08-19 14:31:27.257,dining table,0.626,1.938,3.515,3.917,157.7,197.8,40.2,0.703,-1.806,3.388,-0.935,3.283,-2.137
2026-08-19 14:31:27.308,chair,0.957,0.827,0.946,1.016,12.0,18.9,6.9,0.826,0.019,0.912,0.251,1.004,-0.152
2026-08-19 14:31:27.308,chair,0.805,2.249,4.191,4.119,194.2,187.0,7.3,0.65,2.153,3.456,2.371,3.6,2.002
2026-08-19 14:31:27.309,dining table,0.548,1.938,3.515,3.917,157.7,197.8,40.2,0.703,-1.806,3.388,-0.935,3.283,-2.137
2026-08-19 14:31:27.359,chair,0.957,0.824,0.946,1.016,12.2,19.1,6.9,0.824,0.019,0.912,0.251,1.004,-0.152
2026-08-19 14:31:27.359,chair,0.805,2.231,4.191,4.119,196.1,188.8,7.3,0.644,2.136,3.456,2.371,3.6,2.002
2026-08-19 14:31:27.360,dining table,0.548,1.871,3.515,3.917,164.4,204.5,40.2,0.679,-1.744,3.388,-0.935,3.283,-2.137
2026-08-19 14:31:27.421,chair,0.957,0.824,0.946,1.016,12.2,19.1,6.9,0.824,0.019,0.912,0.251,1.004,-0.152
2026-08-19 14:31:27.422,chair,0.805,2.231,4.191,4.119,196.1,188.8,7.3,0.644,2.136,3.456,2.371,3.6,2.002
2026-08-19 14:31:27.423,dining table,0.548,1.871,3.515,3.917,164.4,204.5,40.2,0.679,-1.744,3.388,-0.935,3.283,-2.137
2026-08-19 14:31:27.473,chair,0.955,0.824,0.946,1.015,12.2,19.1,6.9,0.824,0.019,0.912,0.252,1.004,-0.15
2026-08-19 14:31:27.474,chair,0.774,2.255,4.233,4.157,197.8,190.2,7.6,0.642,2.162,3.49,2.394,3.631,2.023
2026-08-19 14:31:27.474,dining table,0.567,1.871,3.515,3.917,164.4,204.5,40.2,0.679,-1.744,3.388,-0.935,3.283,-2.137
2026-08-19 14:31:27.524,chair,0.955,0.824,0.946,1.015,12.2,19.1,6.9,0.824,0.019,0.912,0.252,1.004,-0.15
2026-08-19 14:31:27.524,chair,0.774,2.236,4.233,4.157,199.6,192.0,7.6,0.637,2.144,3.49,2.394,3.631,2.023
2026-08-19 14:31:27.525,dining table,0.567,1.859,3.515,3.917,165.6,205.8,40.2,0.674,-1.732,3.388,-0.935,3.283,-2.137
2026-08-19 14:31:27.574,chair,0.955,0.824,0.946,1.015,12.2,19.1,6.9,0.824,0.019,0.912,0.252,1.004,-0.15
2026-08-19 14:31:27.575,chair,0.774,2.236,4.233,4.157,199.6,192.0,7.6,0.637,2.144,3.49,2.394,3.631,2.023
2026-08-19 14:31:27.575,dining table,0.567,1.859,3.515,3.917,165.6,205.8,40.2,0.674,-1.732,3.388,-0.935,3.283,-2.137
2026-08-19 14:31:27.625,chair,0.954,0.824,0.946,1.015,12.2,19.1,6.9,0.824,0.019,0.912,0.252,1.004,-0.15
2026-08-19 14:31:27.625,chair,0.792,2.231,4.191,4.119,196.1,188.8,7.3,0.644,2.136,3.456,2.371,3.6,2.002
2026-08-19 14:31:27.626,dining table,0.621,1.859,3.515,3.917,165.6,205.8,40.2,0.674,-1.732,3.388,-0.935,3.283,-2.137
2026-08-19 14:31:27.676,chair,0.954,0.827,0.946,1.015,12.0,18.9,6.9,0.826,0.019,0.912,0.252,1.004,-0.15
2026-08-19 14:31:27.677,chair,0.792,2.249,4.191,4.119,194.2,187.0,7.3,0.65,2.153,3.456,2.371,3.6,2.002
2026-08-19 14:31:27.677,dining table,0.621,1.871,3.515,3.917,164.4,204.5,40.2,0.679,-1.744,3.388,-0.935,3.283,-2.137
2026-08-19 14:31:27.731,chair,0.954,0.827,0.946,1.015,12.0,18.9,6.9,0.826,0.019,0.912,0.252,1.004,-0.15
2026-08-19 14:31:27.732,chair,0.792,2.249,4.191,4.119,194.2,187.0,7.3,0.65,2.153,3.456,2.371,3.6,2.002
2026-08-19 14:31:27.732,dining table,0.621,1.871,3.515,3.917,164.4,204.5,40.2,0.679,-1.744,3.388,-0.935,3.283,-2.137
2026-08-19 14:31:27.782,chair,0.954,0.831,0.946,1.015,11.5,18.4,6.9,0.831,0.02,0.912,0.252,1.004,-0.15
2026-08-19 14:31:27.783,chair,0.792,2.231,4.191,4.119,196.1,188.8,7.3,0.644,2.136,3.456,2.371,3.6,2.002
2026-08-19 14:31:27.783,dining table,0.621,1.885,3.515,3.917,163.0,203.2,40.2,0.684,-1.756,3.388,-0.935,3.283,-2.137
2026-08-19 14:31:27.833,chair,0.954,0.831,0.946,1.015,11.5,18.4,6.9,0.831,0.02,0.912,0.252,1.004,-0.15
2026-08-19 14:31:27.833,chair,0.792,2.231,4.191,4.119,196.1,188.8,7.3,0.644,2.136,3.456,2.371,3.6,2.002
2026-08-19 14:31:27.834,dining table,0.621,1.885,3.515,3.917,163.0,203.2,40.2,0.684,-1.756,3.388,-0.935,3.283,-2.137
2026-08-19 14:31:27.883,chair,0.95,0.831,0.946,1.015,11.5,18.4,6.9,0.831,0.02,0.912,0.252,1.004,-0.15
2026-08-19 14:31:27.884,chair,0.727,2.231,4.191,4.119,196.1,188.8,7.3,0.644,2.136,3.456,2.371,3.6,2.002
2026-08-19 14:31:27.884,dining table,0.545,1.885,3.516,3.919,163.2,203.5,40.3,0.684,-1.756,3.389,-0.938,3.283,-2.141
2026-08-19 14:31:27.935,chair,0.95,0.831,0.946,1.015,11.5,18.4,6.9,0.831,0.02,0.912,0.252,1.004,-0.15
2026-08-19 14:31:27.935,chair,0.727,2.249,4.191,4.119,194.2,187.0,7.3,0.65,2.153,3.456,2.371,3.6,2.002
2026-08-19 14:31:27.936,dining table,0.545,1.871,3.516,3.919,164.5,204.8,40.3,0.679,-1.744,3.389,-0.938,3.283,-2.141
2026-08-19 14:31:27.985,chair,0.954,0.831,0.946,1.015,11.5,18.4,6.9,0.831,0.02,0.912,0.252,1.004,-0.15
2026-08-19 14:31:27.986,chair,0.803,2.249,4.191,4.119,194.2,187.0,7.3,0.65,2.153,3.456,2.371,3.6,2.002
2026-08-19 14:31:27.986,dining table,0.595,1.871,3.515,3.917,164.4,204.5,40.2,0.679,-1.744,3.388,-0.935,3.283,-2.137
2026-08-19 14:31:28.037,chair,0.954,0.834,0.946,1.015,11.3,18.2,6.9,0.833,0.02,0.912,0.252,1.004,-0.15
2026-08-19 14:31:28.037,chair,0.803,2.231,4.191,4.119,196.1,188.8,7.3,0.644,2.136,3.456,2.371,3.6,2.002
2026-08-19 14:31:28.038,dining table,0.595,1.925,3.515,3.917,159.0,199.2,40.2,0.698,-1.794,3.388,-0.935,3.283,-2.137
2026-08-19 14:31:28.087,chair,0.954,0.834,0.946,1.015,11.3,18.2,6.9,0.833,0.02,0.912,0.252,1.004,-0.15
2026-08-19 14:31:28.087,chair,0.803,2.231,4.191,4.119,196.1,188.8,7.3,0.644,2.136,3.456,2.371,3.6,2.002
2026-08-19 14:31:28.088,dining table,0.595,1.925,3.515,3.917,159.0,199.2,40.2,0.698,-1.794,3.388,-0.935,3.283,-2.137
2026-08-19 14:31:28.138,chair,0.954,0.834,0.946,1.016,11.2,18.2,6.9,0.833,0.02,0.912,0.251,1.004,-0.152
2026-08-19 14:31:28.138,chair,0.744,2.238,4.231,4.155,199.4,191.7,7.7,0.639,2.145,3.491,2.391,3.632,2.019
2026-08-19 14:31:28.139,dining table,0.637,1.911,3.516,3.919,160.5,200.8,40.3,0.693,-1.781,3.389,-0.938,3.283,-2.141
2026-08-19 14:31:28.189,chair,0.954,0.831,0.946,1.016,11.5,18.4,6.9,0.831,0.02,0.912,0.251,1.004,-0.152
2026-08-19 14:31:28.190,chair,0.744,2.266,4.231,4.155,196.6,188.9,7.7,0.647,2.171,3.491,2.391,3.632,2.019
2026-08-19 14:31:28.190,dining table,0.637,1.925,3.516,3.919,159.2,199.5,40.3,0.698,-1.794,3.389,-0.938,3.283,-2.141
2026-08-19 14:31:28.241,chair,0.954,0.831,0.946,1.016,11.5,18.4,6.9,0.831,0.02,0.912,0.251,1.004,-0.152
2026-08-19 14:31:28.241,chair,0.744,2.266,4.231,4.155,196.6,188.9,7.7,0.647,2.171,3.491,2.391,3.632,2.019
2026-08-19 14:31:28.242,dining table,0.637,1.925,3.516,3.919,159.2,199.5,40.3,0.698,-1.794,3.389,-0.938,3.283,-2.141
2026-08-19 14:31:28.293,chair,0.96,0.831,0.946,1.016,11.5,18.4,6.9,0.831,0.02,0.912,0.251,1.004,-0.152
2026-08-19 14:31:28.293,chair,0.714,2.249,4.191,4.119,194.2,187.0,7.3,0.65,2.153,3.456,2.371,3.6,2.002
2026-08-19 14:31:28.293,dining table,0.571,1.925,3.515,3.917,159.0,199.2,40.2,0.698,-1.794,3.388,-0.935,3.283,-2.137
2026-08-19 14:31:28.344,chair,0.96,0.831,0.946,1.016,11.5,18.4,6.9,0.831,0.02,0.912,0.251,1.004,-0.152
2026-08-19 14:31:28.345,chair,0.714,2.249,4.191,4.119,194.2,187.0,7.3,0.65,2.153,3.456,2.371,3.6,2.002
2026-08-19 14:31:28.346,dining table,0.571,1.885,3.515,3.917,163.0,203.2,40.2,0.684,-1.756,3.388,-0.935,3.283,-2.137
2026-08-19 14:31:28.396,chair,0.956,0.831,0.946,1.015,11.5,18.4,6.9,0.831,0.02,0.912,0.252,1.004,-0.15
2026-08-19 14:31:28.397,chair,0.805,2.249,4.191,4.119,194.2,187.0,7.3,0.65,2.153,3.456,2.371,3.6,2.002
2026-08-19 14:31:28.397,dining table,0.608,1.885,3.516,3.919,163.2,203.5,40.3,0.684,-1.756,3.389,-0.938,3.283,-2.141
2026-08-19 14:31:28.447,chair,0.956,0.827,0.946,1.015,12.0,18.9,6.9,0.826,0.019,0.912,0.252,1.004,-0.15
2026-08-19 14:31:28.448,chair,0.805,2.249,4.191,4.119,194.2,187.0,7.3,0.65,2.153,3.456,2.371,3.6,2.002
2026-08-19 14:31:28.448,dining table,0.608,1.898,3.516,3.919,161.9,202.1,40.3,0.689,-1.769,3.389,-0.938,3.283,-2.141
2026-08-19 14:31:28.498,chair,0.956,0.827,0.946,1.015,12.0,18.9,6.9,0.826,0.019,0.912,0.252,1.004,-0.15
2026-08-19 14:31:28.499,chair,0.805,2.249,4.191,4.119,194.2,187.0,7.3,0.65,2.153,3.456,2.371,3.6,2.002
2026-08-19 14:31:28.499,dining table,0.608,1.898,3.516,3.919,161.9,202.1,40.3,0.689,-1.769,3.389,-0.938,3.283,-2.141
2026-08-19 14:31:28.550,chair,0.957,0.827,0.946,1.015,12.0,18.9,6.9,0.826,0.019,0.912,0.252,1.004,-0.15
2026-08-19 14:31:28.550,chair,0.826,2.257,4.193,4.12,193.6,186.3,7.2,0.65,2.162,3.456,2.374,3.599,2.006
2026-08-19 14:31:28.550,dining table,0.535,1.898,3.515,3.917,161.7,201.9,40.2,0.689,-1.769,3.388,-0.935,3.283,-2.137
2026-08-19 14:31:28.601,chair,0.957,0.827,0.946,1.015,12.0,18.9,6.9,0.826,0.019,0.912,0.252,1.004,-0.15
2026-08-19 14:31:28.601,chair,0.826,2.257,4.193,4.12,193.6,186.3,7.2,0.65,2.162,3.456,2.374,3.599,2.006
2026-08-19 14:31:28.601,dining table,0.535,1.911,3.515,3.917,160.4,200.6,40.2,0.693,-1.781,3.388,-0.935,3.283,-2.137
2026-08-19 14:31:28.651,chair,0.957,0.827,0.946,1.015,12.0,18.9,6.9,0.826,0.019,0.912,0.252,1.004,-0.15
2026-08-19 14:31:28.652,chair,0.826,2.257,4.193,4.12,193.6,186.3,7.2,0.65,2.162,3.456,2.374,3.599,2.006
2026-08-19 14:31:28.652,dining table,0.535,1.911,3.515,3.917,160.4,200.6,40.2,0.693,-1.781,3.388,-0.935,3.283,-2.137
2026-08-19 14:31:28.703,chair,0.961,0.827,0.946,1.016,12.0,18.9,6.9,0.826,0.019,0.912,0.251,1.004,-0.152
2026-08-19 14:31:28.703,chair,0.799,2.247,4.231,4.155,198.4,190.8,7.7,0.642,2.153,3.491,2.391,3.632,2.019
2026-08-19 14:31:28.703,dining table,0.572,1.911,3.515,3.917,160.4,200.6,40.2,0.693,-1.781,3.388,-0.935,3.283,-2.137
2026-08-19 14:31:28.755,chair,0.961,0.829,0.946,1.016,11.7,18.7,6.9,0.829,0.019,0.912,0.251,1.004,-0.152
2026-08-19 14:31:28.755,chair,0.799,2.247,4.231,4.155,198.4,190.8,7.7,0.642,2.153,3.491,2.391,3.632,2.019
2026-08-19 14:31:28.756,dining table,0.572,1.911,3.515,3.917,160.4,200.6,40.2,0.693,-1.781,3.388,-0.935,3.283,-2.137
2026-08-19 14:31:28.807,chair,0.961,0.829,0.946,1.016,11.7,18.7,6.9,0.829,0.019,0.912,0.251,1.004,-0.152
2026-08-19 14:31:28.808,chair,0.793,2.249,4.191,4.119,194.2,187.0,7.3,0.65,2.153,3.456,2.371,3.6,2.002
2026-08-19 14:31:28.808,dining table,0.654,1.911,3.515,3.917,160.4,200.6,40.2,0.693,-1.781,3.388,-0.935,3.283,-2.137
2026-08-19 14:31:28.860,chair,0.961,0.827,0.946,1.016,12.0,18.9,6.9,0.826,0.019,0.912,0.251,1.004,-0.152
2026-08-19 14:31:28.860,chair,0.793,2.231,4.191,4.119,196.1,188.8,7.3,0.644,2.136,3.456,2.371,3.6,2.002
2026-08-19 14:31:28.861,dining table,0.654,1.885,3.515,3.917,163.0,203.2,40.2,0.684,-1.756,3.388,-0.935,3.283,-2.137
2026-08-19 14:31:28.911,chair,0.961,0.827,0.946,1.016,12.0,18.9,6.9,0.826,0.019,0.912,0.251,1.004,-0.152
2026-08-19 14:31:28.912,chair,0.793,2.231,4.191,4.119,196.1,188.8,7.3,0.644,2.136,3.456,2.371,3.6,2.002
2026-08-19 14:31:28.912,dining table,0.654,1.885,3.515,3.917,163.0,203.2,40.2,0.684,-1.756,3.388,-0.935,3.283,-2.137
2026-08-19 14:31:28.963,chair,0.953,0.827,0.946,1.015,12.0,18.9,6.9,0.826,0.019,0.912,0.252,1.004,-0.15
2026-08-19 14:31:28.964,chair,0.82,2.231,4.191,4.119,196.1,188.8,7.3,0.644,2.136,3.456,2.371,3.6,2.002
2026-08-19 14:31:28.964,dining table,0.534,1.885,3.516,3.919,163.2,203.5,40.3,0.684,-1.756,3.389,-0.938,3.283,-2.141
2026-08-19 14:31:29.015,chair,0.953,0.827,0.946,1.015,12.0,18.9,6.9,0.826,0.019,0.912,0.252,1.004,-0.15
2026-08-19 14:31:29.015,chair,0.82,2.249,4.191,4.119,194.2,187.0,7.3,0.65,2.153,3.456,2.371,3.6,2.002
2026-08-19 14:31:29.016,dining table,0.534,1.898,3.516,3.919,161.9,202.1,40.3,0.689,-1.769,3.389,-0.938,3.283,-2.141
2026-08-19 14:31:29.066,chair,0.961,0.827,0.946,1.016,12.0,18.9,6.9,0.826,0.019,0.912,0.251,1.004,-0.152
2026-08-19 14:31:29.067,chair,0.83,2.249,4.191,4.119,194.2,187.0,7.3,0.65,2.153,3.456,2.371,3.6,2.002
2026-08-19 14:31:29.067,dining table,0.52,1.898,3.515,3.917,161.7,201.9,40.2,0.689,-1.769,3.388,-0.935,3.283,-2.137
2026-08-19 14:31:29.117,chair,0.961,0.827,0.946,1.016,12.0,18.9,6.9,0.826,0.019,0.912,0.251,1.004,-0.152
2026-08-19 14:31:29.118,chair,0.83,2.231,4.191,4.119,196.1,188.8,7.3,0.644,2.136,3.456,2.371,3.6,2.002
2026-08-19 14:31:29.118,dining table,0.52,1.925,3.515,3.917,159.0,199.2,40.2,0.698,-1.794,3.388,-0.935,3.283,-2.137
2026-08-19 14:31:29.168,chair,0.961,0.827,0.946,1.016,12.0,18.9,6.9,0.826,0.019,0.912,0.251,1.004,-0.152
2026-08-19 14:31:29.168,chair,0.83,2.231,4.191,4.119,196.1,188.8,7.3,0.644,2.136,3.456,2.371,3.6,2.002
2026-08-19 14:31:29.168,dining table,0.52,1.925,3.515,3.917,159.0,199.2,40.2,0.698,-1.794,3.388,-0.935,3.283,-2.137
2026-08-19 14:31:29.219,chair,0.949,0.827,0.946,1.015,12.0,18.9,6.9,0.826,0.019,0.912,0.252,1.004,-0.15
2026-08-19 14:31:29.219,chair,0.804,2.231,4.191,4.119,196.1,188.8,7.3,0.644,2.136,3.456,2.371,3.6,2.002
2026-08-19 14:31:29.220,dining table,0.634,1.925,3.515,3.917,159.0,199.2,40.2,0.698,-1.794,3.388,-0.935,3.283,-2.137
2026-08-19 14:31:29.270,chair,0.949,0.827,0.946,1.015,12.0,18.9,6.9,0.826,0.019,0.912,0.252,1.004,-0.15
2026-08-19 14:31:29.270,chair,0.804,2.231,4.191,4.119,196.1,188.8,7.3,0.644,2.136,3.456,2.371,3.6,2.002
2026-08-19 14:31:29.271,dining table,0.634,1.925,3.515,3.917,159.0,199.2,40.2,0.698,-1.794,3.388,-0.935,3.283,-2.137
2026-08-19 14:31:29.320,chair,0.954,0.827,0.946,1.015,12.0,18.9,6.9,0.826,0.019,0.912,0.252,1.004,-0.15
2026-08-19 14:31:29.320,chair,0.819,2.231,4.191,4.119,196.1,188.8,7.3,0.644,2.136,3.456,2.371,3.6,2.002
2026-08-19 14:31:29.321,dining table,0.532,1.925,3.515,3.917,159.0,199.2,40.2,0.698,-1.794,3.388,-0.935,3.283,-2.137
2026-08-19 14:31:29.371,chair,0.954,0.831,0.946,1.015,11.5,18.4,6.9,0.831,0.02,0.912,0.252,1.004,-0.15
2026-08-19 14:31:29.372,chair,0.819,2.231,4.191,4.119,196.1,188.8,7.3,0.644,2.136,3.456,2.371,3.6,2.002
2026-08-19 14:31:29.372,dining table,0.532,1.898,3.515,3.917,161.7,201.9,40.2,0.689,-1.769,3.388,-0.935,3.283,-2.137
2026-08-19 14:31:29.421,chair,0.954,0.831,0.946,1.015,11.5,18.4,6.9,0.831,0.02,0.912,0.252,1.004,-0.15
2026-08-19 14:31:29.422,chair,0.819,2.231,4.191,4.119,196.1,188.8,7.3,0.644,2.136,3.456,2.371,3.6,2.002
2026-08-19 14:31:29.422,dining table,0.532,1.898,3.515,3.917,161.7,201.9,40.2,0.689,-1.769,3.388,-0.935,3.283,-2.137
2026-08-19 14:31:29.473,chair,0.952,0.831,0.946,1.015,11.5,18.4,6.9,0.831,0.02,0.912,0.252,1.004,-0.15
2026-08-19 14:31:29.473,chair,0.807,2.231,4.191,4.119,196.1,188.8,7.3,0.644,2.136,3.456,2.371,3.6,2.002
2026-08-19 14:31:29.474,dining table,0.612,1.898,3.515,3.917,161.7,201.9,40.2,0.689,-1.769,3.388,-0.935,3.283,-2.137
2026-08-19 14:31:29.525,chair,0.952,0.827,0.946,1.015,12.0,18.9,6.9,0.826,0.019,0.912,0.252,1.004,-0.15
2026-08-19 14:31:29.525,chair,0.807,2.249,4.191,4.119,194.2,187.0,7.3,0.65,2.153,3.456,2.371,3.6,2.002
2026-08-19 14:31:29.526,dining table,0.612,1.846,3.515,3.917,166.9,207.1,40.2,0.67,-1.72,3.388,-0.935,3.283,-2.137
2026-08-19 14:31:29.576,chair,0.952,0.827,0.946,1.015,12.0,18.9,6.9,0.826,0.019,0.912,0.252,1.004,-0.15
2026-08-19 14:31:29.577,chair,0.807,2.249,4.191,4.119,194.2,187.0,7.3,0.65,2.153,3.456,2.371,3.6,2.002
2026-08-19 14:31:29.577,dining table,0.612,1.846,3.515,3.917,166.9,207.1,40.2,0.67,-1.72,3.388,-0.935,3.283,-2.137
2026-08-19 14:31:29.626,chair,0.96,0.827,0.946,1.015,12.0,18.9,6.9,0.826,0.019,0.912,0.252,1.004,-0.15
2026-08-19 14:31:29.627,chair,0.804,2.257,4.193,4.12,193.6,186.3,7.2,0.65,2.162,3.456,2.374,3.599,2.006
2026-08-19 14:31:29.627,dining table,0.597,1.846,3.515,3.917,166.9,207.1,40.2,0.67,-1.72,3.388,-0.935,3.283,-2.137
2026-08-19 14:31:29.678,chair,0.96,0.827,0.946,1.015,12.0,18.9,6.9,0.826,0.019,0.912,0.252,1.004,-0.15
2026-08-19 14:31:29.678,chair,0.804,2.257,4.193,4.12,193.6,186.3,7.2,0.65,2.162,3.456,2.374,3.599,2.006
2026-08-19 14:31:29.679,dining table,0.597,1.846,3.515,3.917,166.9,207.1,40.2,0.67,-1.72,3.388,-0.935,3.283,-2.137
2026-08-19 14:31:29.729,chair,0.96,0.824,0.946,1.015,12.2,19.1,6.9,0.824,0.019,0.912,0.252,1.004,-0.15
2026-08-19 14:31:29.729,chair,0.804,2.276,4.193,4.12,191.7,184.5,7.2,0.655,2.18,3.456,2.374,3.599,2.006
2026-08-19 14:31:29.730,dining table,0.597,1.898,3.515,3.917,161.7,201.9,40.2,0.689,-1.769,3.388,-0.935,3.283,-2.137
2026-08-19 14:31:29.779,chair,0.96,0.824,0.946,1.015,12.2,19.1,6.9,0.824,0.019,0.912,0.252,1.004,-0.15
2026-08-19 14:31:29.780,chair,0.804,2.276,4.193,4.12,191.7,184.5,7.2,0.655,2.18,3.456,2.374,3.599,2.006
2026-08-19 14:31:29.780,dining table,0.597,1.898,3.515,3.917,161.7,201.9,40.2,0.689,-1.769,3.388,-0.935,3.283,-2.137
2026-08-19 14:31:29.834,chair,0.96,0.824,0.946,1.015,12.2,19.1,6.9,0.824,0.019,0.912,0.252,1.004,-0.15
2026-08-19 14:31:29.835,chair,0.804,2.276,4.193,4.12,191.7,184.5,7.2,0.655,2.18,3.456,2.374,3.599,2.006
2026-08-19 14:31:29.835,dining table,0.597,1.898,3.515,3.917,161.7,201.9,40.2,0.689,-1.769,3.388,-0.935,3.283,-2.137
2026-08-19 14:31:29.885,chair,0.96,0.824,0.946,1.015,12.2,19.1,6.9,0.824,0.019,0.912,0.252,1.004,-0.15
2026-08-19 14:31:29.885,chair,0.804,2.276,4.193,4.12,191.7,184.5,7.2,0.655,2.18,3.456,2.374,3.599,2.006
2026-08-19 14:31:29.886,dining table,0.597,1.898,3.515,3.917,161.7,201.9,40.2,0.689,-1.769,3.388,-0.935,3.283,-2.137
2026-08-19 14:31:29.936,chair,0.912,0.824,0.946,1.016,12.2,19.1,6.9,0.824,0.019,0.912,0.251,1.004,-0.152
2026-08-19 14:31:29.937,chair,0.805,2.276,4.193,4.12,191.7,184.5,7.2,0.655,2.18,3.456,2.374,3.599,2.006
2026-08-19 14:31:29.937,dining table,0.55,1.898,3.515,3.917,161.7,201.9,40.2,0.689,-1.769,3.388,-0.935,3.283,-2.137
2026-08-19 14:31:29.988,chair,0.912,0.834,0.946,1.016,11.2,18.2,6.9,0.833,0.02,0.912,0.251,1.004,-0.152
2026-08-19 14:31:29.988,chair,0.805,2.257,4.193,4.12,193.6,186.3,7.2,0.65,2.162,3.456,2.374,3.599,2.006
2026-08-19 14:31:29.988,dining table,0.55,1.885,3.515,3.917,163.0,203.2,40.2,0.684,-1.756,3.388,-0.935,3.283,-2.137
2026-08-19 14:31:30.039,chair,0.912,0.834,0.946,1.016,11.2,18.2,6.9,0.833,0.02,0.912,0.251,1.004,-0.152
2026-08-19 14:31:30.039,chair,0.805,2.257,4.193,4.12,193.6,186.3,7.2,0.65,2.162,3.456,2.374,3.599,2.006
2026-08-19 14:31:30.040,dining table,0.55,1.885,3.515,3.917,163.0,203.2,40.2,0.684,-1.756,3.388,-0.935,3.283,-2.137
2026-08-19 14:31:30.090,chair,0.957,0.834,0.946,1.015,11.3,18.2,6.9,0.833,0.02,0.912,0.252,1.004,-0.15
2026-08-19 14:31:30.091,chair,0.791,2.257,4.193,4.12,193.6,186.3,7.2,0.65,2.162,3.456,2.374,3.599,2.006
2026-08-19 14:31:30.091,dining table,0.585,1.887,3.485,3.886,159.8,199.9,40.1,0.69,-1.756,3.359,-0.928,3.255,-2.123
2026-08-19 14:31:30.142,chair,0.957,0.831,0.946,1.015,11.5,18.4,6.9,0.831,0.02,0.912,0.252,1.004,-0.15
2026-08-19 14:31:30.142,chair,0.791,2.239,4.193,4.12,195.4,188.2,7.2,0.644,2.144,3.456,2.374,3.599,2.006
2026-08-19 14:31:30.143,dining table,0.585,1.914,3.485,3.886,157.1,197.3,40.1,0.7,-1.781,3.359,-0.928,3.255,-2.123
2026-08-19 14:31:30.193,chair,0.957,0.831,0.946,1.015,11.5,18.4,6.9,0.831,0.02,0.912,0.252,1.004,-0.15
2026-08-19 14:31:30.193,chair,0.791,2.239,4.193,4.12,195.4,188.2,7.2,0.644,2.144,3.456,2.374,3.599,2.006
2026-08-19 14:31:30.194,dining table,0.585,1.914,3.485,3.886,157.1,197.3,40.1,0.7,-1.781,3.359,-0.928,3.255,-2.123
2026-08-19 14:31:30.244,chair,0.957,0.822,0.946,1.015,12.5,19.4,6.9,0.822,0.019,0.912,0.252,1.004,-0.15
2026-08-19 14:31:30.244,chair,0.791,2.239,4.193,4.12,195.4,188.2,7.2,0.644,2.144,3.456,2.374,3.599,2.006
2026-08-19 14:31:30.245,dining table,0.585,1.848,3.485,3.886,163.7,203.8,40.1,0.676,-1.72,3.359,-0.928,3.255,-2.123
2026-08-19 14:31:30.296,chair,0.957,0.822,0.946,1.015,12.5,19.4,6.9,0.822,0.019,0.912,0.252,1.004,-0.15
2026-08-19 14:31:30.297,chair,0.791,2.239,4.193,4.12,195.4,188.2,7.2,0.644,2.144,3.456,2.374,3.599,2.006
2026-08-19 14:31:30.297,dining table,0.585,1.848,3.485,3.886,163.7,203.8,40.1,0.676,-1.72,3.359,-0.928,3.255,-2.123
2026-08-19 14:31:30.348,chair,0.955,0.822,0.946,1.015,12.5,19.4,6.9,0.822,0.019,0.912,0.252,1.004,-0.15
2026-08-19 14:31:30.349,chair,0.789,2.239,4.193,4.12,195.4,188.2,7.2,0.644,2.144,3.456,2.374,3.599,2.006
2026-08-19 14:31:30.349,dining table,0.599,1.846,3.515,3.917,166.9,207.1,40.2,0.67,-1.72,3.388,-0.935,3.283,-2.137
2026-08-19 14:31:30.398,chair,0.955,0.829,0.946,1.015,11.7,18.6,6.9,0.829,0.019,0.912,0.252,1.004,-0.15
2026-08-19 14:31:30.399,chair,0.789,2.257,4.193,4.12,193.6,186.3,7.2,0.65,2.162,3.456,2.374,3.599,2.006
2026-08-19 14:31:30.399,dining table,0.599,1.885,3.515,3.917,163.0,203.2,40.2,0.684,-1.756,3.388,-0.935,3.283,-2.137
2026-08-19 14:31:30.449,chair,0.955,0.829,0.946,1.015,11.7,18.6,6.9,0.829,0.019,0.912,0.252,1.004,-0.15
2026-08-19 14:31:30.449,chair,0.789,2.257,4.193,4.12,193.6,186.3,7.2,0.65,2.162,3.456,2.374,3.599,2.006
2026-08-19 14:31:30.450,dining table,0.599,1.885,3.515,3.917,163.0,203.2,40.2,0.684,-1.756,3.388,-0.935,3.283,-2.137
2026-08-19 14:31:30.500,chair,0.952,0.829,0.946,1.015,11.7,18.6,6.9,0.829,0.019,0.912,0.252,1.004,-0.15
2026-08-19 14:31:30.501,chair,0.819,2.257,4.193,4.12,193.6,186.3,7.2,0.65,2.162,3.456,2.374,3.599,2.006
2026-08-19 14:31:30.501,dining table,0.565,1.885,3.515,3.917,163.0,203.2,40.2,0.684,-1.756,3.388,-0.935,3.283,-2.137
2026-08-19 14:31:30.550,chair,0.952,0.829,0.946,1.015,11.7,18.6,6.9,0.829,0.019,0.912,0.252,1.004,-0.15
2026-08-19 14:31:30.551,chair,0.819,2.257,4.193,4.12,193.6,186.3,7.2,0.65,2.162,3.456,2.374,3.599,2.006
2026-08-19 14:31:30.551,dining table,0.565,1.885,3.515,3.917,163.0,203.2,40.2,0.684,-1.756,3.388,-0.935,3.283,-2.137
2026-08-19 14:31:30.602,chair,0.958,0.829,0.946,1.015,11.7,18.6,6.9,0.829,0.019,0.912,0.252,1.004,-0.15
2026-08-19 14:31:30.603,chair,0.819,2.257,4.193,4.12,193.6,186.3,7.2,0.65,2.162,3.456,2.374,3.599,2.006
2026-08-19 14:31:30.604,dining table,0.572,1.885,3.515,3.917,163.0,203.2,40.2,0.684,-1.756,3.388,-0.935,3.283,-2.137
2026-08-19 14:31:30.661,chair,0.958,0.831,0.946,1.015,11.5,18.4,6.9,0.831,0.02,0.912,0.252,1.004,-0.15
2026-08-19 14:31:30.661,chair,0.819,2.257,4.193,4.12,193.6,186.3,7.2,0.65,2.162,3.456,2.374,3.599,2.006
2026-08-19 14:31:30.662,dining table,0.572,1.859,3.515,3.917,165.6,205.8,40.2,0.674,-1.732,3.388,-0.935,3.283,-2.137
2026-08-19 14:31:30.712,chair,0.958,0.831,0.946,1.015,11.5,18.4,6.9,0.831,0.02,0.912,0.252,1.004,-0.15
2026-08-19 14:31:30.712,chair,0.819,2.257,4.193,4.12,193.6,186.3,7.2,0.65,2.162,3.456,2.374,3.599,2.006
2026-08-19 14:31:30.712,dining table,0.572,1.859,3.515,3.917,165.6,205.8,40.2,0.674,-1.732,3.388,-0.935,3.283,-2.137
2026-08-19 14:31:30.762,chair,0.958,0.831,0.946,1.015,11.5,18.4,6.9,0.831,0.02,0.912,0.252,1.004,-0.15
2026-08-19 14:31:30.763,chair,0.819,2.257,4.193,4.12,193.6,186.3,7.2,0.65,2.162,3.456,2.374,3.599,2.006
2026-08-19 14:31:30.763,dining table,0.572,1.859,3.515,3.917,165.6,205.8,40.2,0.674,-1.732,3.388,-0.935,3.283,-2.137
2026-08-19 14:31:30.815,chair,0.96,0.831,0.946,1.016,11.5,18.4,6.9,0.831,0.02,0.912,0.251,1.004,-0.152
2026-08-19 14:31:30.816,chair,0.835,2.257,4.193,4.12,193.6,186.3,7.2,0.65,2.162,3.456,2.374,3.599,2.006
2026-08-19 14:31:30.816,dining table,0.666,1.859,3.515,3.917,165.6,205.8,40.2,0.674,-1.732,3.388,-0.935,3.283,-2.137
2026-08-19 14:31:30.866,chair,0.96,0.829,0.946,1.016,11.7,18.7,6.9,0.829,0.019,0.912,0.251,1.004,-0.152
2026-08-19 14:31:30.867,chair,0.835,2.257,4.193,4.12,193.6,186.3,7.2,0.65,2.162,3.456,2.374,3.599,2.006
2026-08-19 14:31:30.867,dining table,0.666,1.967,3.515,3.917,154.9,195.0,40.2,0.713,-1.833,3.388,-0.935,3.283,-2.137
2026-08-19 14:31:30.919,chair,0.96,0.829,0.946,1.016,11.7,18.7,6.9,0.829,0.019,0.912,0.251,1.004,-0.152
2026-08-19 14:31:30.919,chair,0.835,2.257,4.193,4.12,193.6,186.3,7.2,0.65,2.162,3.456,2.374,3.599,2.006
2026-08-19 14:31:30.919,dining table,0.666,1.967,3.515,3.917,154.9,195.0,40.2,0.713,-1.833,3.388,-0.935,3.283,-2.137
2026-08-19 14:31:30.969,chair,0.96,0.829,0.946,1.016,11.7,18.7,6.9,0.829,0.019,0.912,0.251,1.004,-0.152
2026-08-19 14:31:30.970,chair,0.835,2.257,4.193,4.12,193.6,186.3,7.2,0.65,2.162,3.456,2.374,3.599,2.006
2026-08-19 14:31:30.970,dining table,0.666,1.967,3.515,3.917,154.9,195.0,40.2,0.713,-1.833,3.388,-0.935,3.283,-2.137
2026-08-19 14:31:31.021,chair,0.96,0.829,0.946,1.016,11.7,18.7,6.9,0.829,0.019,0.912,0.251,1.004,-0.152
2026-08-19 14:31:31.021,chair,0.835,2.257,4.193,4.12,193.6,186.3,7.2,0.65,2.162,3.456,2.374,3.599,2.006
2026-08-19 14:31:31.022,dining table,0.666,1.967,3.515,3.917,154.9,195.0,40.2,0.713,-1.833,3.388,-0.935,3.283,-2.137
2026-08-19 14:31:31.072,chair,0.956,0.829,0.946,1.015,11.7,18.6,6.9,0.829,0.019,0.912,0.252,1.004,-0.15
2026-08-19 14:31:31.073,chair,0.768,2.274,4.233,4.157,195.9,188.3,7.6,0.647,2.18,3.49,2.394,3.631,2.023
2026-08-19 14:31:31.073,dining table,0.587,1.967,3.515,3.917,154.9,195.0,40.2,0.713,-1.833,3.388,-0.935,3.283,-2.137
2026-08-19 14:31:31.123,chair,0.956,0.831,0.946,1.015,11.5,18.4,6.9,0.831,0.02,0.912,0.252,1.004,-0.15
2026-08-19 14:31:31.124,chair,0.768,2.274,4.233,4.157,195.9,188.3,7.6,0.647,2.18,3.49,2.394,3.631,2.023
2026-08-19 14:31:31.124,dining table,0.587,1.938,3.515,3.917,157.7,197.8,40.2,0.703,-1.806,3.388,-0.935,3.283,-2.137
2026-08-19 14:31:31.174,chair,0.956,0.831,0.946,1.015,11.5,18.4,6.9,0.831,0.02,0.912,0.252,1.004,-0.15
2026-08-19 14:31:31.174,chair,0.768,2.274,4.233,4.157,195.9,188.3,7.6,0.647,2.18,3.49,2.394,3.631,2.023
2026-08-19 14:31:31.175,dining table,0.587,1.938,3.515,3.917,157.7,197.8,40.2,0.703,-1.806,3.388,-0.935,3.283,-2.137
2026-08-19 14:31:31.227,chair,0.958,0.831,0.951,1.02,12.0,18.9,6.9,0.831,0.02,0.917,0.252,1.009,-0.152
2026-08-19 14:31:31.227,chair,0.794,2.257,4.193,4.12,193.6,186.3,7.2,0.65,2.162,3.456,2.374,3.599,2.006
2026-08-19 14:31:31.230,dining table,0.625,1.938,3.516,3.919,157.8,198.1,40.3,0.703,-1.806,3.389,-0.938,3.283,-2.141
2026-08-19 14:31:31.285,chair,0.958,0.831,0.951,1.02,12.0,18.9,6.9,0.831,0.02,0.917,0.252,1.009,-0.152
2026-08-19 14:31:31.285,chair,0.794,2.257,4.193,4.12,193.6,186.3,7.2,0.65,2.162,3.456,2.374,3.599,2.006
2026-08-19 14:31:31.286,dining table,0.625,1.938,3.516,3.919,157.8,198.1,40.3,0.703,-1.806,3.389,-0.938,3.283,-2.141
2026-08-19 14:31:31.336,chair,0.819,2.249,4.191,4.119,194.2,187.0,7.3,0.65,2.153,3.456,2.371,3.6,2.002
2026-08-19 14:31:31.337,dining table,0.591,1.941,3.485,3.886,154.4,194.5,40.1,0.71,-1.806,3.359,-0.928,3.255,-2.123
2026-08-19 14:31:31.387,chair,0.819,2.231,4.191,4.119,196.1,188.8,7.3,0.644,2.136,3.456,2.371,3.6,2.002
2026-08-19 14:31:31.388,dining table,0.591,1.887,3.485,3.886,159.8,199.9,40.1,0.69,-1.756,3.359,-0.928,3.255,-2.123
2026-08-19 14:31:31.437,chair,0.819,2.231,4.191,4.119,196.1,188.8,7.3,0.644,2.136,3.456,2.371,3.6,2.002
2026-08-19 14:31:31.438,dining table,0.591,1.887,3.485,3.886,159.8,199.9,40.1,0.69,-1.756,3.359,-0.928,3.255,-2.123
2026-08-19 14:31:31.487,chair,0.807,2.247,4.231,4.155,198.4,190.8,7.7,0.642,2.153,3.491,2.391,3.632,2.019
2026-08-19 14:31:31.487,chair,0.618,0.827,0.946,1.015,12.0,18.9,6.9,0.826,0.019,0.912,0.252,1.004,-0.15
2026-08-19 14:31:31.488,dining table,0.618,1.885,3.515,3.917,163.0,203.2,40.2,0.684,-1.756,3.388,-0.935,3.283,-2.137
2026-08-19 14:31:31.538,chair,0.807,2.247,4.231,4.155,198.4,190.8,7.7,0.642,2.153,3.491,2.391,3.632,2.019
2026-08-19 14:31:31.539,chair,0.618,0.827,0.946,1.015,12.0,18.9,6.9,0.826,0.019,0.912,0.252,1.004,-0.15
2026-08-19 14:31:31.539,dining table,0.618,1.885,3.515,3.917,163.0,203.2,40.2,0.684,-1.756,3.388,-0.935,3.283,-2.137
2026-08-19 14:31:31.589,chair,0.807,2.247,4.231,4.155,198.4,190.8,7.7,0.642,2.153,3.491,2.391,3.632,2.019
2026-08-19 14:31:31.589,chair,0.618,0.827,0.946,1.015,12.0,18.9,6.9,0.826,0.019,0.912,0.252,1.004,-0.15
2026-08-19 14:31:31.590,dining table,0.618,1.885,3.515,3.917,163.0,203.2,40.2,0.684,-1.756,3.388,-0.935,3.283,-2.137
2026-08-19 14:31:31.640,chair,0.962,0.827,0.946,1.016,12.0,18.9,6.9,0.826,0.019,0.912,0.251,1.004,-0.152
2026-08-19 14:31:31.640,chair,0.8,2.257,4.193,4.12,193.6,186.3,7.2,0.65,2.162,3.456,2.374,3.599,2.006
2026-08-19 14:31:31.641,dining table,0.583,1.885,3.515,3.917,163.0,203.2,40.2,0.684,-1.756,3.388,-0.935,3.283,-2.137
2026-08-19 14:31:31.690,chair,0.962,0.827,0.946,1.016,12.0,18.9,6.9,0.826,0.019,0.912,0.251,1.004,-0.152
2026-08-19 14:31:31.691,chair,0.8,2.257,4.193,4.12,193.6,186.3,7.2,0.65,2.162,3.456,2.374,3.599,2.006
2026-08-19 14:31:31.691,dining table,0.583,1.885,3.515,3.917,163.0,203.2,40.2,0.684,-1.756,3.388,-0.935,3.283,-2.137
2026-08-19 14:31:31.741,chair,0.962,0.827,0.946,1.016,12.0,18.9,6.9,0.826,0.019,0.912,0.251,1.004,-0.152
2026-08-19 14:31:31.741,chair,0.8,2.257,4.193,4.12,193.6,186.3,7.2,0.65,2.162,3.456,2.374,3.599,2.006
2026-08-19 14:31:31.742,dining table,0.583,1.885,3.515,3.917,163.0,203.2,40.2,0.684,-1.756,3.388,-0.935,3.283,-2.137
2026-08-19 14:31:31.793,chair,0.962,0.827,0.946,1.016,12.0,18.9,6.9,0.826,0.019,0.912,0.251,1.004,-0.152
2026-08-19 14:31:31.794,chair,0.8,2.276,4.193,4.12,191.7,184.5,7.2,0.655,2.18,3.456,2.374,3.599,2.006
2026-08-19 14:31:31.794,dining table,0.583,1.859,3.515,3.917,165.6,205.8,40.2,0.674,-1.732,3.388,-0.935,3.283,-2.137
2026-08-19 14:31:31.843,chair,0.962,0.827,0.946,1.016,12.0,18.9,6.9,0.826,0.019,0.912,0.251,1.004,-0.152
2026-08-19 14:31:31.844,chair,0.8,2.276,4.193,4.12,191.7,184.5,7.2,0.655,2.18,3.456,2.374,3.599,2.006
2026-08-19 14:31:31.844,dining table,0.583,1.859,3.515,3.917,165.6,205.8,40.2,0.674,-1.732,3.388,-0.935,3.283,-2.137
2026-08-19 14:31:31.893,chair,0.962,0.827,0.946,1.016,12.0,18.9,6.9,0.826,0.019,0.912,0.251,1.004,-0.152
2026-08-19 14:31:31.894,chair,0.8,2.276,4.193,4.12,191.7,184.5,7.2,0.655,2.18,3.456,2.374,3.599,2.006
2026-08-19 14:31:31.894,dining table,0.583,1.859,3.515,3.917,165.6,205.8,40.2,0.674,-1.732,3.388,-0.935,3.283,-2.137
2026-08-19 14:31:31.945,chair,0.96,0.827,0.946,1.015,12.0,18.9,6.9,0.826,0.019,0.912,0.252,1.004,-0.15
2026-08-19 14:31:31.945,chair,0.817,2.276,4.193,4.12,191.7,184.5,7.2,0.655,2.18,3.456,2.374,3.599,2.006
2026-08-19 14:31:31.945,dining table,0.662,1.848,3.485,3.886,163.7,203.8,40.1,0.676,-1.72,3.359,-0.928,3.255,-2.123
2026-08-19 14:31:31.996,chair,0.96,0.827,0.946,1.015,12.0,18.9,6.9,0.826,0.019,0.912,0.252,1.004,-0.15
2026-08-19 14:31:31.996,chair,0.817,2.276,4.193,4.12,191.7,184.5,7.2,0.655,2.18,3.456,2.374,3.599,2.006
2026-08-19 14:31:31.997,dining table,0.662,1.848,3.485,3.886,163.7,203.8,40.1,0.676,-1.72,3.359,-0.928,3.255,-2.123
2026-08-19 14:31:32.047,chair,0.96,0.827,0.946,1.015,12.0,18.9,6.9,0.826,0.019,0.912,0.252,1.004,-0.15
2026-08-19 14:31:32.048,chair,0.752,2.259,4.191,4.119,193.3,186.0,7.3,0.652,2.162,3.456,2.371,3.6,2.002
2026-08-19 14:31:32.048,dining table,0.704,1.848,3.485,3.886,163.7,203.8,40.1,0.676,-1.72,3.359,-0.928,3.255,-2.123
2026-08-19 14:31:32.099,chair,0.96,0.831,0.946,1.015,11.5,18.4,6.9,0.831,0.02,0.912,0.252,1.004,-0.15
2026-08-19 14:31:32.099,chair,0.752,2.287,4.191,4.119,190.4,183.2,7.3,0.661,2.19,3.456,2.371,3.6,2.002
2026-08-19 14:31:32.100,dining table,0.704,1.914,3.485,3.886,157.1,197.3,40.1,0.7,-1.781,3.359,-0.928,3.255,-2.123
2026-08-19 14:31:32.150,chair,0.892,0.831,0.946,1.016,11.5,18.4,6.9,0.831,0.02,0.912,0.251,1.004,-0.152
2026-08-19 14:31:32.151,chair,0.788,2.293,4.233,4.157,194.0,186.4,7.6,0.653,2.198,3.49,2.394,3.631,2.023
2026-08-19 14:31:32.151,dining table,0.628,1.914,3.485,3.886,157.1,197.3,40.1,0.7,-1.781,3.359,-0.928,3.255,-2.123
2026-08-19 14:31:32.201,chair,0.892,0.829,0.946,1.016,11.7,18.7,6.9,0.829,0.019,0.912,0.251,1.004,-0.152
2026-08-19 14:31:32.201,chair,0.788,2.274,4.233,4.157,195.9,188.3,7.6,0.647,2.18,3.49,2.394,3.631,2.023
2026-08-19 14:31:32.202,dining table,0.628,1.9,3.485,3.886,158.5,198.6,40.1,0.695,-1.769,3.359,-0.928,3.255,-2.123
2026-08-19 14:31:32.252,chair,0.892,0.829,0.946,1.016,11.7,18.7,6.9,0.829,0.019,0.912,0.251,1.004,-0.152
2026-08-19 14:31:32.252,chair,0.788,2.274,4.233,4.157,195.9,188.3,7.6,0.647,2.18,3.49,2.394,3.631,2.023
2026-08-19 14:31:32.252,dining table,0.628,1.9,3.485,3.886,158.5,198.6,40.1,0.695,-1.769,3.359,-0.928,3.255,-2.123
2026-08-19 14:31:32.303,chair,0.962,0.829,0.946,1.015,11.7,18.6,6.9,0.829,0.019,0.912,0.252,1.004,-0.15
2026-08-19 14:31:32.303,chair,0.793,2.268,4.191,4.119,192.4,185.1,7.3,0.655,2.171,3.456,2.371,3.6,2.002
2026-08-19 14:31:32.304,dining table,0.564,1.9,3.485,3.886,158.5,198.6,40.1,0.695,-1.769,3.359,-0.928,3.255,-2.123
2026-08-19 14:31:32.354,chair,0.962,0.829,0.946,1.015,11.7,18.6,6.9,0.829,0.019,0.912,0.252,1.004,-0.15
2026-08-19 14:31:32.354,chair,0.793,2.268,4.191,4.119,192.4,185.1,7.3,0.655,2.171,3.456,2.371,3.6,2.002
2026-08-19 14:31:32.355,dining table,0.564,1.914,3.485,3.886,157.1,197.3,40.1,0.7,-1.781,3.359,-0.928,3.255,-2.123
2026-08-19 14:31:32.404,chair,0.962,0.829,0.946,1.015,11.7,18.6,6.9,0.829,0.019,0.912,0.252,1.004,-0.15
2026-08-19 14:31:32.405,chair,0.793,2.268,4.191,4.119,192.4,185.1,7.3,0.655,2.171,3.456,2.371,3.6,2.002
2026-08-19 14:31:32.405,dining table,0.564,1.914,3.485,3.886,157.1,197.3,40.1,0.7,-1.781,3.359,-0.928,3.255,-2.123
2026-08-19 14:31:32.455,chair,0.963,0.829,0.946,1.016,11.7,18.7,6.9,0.829,0.019,0.912,0.251,1.004,-0.152
2026-08-19 14:31:32.456,chair,0.836,2.268,4.191,4.119,192.4,185.1,7.3,0.655,2.171,3.456,2.371,3.6,2.002
2026-08-19 14:31:32.456,dining table,0.625,1.914,3.485,3.886,157.1,197.3,40.1,0.7,-1.781,3.359,-0.928,3.255,-2.123
2026-08-19 14:31:32.507,chair,0.963,0.827,0.946,1.016,12.0,18.9,6.9,0.826,0.019,0.912,0.251,1.004,-0.152
2026-08-19 14:31:32.508,chair,0.836,2.268,4.191,4.119,192.4,185.1,7.3,0.655,2.171,3.456,2.371,3.6,2.002
2026-08-19 14:31:32.508,dining table,0.625,1.887,3.485,3.886,159.8,199.9,40.1,0.69,-1.756,3.359,-0.928,3.255,-2.123
2026-08-19 14:31:32.559,chair,0.962,0.824,0.942,1.011,11.8,18.7,6.9,0.824,0.019,0.908,0.252,1.0,-0.15
2026-08-19 14:31:32.560,chair,0.75,2.268,4.191,4.119,192.4,185.1,7.3,0.655,2.171,3.456,2.371,3.6,2.002
2026-08-19 14:31:32.560,dining table,0.592,1.887,3.485,3.886,159.8,199.9,40.1,0.69,-1.756,3.359,-0.928,3.255,-2.123
2026-08-19 14:31:32.611,chair,0.962,0.827,0.942,1.011,11.5,18.4,6.9,0.827,0.019,0.908,0.252,1.0,-0.15
2026-08-19 14:31:32.612,chair,0.75,2.268,4.191,4.119,192.4,185.1,7.3,0.655,2.171,3.456,2.371,3.6,2.002
2026-08-19 14:31:32.612,dining table,0.592,1.9,3.485,3.886,158.5,198.6,40.1,0.695,-1.769,3.359,-0.928,3.255,-2.123
2026-08-19 14:31:32.662,chair,0.962,0.827,0.942,1.011,11.5,18.4,6.9,0.827,0.019,0.908,0.252,1.0,-0.15
2026-08-19 14:31:32.662,chair,0.75,2.268,4.191,4.119,192.4,185.1,7.3,0.655,2.171,3.456,2.371,3.6,2.002
2026-08-19 14:31:32.663,dining table,0.592,1.9,3.485,3.886,158.5,198.6,40.1,0.695,-1.769,3.359,-0.928,3.255,-2.123
2026-08-19 14:31:32.713,chair,0.958,0.827,0.946,1.015,12.0,18.9,6.9,0.826,0.019,0.912,0.252,1.004,-0.15
2026-08-19 14:31:32.714,chair,0.792,2.268,4.191,4.119,192.4,185.1,7.3,0.655,2.171,3.456,2.371,3.6,2.002
2026-08-19 14:31:32.714,dining table,0.549,1.9,3.485,3.886,158.5,198.6,40.1,0.695,-1.769,3.359,-0.928,3.255,-2.123
2026-08-19 14:31:32.768,chair,0.958,0.824,0.946,1.015,12.2,19.1,6.9,0.824,0.019,0.912,0.252,1.004,-0.15
2026-08-19 14:31:32.769,chair,0.792,2.268,4.191,4.119,192.4,185.1,7.3,0.655,2.171,3.456,2.371,3.6,2.002
2026-08-19 14:31:32.769,dining table,0.549,1.914,3.485,3.886,157.1,197.3,40.1,0.7,-1.781,3.359,-0.928,3.255,-2.123
2026-08-19 14:31:32.819,chair,0.958,0.824,0.946,1.015,12.2,19.1,6.9,0.824,0.019,0.912,0.252,1.004,-0.15
2026-08-19 14:31:32.820,chair,0.792,2.268,4.191,4.119,192.4,185.1,7.3,0.655,2.171,3.456,2.371,3.6,2.002
2026-08-19 14:31:32.820,dining table,0.549,1.914,3.485,3.886,157.1,197.3,40.1,0.7,-1.781,3.359,-0.928,3.255,-2.123
2026-08-19 14:31:32.871,chair,0.778,2.276,4.193,4.12,191.7,184.5,7.2,0.655,2.18,3.456,2.374,3.599,2.006
2026-08-19 14:31:32.872,chair,0.659,0.824,0.946,1.016,12.2,19.1,6.9,0.824,0.019,0.912,0.251,1.004,-0.152
2026-08-19 14:31:32.872,dining table,0.651,1.914,3.485,3.886,157.1,197.3,40.1,0.7,-1.781,3.359,-0.928,3.255,-2.123
2026-08-19 14:31:32.923,chair,0.778,2.276,4.193,4.12,191.7,184.5,7.2,0.655,2.18,3.456,2.374,3.599,2.006
2026-08-19 14:31:32.923,chair,0.659,0.827,0.946,1.016,12.0,18.9,6.9,0.826,0.019,0.912,0.251,1.004,-0.152
2026-08-19 14:31:32.924,dining table,0.651,1.887,3.485,3.886,159.8,199.9,40.1,0.69,-1.756,3.359,-0.928,3.255,-2.123
2026-08-19 14:31:32.974,chair,0.778,2.276,4.193,4.12,191.7,184.5,7.2,0.655,2.18,3.456,2.374,3.599,2.006
2026-08-19 14:31:32.974,chair,0.659,0.827,0.946,1.016,12.0,18.9,6.9,0.826,0.019,0.912,0.251,1.004,-0.152
2026-08-19 14:31:32.975,dining table,0.651,1.887,3.485,3.886,159.8,199.9,40.1,0.69,-1.756,3.359,-0.928,3.255,-2.123
2026-08-19 14:31:33.025,chair,0.951,0.827,0.946,1.015,12.0,18.9,6.9,0.826,0.019,0.912,0.252,1.004,-0.15
2026-08-19 14:31:33.026,chair,0.8,2.268,4.191,4.119,192.4,185.1,7.3,0.655,2.171,3.456,2.371,3.6,2.002
2026-08-19 14:31:33.026,dining table,0.521,1.9,3.485,3.886,158.5,198.6,40.1,0.695,-1.769,3.359,-0.928,3.255,-2.123
2026-08-19 14:31:33.077,chair,0.951,0.831,0.946,1.015,11.5,18.4,6.9,0.831,0.02,0.912,0.252,1.004,-0.15
2026-08-19 14:31:33.077,chair,0.8,2.287,4.191,4.119,190.4,183.2,7.3,0.661,2.19,3.456,2.371,3.6,2.002
2026-08-19 14:31:33.078,dining table,0.521,1.887,3.485,3.886,159.8,199.9,40.1,0.69,-1.756,3.359,-0.928,3.255,-2.123
2026-08-19 14:31:33.129,chair,0.951,0.831,0.946,1.015,11.5,18.4,6.9,0.831,0.02,0.912,0.252,1.004,-0.15
2026-08-19 14:31:33.129,chair,0.8,2.287,4.191,4.119,190.4,183.2,7.3,0.661,2.19,3.456,2.371,3.6,2.002
2026-08-19 14:31:33.129,dining table,0.521,1.887,3.485,3.886,159.8,199.9,40.1,0.69,-1.756,3.359,-0.928,3.255,-2.123
2026-08-19 14:31:33.180,chair,0.958,0.831,0.946,1.015,11.5,18.4,6.9,0.831,0.02,0.912,0.252,1.004,-0.15
2026-08-19 14:31:33.181,chair,0.755,2.285,4.231,4.155,194.7,187.0,7.7,0.653,2.19,3.491,2.391,3.632,2.019
2026-08-19 14:31:33.181,dining table,0.57,1.887,3.485,3.886,159.8,199.9,40.1,0.69,-1.756,3.359,-0.928,3.255,-2.123
2026-08-19 14:31:33.231,chair,0.958,0.831,0.946,1.015,11.5,18.4,6.9,0.831,0.02,0.912,0.252,1.004,-0.15
2026-08-19 14:31:33.231,chair,0.755,2.285,4.231,4.155,194.7,187.0,7.7,0.653,2.19,3.491,2.391,3.632,2.019
2026-08-19 14:31:33.232,dining table,0.57,1.874,3.485,3.886,161.1,201.2,40.1,0.686,-1.744,3.359,-0.928,3.255,-2.123
2026-08-19 14:31:33.282,chair,0.958,0.831,0.946,1.015,11.5,18.4,6.9,0.831,0.02,0.912,0.252,1.004,-0.15
2026-08-19 14:31:33.282,chair,0.755,2.285,4.231,4.155,194.7,187.0,7.7,0.653,2.19,3.491,2.391,3.632,2.019
2026-08-19 14:31:33.283,dining table,0.57,1.874,3.485,3.886,161.1,201.2,40.1,0.686,-1.744,3.359,-0.928,3.255,-2.123
2026-08-19 14:31:33.334,chair,0.946,0.831,0.946,1.015,11.5,18.4,6.9,0.831,0.02,0.912,0.252,1.004,-0.15
2026-08-19 14:31:33.334,chair,0.816,2.268,4.191,4.119,192.4,185.1,7.3,0.655,2.171,3.456,2.371,3.6,2.002
2026-08-19 14:31:33.335,dining table,0.582,1.874,3.485,3.886,161.1,201.2,40.1,0.686,-1.744,3.359,-0.928,3.255,-2.123
2026-08-19 14:31:33.385,chair,0.946,0.822,0.946,1.015,12.5,19.4,6.9,0.822,0.019,0.912,0.252,1.004,-0.15
2026-08-19 14:31:33.386,chair,0.816,2.231,4.191,4.119,196.1,188.8,7.3,0.644,2.136,3.456,2.371,3.6,2.002
2026-08-19 14:31:33.386,dining table,0.582,1.887,3.485,3.886,159.8,199.9,40.1,0.69,-1.756,3.359,-0.928,3.255,-2.123
2026-08-19 14:31:33.437,chair,0.929,0.822,0.946,1.015,12.5,19.4,6.9,0.822,0.019,0.912,0.252,1.004,-0.15
2026-08-19 14:31:33.437,chair,0.815,2.239,4.193,4.12,195.4,188.2,7.2,0.644,2.144,3.456,2.374,3.599,2.006
2026-08-19 14:31:33.437,dining table,0.54,1.887,3.485,3.886,159.8,199.9,40.1,0.69,-1.756,3.359,-0.928,3.255,-2.123
2026-08-19 14:31:33.488,chair,0.929,0.834,0.946,1.015,11.3,18.2,6.9,0.833,0.02,0.912,0.252,1.004,-0.15
2026-08-19 14:31:33.488,chair,0.815,2.239,4.193,4.12,195.4,188.2,7.2,0.644,2.144,3.456,2.374,3.599,2.006
2026-08-19 14:31:33.489,dining table,0.54,1.848,3.485,3.886,163.7,203.8,40.1,0.676,-1.72,3.359,-0.928,3.255,-2.123
2026-08-19 14:31:33.539,chair,0.929,0.834,0.946,1.015,11.3,18.2,6.9,0.833,0.02,0.912,0.252,1.004,-0.15
2026-08-19 14:31:33.539,chair,0.815,2.239,4.193,4.12,195.4,188.2,7.2,0.644,2.144,3.456,2.374,3.599,2.006
2026-08-19 14:31:33.540,dining table,0.54,1.848,3.485,3.886,163.7,203.8,40.1,0.676,-1.72,3.359,-0.928,3.255,-2.123
2026-08-19 14:31:33.590,chair,0.96,0.834,0.946,1.015,11.3,18.2,6.9,0.833,0.02,0.912,0.252,1.004,-0.15
2026-08-19 14:31:33.591,chair,0.824,2.239,4.193,4.12,195.4,188.2,7.2,0.644,2.144,3.456,2.374,3.599,2.006
2026-08-19 14:31:33.591,dining table,0.682,1.848,3.485,3.886,163.7,203.8,40.1,0.676,-1.72,3.359,-0.928,3.255,-2.123
2026-08-19 14:31:33.642,chair,0.96,0.834,0.946,1.015,11.3,18.2,6.9,0.833,0.02,0.912,0.252,1.004,-0.15
2026-08-19 14:31:33.642,chair,0.824,2.239,4.193,4.12,195.4,188.2,7.2,0.644,2.144,3.456,2.374,3.599,2.006
2026-08-19 14:31:33.642,dining table,0.682,1.848,3.485,3.886,163.7,203.8,40.1,0.676,-1.72,3.359,-0.928,3.255,-2.123
2026-08-19 14:31:33.693,chair,0.958,0.834,0.946,1.016,11.2,18.2,6.9,0.833,0.02,0.912,0.251,1.004,-0.152
2026-08-19 14:31:33.694,chair,0.707,2.239,4.193,4.12,195.4,188.2,7.2,0.644,2.144,3.456,2.374,3.599,2.006
2026-08-19 14:31:33.694,dining table,0.634,1.848,3.485,3.886,163.7,203.8,40.1,0.676,-1.72,3.359,-0.928,3.255,-2.123
2026-08-19 14:31:33.746,chair,0.958,0.827,0.946,1.016,12.0,18.9,6.9,0.826,0.019,0.912,0.251,1.004,-0.152
2026-08-19 14:31:33.746,chair,0.707,2.257,4.193,4.12,193.6,186.3,7.2,0.65,2.162,3.456,2.374,3.599,2.006
2026-08-19 14:31:33.746,dining table,0.634,1.848,3.485,3.886,163.7,203.8,40.1,0.676,-1.72,3.359,-0.928,3.255,-2.123
2026-08-19 14:31:33.797,chair,0.958,0.827,0.946,1.016,12.0,18.9,6.9,0.826,0.019,0.912,0.251,1.004,-0.152
2026-08-19 14:31:33.797,chair,0.707,2.257,4.193,4.12,193.6,186.3,7.2,0.65,2.162,3.456,2.374,3.599,2.006
2026-08-19 14:31:33.798,dining table,0.634,1.848,3.485,3.886,163.7,203.8,40.1,0.676,-1.72,3.359,-0.928,3.255,-2.123
2026-08-19 14:31:33.848,chair,0.961,0.827,0.946,1.015,12.0,18.9,6.9,0.826,0.019,0.912,0.252,1.004,-0.15
2026-08-19 14:31:33.849,chair,0.755,2.249,4.191,4.119,194.2,187.0,7.3,0.65,2.153,3.456,2.371,3.6,2.002
2026-08-19 14:31:33.849,dining table,0.619,1.848,3.485,3.886,163.7,203.8,40.1,0.676,-1.72,3.359,-0.928,3.255,-2.123
2026-08-19 14:31:33.900,chair,0.961,0.827,0.946,1.015,12.0,18.9,6.9,0.826,0.019,0.912,0.252,1.004,-0.15
2026-08-19 14:31:33.900,chair,0.755,2.249,4.191,4.119,194.2,187.0,7.3,0.65,2.153,3.456,2.371,3.6,2.002
2026-08-19 14:31:33.900,dining table,0.619,1.848,3.485,3.886,163.7,203.8,40.1,0.676,-1.72,3.359,-0.928,3.255,-2.123
2026-08-19 14:31:33.951,chair,0.879,0.827,0.946,1.016,12.0,18.9,6.9,0.826,0.019,0.912,0.251,1.004,-0.152
2026-08-19 14:31:33.951,chair,0.812,2.257,4.193,4.12,193.6,186.3,7.2,0.65,2.162,3.456,2.374,3.599,2.006
2026-08-19 14:31:33.952,dining table,0.6,1.848,3.485,3.886,163.7,203.8,40.1,0.676,-1.72,3.359,-0.928,3.255,-2.123
2026-08-19 14:31:34.003,chair,0.879,0.829,0.946,1.016,11.7,18.7,6.9,0.829,0.019,0.912,0.251,1.004,-0.152
2026-08-19 14:31:34.003,chair,0.812,2.257,4.193,4.12,193.6,186.3,7.2,0.65,2.162,3.456,2.374,3.599,2.006
2026-08-19 14:31:34.006,dining table,0.6,1.887,3.485,3.886,159.8,199.9,40.1,0.69,-1.756,3.359,-0.928,3.255,-2.123
2026-08-19 14:31:34.061,chair,0.879,0.829,0.946,1.016,11.7,18.7,6.9,0.829,0.019,0.912,0.251,1.004,-0.152
2026-08-19 14:31:34.062,chair,0.812,2.257,4.193,4.12,193.6,186.3,7.2,0.65,2.162,3.456,2.374,3.599,2.006
2026-08-19 14:31:34.062,dining table,0.6,1.887,3.485,3.886,159.8,199.9,40.1,0.69,-1.756,3.359,-0.928,3.255,-2.123
2026-08-19 14:31:34.113,chair,0.968,0.829,0.946,1.016,11.7,18.7,6.9,0.829,0.019,0.912,0.251,1.004,-0.152
2026-08-19 14:31:34.113,chair,0.802,2.249,4.191,4.119,194.2,187.0,7.3,0.65,2.153,3.456,2.371,3.6,2.002
2026-08-19 14:31:34.114,dining table,0.632,1.887,3.485,3.886,159.8,199.9,40.1,0.69,-1.756,3.359,-0.928,3.255,-2.123
2026-08-19 14:31:34.167,chair,0.968,0.829,0.946,1.016,11.7,18.7,6.9,0.829,0.019,0.912,0.251,1.004,-0.152
2026-08-19 14:31:34.167,chair,0.802,2.287,4.191,4.119,190.4,183.2,7.3,0.661,2.19,3.456,2.371,3.6,2.002
2026-08-19 14:31:34.167,dining table,0.632,1.861,3.485,3.886,162.4,202.5,40.1,0.681,-1.732,3.359,-0.928,3.255,-2.123
2026-08-19 14:31:34.218,chair,0.968,0.829,0.946,1.016,11.7,18.7,6.9,0.829,0.019,0.912,0.251,1.004,-0.152
2026-08-19 14:31:34.218,chair,0.802,2.287,4.191,4.119,190.4,183.2,7.3,0.661,2.19,3.456,2.371,3.6,2.002
2026-08-19 14:31:34.218,dining table,0.632,1.861,3.485,3.886,162.4,202.5,40.1,0.681,-1.732,3.359,-0.928,3.255,-2.123
2026-08-19 14:31:34.293,chair,0.968,0.829,0.946,1.016,11.7,18.7,6.9,0.829,0.019,0.912,0.251,1.004,-0.152
2026-08-19 14:31:34.294,chair,0.802,2.287,4.191,4.119,190.4,183.2,7.3,0.661,2.19,3.456,2.371,3.6,2.002
2026-08-19 14:31:34.294,dining table,0.632,1.861,3.485,3.886,162.4,202.5,40.1,0.681,-1.732,3.359,-0.928,3.255,-2.123
2026-08-19 14:31:34.346,chair,0.968,0.829,0.946,1.016,11.7,18.7,6.9,0.829,0.019,0.912,0.251,1.004,-0.152
2026-08-19 14:31:34.346,chair,0.802,2.287,4.191,4.119,190.4,183.2,7.3,0.661,2.19,3.456,2.371,3.6,2.002
2026-08-19 14:31:34.347,dining table,0.632,1.861,3.485,3.886,162.4,202.5,40.1,0.681,-1.732,3.359,-0.928,3.255,-2.123
2026-08-19 14:31:34.401,chair,0.968,0.829,0.946,1.016,11.7,18.7,6.9,0.829,0.019,0.912,0.251,1.004,-0.152
2026-08-19 14:31:34.401,chair,0.802,2.268,4.191,4.119,192.4,185.1,7.3,0.655,2.171,3.456,2.371,3.6,2.002
2026-08-19 14:31:34.401,dining table,0.632,1.914,3.485,3.886,157.1,197.3,40.1,0.7,-1.781,3.359,-0.928,3.255,-2.123
2026-08-19 14:31:34.451,chair,0.968,0.829,0.946,1.016,11.7,18.7,6.9,0.829,0.019,0.912,0.251,1.004,-0.152
2026-08-19 14:31:34.452,chair,0.802,2.268,4.191,4.119,192.4,185.1,7.3,0.655,2.171,3.456,2.371,3.6,2.002
2026-08-19 14:31:34.452,dining table,0.632,1.914,3.485,3.886,157.1,197.3,40.1,0.7,-1.781,3.359,-0.928,3.255,-2.123
2026-08-19 14:31:34.535,chair,0.968,0.829,0.946,1.016,11.7,18.7,6.9,0.829,0.019,0.912,0.251,1.004,-0.152
2026-08-19 14:31:34.535,chair,0.802,2.268,4.191,4.119,192.4,185.1,7.3,0.655,2.171,3.456,2.371,3.6,2.002
2026-08-19 14:31:34.536,dining table,0.632,1.914,3.485,3.886,157.1,197.3,40.1,0.7,-1.781,3.359,-0.928,3.255,-2.123
2026-08-19 14:31:34.601,chair,0.968,0.827,0.946,1.016,12.0,18.9,6.9,0.826,0.019,0.912,0.251,1.004,-0.152
2026-08-19 14:31:34.601,chair,0.802,2.231,4.191,4.119,196.1,188.8,7.3,0.644,2.136,3.456,2.371,3.6,2.002
2026-08-19 14:31:34.602,dining table,0.632,1.836,3.485,3.886,164.9,205.0,40.1,0.672,-1.709,3.359,-0.928,3.255,-2.123
2026-08-19 14:31:34.690,chair,0.968,0.827,0.946,1.016,12.0,18.9,6.9,0.826,0.019,0.912,0.251,1.004,-0.152
2026-08-19 14:31:34.691,chair,0.802,2.231,4.191,4.119,196.1,188.8,7.3,0.644,2.136,3.456,2.371,3.6,2.002
2026-08-19 14:31:34.691,dining table,0.632,1.836,3.485,3.886,164.9,205.0,40.1,0.672,-1.709,3.359,-0.928,3.255,-2.123
2026-08-19 14:31:34.742,chair,0.961,0.827,0.946,1.015,12.0,18.9,6.9,0.826,0.019,0.912,0.252,1.004,-0.15
2026-08-19 14:31:34.742,chair,0.817,2.239,4.193,4.12,195.4,188.2,7.2,0.644,2.144,3.456,2.374,3.599,2.006
2026-08-19 14:31:34.743,dining table,0.669,1.836,3.485,3.886,164.9,205.0,40.1,0.672,-1.709,3.359,-0.928,3.255,-2.123
2026-08-19 14:31:34.794,chair,0.961,0.824,0.946,1.015,12.2,19.1,6.9,0.824,0.019,0.912,0.252,1.004,-0.15
2026-08-19 14:31:34.794,chair,0.817,2.257,4.193,4.12,193.6,186.3,7.2,0.65,2.162,3.456,2.374,3.599,2.006
2026-08-19 14:31:34.794,dining table,0.669,1.861,3.485,3.886,162.4,202.5,40.1,0.681,-1.732,3.359,-0.928,3.255,-2.123
2026-08-19 14:31:34.845,chair,0.961,0.824,0.946,1.015,12.2,19.1,6.9,0.824,0.019,0.912,0.252,1.004,-0.15
2026-08-19 14:31:34.845,chair,0.817,2.257,4.193,4.12,193.6,186.3,7.2,0.65,2.162,3.456,2.374,3.599,2.006
2026-08-19 14:31:34.845,dining table,0.669,1.861,3.485,3.886,162.4,202.5,40.1,0.681,-1.732,3.359,-0.928,3.255,-2.123
2026-08-19 14:31:34.896,chair,0.94,0.824,0.946,1.015,12.2,19.1,6.9,0.824,0.019,0.912,0.252,1.004,-0.15
2026-08-19 14:31:34.896,chair,0.809,2.257,4.193,4.12,193.6,186.3,7.2,0.65,2.162,3.456,2.374,3.599,2.006
2026-08-19 14:31:34.897,dining table,0.604,1.867,3.484,3.884,161.6,201.7,40.0,0.686,-1.737,3.359,-0.925,3.255,-2.119
2026-08-19 14:31:34.953,chair,0.94,0.829,0.946,1.015,11.7,18.6,6.9,0.829,0.019,0.912,0.252,1.004,-0.15
2026-08-19 14:31:34.953,chair,0.809,2.276,4.193,4.12,191.7,184.5,7.2,0.655,2.18,3.456,2.374,3.599,2.006
2026-08-19 14:31:34.954,dining table,0.604,1.842,3.484,3.884,164.2,204.2,40.0,0.676,-1.713,3.359,-0.925,3.255,-2.119
2026-08-19 14:31:35.010,chair,0.94,0.829,0.946,1.015,11.7,18.6,6.9,0.829,0.019,0.912,0.252,1.004,-0.15
2026-08-19 14:31:35.010,chair,0.809,2.276,4.193,4.12,191.7,184.5,7.2,0.655,2.18,3.456,2.374,3.599,2.006
2026-08-19 14:31:35.011,dining table,0.604,1.842,3.484,3.884,164.2,204.2,40.0,0.676,-1.713,3.359,-0.925,3.255,-2.119
2026-08-19 14:31:35.061,chair,0.956,0.829,0.946,1.015,11.7,18.6,6.9,0.829,0.019,0.912,0.252,1.004,-0.15
2026-08-19 14:31:35.062,chair,0.782,2.276,4.193,4.12,191.7,184.5,7.2,0.655,2.18,3.456,2.374,3.599,2.006
2026-08-19 14:31:35.062,dining table,0.693,1.848,3.485,3.886,163.7,203.8,40.1,0.676,-1.72,3.359,-0.928,3.255,-2.123
2026-08-19 14:31:35.113,chair,0.956,0.827,0.946,1.015,12.0,18.9,6.9,0.826,0.019,0.912,0.252,1.004,-0.15
2026-08-19 14:31:35.113,chair,0.782,2.239,4.193,4.12,195.4,188.2,7.2,0.644,2.144,3.456,2.374,3.599,2.006
2026-08-19 14:31:35.114,dining table,0.693,1.887,3.485,3.886,159.8,199.9,40.1,0.69,-1.756,3.359,-0.928,3.255,-2.123
2026-08-19 14:31:35.164,chair,0.956,0.827,0.946,1.015,12.0,18.9,6.9,0.826,0.019,0.912,0.252,1.004,-0.15
2026-08-19 14:31:35.165,chair,0.782,2.239,4.193,4.12,195.4,188.2,7.2,0.644,2.144,3.456,2.374,3.599,2.006
2026-08-19 14:31:35.165,dining table,0.693,1.887,3.485,3.886,159.8,199.9,40.1,0.69,-1.756,3.359,-0.928,3.255,-2.123
2026-08-19 14:31:35.214,chair,0.956,0.827,0.946,1.015,12.0,18.9,6.9,0.826,0.019,0.912,0.252,1.004,-0.15
2026-08-19 14:31:35.215,chair,0.822,2.239,4.193,4.12,195.4,188.2,7.2,0.644,2.144,3.456,2.374,3.599,2.006
2026-08-19 14:31:35.215,dining table,0.666,1.891,3.514,3.914,162.2,202.3,40.1,0.689,-1.762,3.388,-0.932,3.282,-2.133
2026-08-19 14:31:35.265,chair,0.956,0.829,0.946,1.015,11.7,18.6,6.9,0.829,0.019,0.912,0.252,1.004,-0.15
2026-08-19 14:31:35.266,chair,0.822,2.276,4.193,4.12,191.7,184.5,7.2,0.655,2.18,3.456,2.374,3.599,2.006
2026-08-19 14:31:35.266,dining table,0.666,1.891,3.514,3.914,162.2,202.3,40.1,0.689,-1.762,3.388,-0.932,3.282,-2.133
2026-08-19 14:31:35.316,chair,0.956,0.829,0.946,1.015,11.7,18.6,6.9,0.829,0.019,0.912,0.252,1.004,-0.15
2026-08-19 14:31:35.316,chair,0.78,2.276,4.193,4.12,191.7,184.5,7.2,0.655,2.18,3.456,2.374,3.599,2.006
2026-08-19 14:31:35.317,dining table,0.646,1.898,3.515,3.917,161.7,201.9,40.2,0.689,-1.769,3.388,-0.935,3.283,-2.137
2026-08-19 14:31:35.368,chair,0.956,0.829,0.946,1.015,11.7,18.6,6.9,0.829,0.019,0.912,0.252,1.004,-0.15
2026-08-19 14:31:35.369,chair,0.78,2.221,4.193,4.12,197.2,190.0,7.2,0.639,2.127,3.456,2.374,3.599,2.006
2026-08-19 14:31:35.369,dining table,0.646,1.938,3.515,3.917,157.7,197.8,40.2,0.703,-1.806,3.388,-0.935,3.283,-2.137
2026-08-19 14:31:35.419,chair,0.956,0.829,0.946,1.015,11.7,18.6,6.9,0.829,0.019,0.912,0.252,1.004,-0.15
2026-08-19 14:31:35.419,chair,0.78,2.221,4.193,4.12,197.2,190.0,7.2,0.639,2.127,3.456,2.374,3.599,2.006
2026-08-19 14:31:35.420,dining table,0.646,1.938,3.515,3.917,157.7,197.8,40.2,0.703,-1.806,3.388,-0.935,3.283,-2.137
2026-08-19 14:31:35.470,chair,0.81,2.221,4.193,4.12,197.2,190.0,7.2,0.639,2.127,3.456,2.374,3.599,2.006
2026-08-19 14:31:35.471,chair,0.754,0.829,0.946,1.015,11.7,18.6,6.9,0.829,0.019,0.912,0.252,1.004,-0.15
2026-08-19 14:31:35.471,dining table,0.597,1.941,3.485,3.886,154.4,194.5,40.1,0.71,-1.806,3.359,-0.928,3.255,-2.123
2026-08-19 14:31:35.521,chair,0.81,2.257,4.193,4.12,193.6,186.3,7.2,0.65,2.162,3.456,2.374,3.599,2.006
2026-08-19 14:31:35.521,chair,0.754,0.824,0.946,1.015,12.2,19.1,6.9,0.824,0.019,0.912,0.252,1.004,-0.15
2026-08-19 14:31:35.522,dining table,0.597,1.927,3.485,3.886,155.8,195.9,40.1,0.705,-1.794,3.359,-0.928,3.255,-2.123
2026-08-19 14:31:35.571,chair,0.81,2.257,4.193,4.12,193.6,186.3,7.2,0.65,2.162,3.456,2.374,3.599,2.006
2026-08-19 14:31:35.572,chair,0.754,0.824,0.946,1.015,12.2,19.1,6.9,0.824,0.019,0.912,0.252,1.004,-0.15
2026-08-19 14:31:35.572,dining table,0.597,1.927,3.485,3.886,155.8,195.9,40.1,0.705,-1.794,3.359,-0.928,3.255,-2.123
2026-08-19 14:31:35.623,chair,0.964,0.824,0.946,1.015,12.2,19.1,6.9,0.824,0.019,0.912,0.252,1.004,-0.15
2026-08-19 14:31:35.623,chair,0.75,2.257,4.193,4.12,193.6,186.3,7.2,0.65,2.162,3.456,2.374,3.599,2.006
2026-08-19 14:31:35.623,dining table,0.599,1.927,3.485,3.886,155.8,195.9,40.1,0.705,-1.794,3.359,-0.928,3.255,-2.123
2026-08-19 14:31:35.673,chair,0.964,0.829,0.946,1.015,11.7,18.6,6.9,0.829,0.019,0.912,0.252,1.004,-0.15
2026-08-19 14:31:35.674,chair,0.75,2.295,4.193,4.12,189.8,182.5,7.2,0.661,2.198,3.456,2.374,3.599,2.006
2026-08-19 14:31:35.674,dining table,0.599,1.927,3.485,3.886,155.8,195.9,40.1,0.705,-1.794,3.359,-0.928,3.255,-2.123
2026-08-19 14:31:35.724,chair,0.918,0.829,0.946,1.015,11.7,18.6,6.9,0.829,0.019,0.912,0.252,1.004,-0.15
2026-08-19 14:31:35.725,chair,0.792,2.295,4.193,4.12,189.8,182.5,7.2,0.661,2.198,3.456,2.374,3.599,2.006
2026-08-19 14:31:35.725,dining table,0.663,1.927,3.485,3.886,155.8,195.9,40.1,0.705,-1.794,3.359,-0.928,3.255,-2.123
2026-08-19 14:31:35.776,chair,0.918,0.829,0.946,1.015,11.7,18.6,6.9,0.829,0.019,0.912,0.252,1.004,-0.15
2026-08-19 14:31:35.777,chair,0.792,2.257,4.193,4.12,193.6,186.3,7.2,0.65,2.162,3.456,2.374,3.599,2.006
2026-08-19 14:31:35.777,dining table,0.663,1.955,3.485,3.886,153.0,193.1,40.1,0.715,-1.819,3.359,-0.928,3.255,-2.123
2026-08-19 14:31:35.827,chair,0.918,0.829,0.946,1.015,11.7,18.6,6.9,0.829,0.019,0.912,0.252,1.004,-0.15
2026-08-19 14:31:35.828,chair,0.792,2.257,4.193,4.12,193.6,186.3,7.2,0.65,2.162,3.456,2.374,3.599,2.006
2026-08-19 14:31:35.828,dining table,0.663,1.955,3.485,3.886,153.0,193.1,40.1,0.715,-1.819,3.359,-0.928,3.255,-2.123
2026-08-19 14:31:35.878,chair,0.958,0.829,0.946,1.015,11.7,18.6,6.9,0.829,0.019,0.912,0.252,1.004,-0.15
2026-08-19 14:31:35.879,chair,0.82,2.257,4.193,4.12,193.6,186.3,7.2,0.65,2.162,3.456,2.374,3.599,2.006
2026-08-19 14:31:35.879,dining table,0.571,1.962,3.484,3.884,152.1,192.2,40.0,0.72,-1.825,3.359,-0.925,3.255,-2.119
2026-08-19 14:31:35.929,chair,0.958,0.829,0.946,1.015,11.7,18.6,6.9,0.829,0.019,0.912,0.252,1.004,-0.15
2026-08-19 14:31:35.930,chair,0.82,2.276,4.193,4.12,191.7,184.5,7.2,0.655,2.18,3.456,2.374,3.599,2.006
2026-08-19 14:31:35.930,dining table,0.571,1.907,3.484,3.884,157.7,197.7,40.0,0.7,-1.774,3.359,-0.925,3.255,-2.119
2026-08-19 14:31:35.981,chair,0.959,0.829,0.946,1.015,11.7,18.6,6.9,0.829,0.019,0.912,0.252,1.004,-0.15
2026-08-19 14:31:35.981,chair,0.839,2.276,4.193,4.12,191.7,184.5,7.2,0.655,2.18,3.456,2.374,3.599,2.006
2026-08-19 14:31:35.982,dining table,0.603,1.914,3.485,3.886,157.1,197.3,40.1,0.7,-1.781,3.359,-0.928,3.255,-2.123
2026-08-19 14:31:36.033,chair,0.959,0.831,0.946,1.015,11.5,18.4,6.9,0.831,0.02,0.912,0.252,1.004,-0.15
2026-08-19 14:31:36.033,chair,0.839,2.276,4.193,4.12,191.7,184.5,7.2,0.655,2.18,3.456,2.374,3.599,2.006
2026-08-19 14:31:36.034,dining table,0.603,1.887,3.485,3.886,159.8,199.9,40.1,0.69,-1.756,3.359,-0.928,3.255,-2.123
2026-08-19 14:31:36.083,chair,0.959,0.831,0.946,1.015,11.5,18.4,6.9,0.831,0.02,0.912,0.252,1.004,-0.15
2026-08-19 14:31:36.084,chair,0.839,2.276,4.193,4.12,191.7,184.5,7.2,0.655,2.18,3.456,2.374,3.599,2.006
2026-08-19 14:31:36.084,dining table,0.603,1.887,3.485,3.886,159.8,199.9,40.1,0.69,-1.756,3.359,-0.928,3.255,-2.123
2026-08-19 14:31:36.135,chair,0.957,0.831,0.946,1.015,11.5,18.4,6.9,0.831,0.02,0.912,0.254,1.004,-0.149
2026-08-19 14:31:36.136,chair,0.809,2.284,4.194,4.122,191.0,183.8,7.2,0.655,2.188,3.455,2.377,3.599,2.01
2026-08-19 14:31:36.136,dining table,0.631,1.874,3.485,3.886,161.1,201.2,40.1,0.686,-1.744,3.359,-0.928,3.255,-2.123
2026-08-19 14:31:36.187,chair,0.957,0.829,0.946,1.015,11.8,18.6,6.9,0.829,0.019,0.912,0.254,1.004,-0.149
2026-08-19 14:31:36.187,chair,0.809,2.284,4.194,4.122,191.0,183.8,7.2,0.655,2.188,3.455,2.377,3.599,2.01
2026-08-19 14:31:36.188,dining table,0.631,1.955,3.485,3.886,153.0,193.1,40.1,0.715,-1.819,3.359,-0.928,3.255,-2.123
2026-08-19 14:31:36.240,chair,0.957,0.829,0.946,1.015,11.8,18.6,6.9,0.829,0.019,0.912,0.254,1.004,-0.149
2026-08-19 14:31:36.240,chair,0.809,2.284,4.194,4.122,191.0,183.8,7.2,0.655,2.188,3.455,2.377,3.599,2.01
2026-08-19 14:31:36.241,dining table,0.631,1.955,3.485,3.886,153.0,193.1,40.1,0.715,-1.819,3.359,-0.928,3.255,-2.123
2026-08-19 14:31:36.292,chair,0.948,0.829,0.946,1.015,11.7,18.6,6.9,0.829,0.019,0.912,0.252,1.004,-0.15
2026-08-19 14:31:36.292,chair,0.691,2.293,4.233,4.157,194.0,186.4,7.6,0.653,2.198,3.49,2.394,3.631,2.023
2026-08-19 14:31:36.293,dining table,0.618,1.955,3.485,3.886,153.0,193.1,40.1,0.715,-1.819,3.359,-0.928,3.255,-2.123
2026-08-19 14:31:36.343,chair,0.948,0.829,0.946,1.015,11.7,18.6,6.9,0.829,0.019,0.912,0.252,1.004,-0.15
2026-08-19 14:31:36.344,chair,0.691,2.236,4.233,4.157,199.6,192.0,7.6,0.637,2.144,3.49,2.394,3.631,2.023
2026-08-19 14:31:36.344,dining table,0.618,1.874,3.485,3.886,161.1,201.2,40.1,0.686,-1.744,3.359,-0.928,3.255,-2.123
2026-08-19 14:31:36.394,chair,0.711,2.244,4.236,4.16,199.1,191.6,7.6,0.637,2.152,3.489,2.401,3.631,2.031
2026-08-19 14:31:36.394,dining table,0.526,1.859,3.513,3.912,165.4,205.3,40.0,0.679,-1.73,3.387,-0.929,3.282,-2.129
2026-08-19 14:31:36.444,chair,0.711,2.281,4.236,4.16,195.4,187.9,7.6,0.647,2.188,3.489,2.401,3.631,2.031
2026-08-19 14:31:36.445,dining table,0.526,1.833,3.513,3.912,167.9,207.9,40.0,0.67,-1.707,3.387,-0.929,3.282,-2.129
2026-08-19 14:31:36.494,chair,0.711,2.281,4.236,4.16,195.4,187.9,7.6,0.647,2.188,3.489,2.401,3.631,2.031
2026-08-19 14:31:36.495,dining table,0.526,1.833,3.513,3.912,167.9,207.9,40.0,0.67,-1.707,3.387,-0.929,3.282,-2.129
2026-08-19 14:31:36.545,chair,0.945,0.827,0.952,1.018,12.5,19.1,6.6,0.826,0.031,0.915,0.261,1.008,-0.139
2026-08-19 14:31:36.545,chair,0.737,2.289,4.238,4.163,194.9,187.4,7.5,0.647,2.196,3.488,2.407,3.63,2.039
2026-08-19 14:31:36.545,dining table,0.524,1.827,3.509,3.905,168.2,207.8,39.6,0.67,-1.7,3.386,-0.92,3.281,-2.117
2026-08-19 14:31:36.596,chair,0.945,0.827,0.952,1.018,12.5,19.1,6.6,0.826,0.031,0.915,0.261,1.008,-0.139
2026-08-19 14:31:36.597,chair,0.737,2.27,4.238,4.163,196.8,189.3,7.5,0.642,2.178,3.488,2.407,3.63,2.039
2026-08-19 14:31:36.597,dining table,0.524,1.852,3.509,3.905,165.7,205.3,39.6,0.679,-1.723,3.386,-0.92,3.281,-2.117
2026-08-19 14:31:36.647,chair,0.945,0.827,0.952,1.018,12.5,19.1,6.6,0.826,0.031,0.915,0.261,1.008,-0.139
2026-08-19 14:31:36.647,chair,0.737,2.27,4.238,4.163,196.8,189.3,7.5,0.642,2.178,3.488,2.407,3.63,2.039
2026-08-19 14:31:36.648,dining table,0.524,1.852,3.509,3.905,165.7,205.3,39.6,0.679,-1.723,3.386,-0.92,3.281,-2.117
2026-08-19 14:31:36.698,chair,0.957,0.827,0.948,1.012,12.1,18.5,6.4,0.826,0.039,0.91,0.268,1.004,-0.129
2026-08-19 14:31:36.699,chair,0.595,2.272,4.164,4.098,189.2,182.6,6.6,0.652,2.176,3.417,2.38,3.566,2.02
2026-08-19 14:31:36.699,dining table,0.538,1.846,3.506,3.9,166.0,205.4,39.4,0.679,-1.716,3.385,-0.914,3.281,-2.109
2026-08-19 14:31:36.749,chair,0.957,0.825,0.948,1.012,12.4,18.7,6.4,0.824,0.039,0.91,0.268,1.004,-0.129
2026-08-19 14:31:36.749,chair,0.595,2.272,4.164,4.098,189.2,182.6,6.6,0.652,2.176,3.417,2.38,3.566,2.02
2026-08-19 14:31:36.749,dining table,0.538,1.926,3.506,3.9,158.0,197.4,39.4,0.708,-1.791,3.385,-0.914,3.281,-2.109
2026-08-19 14:31:36.800,chair,0.938,0.826,0.955,1.013,12.9,18.8,5.8,0.824,0.059,0.911,0.286,1.008,-0.105
2026-08-19 14:31:36.800,chair,0.699,2.265,4.06,4.006,179.4,174.1,5.4,0.665,2.166,3.315,2.344,3.472,1.998
2026-08-19 14:31:36.800,dining table,0.642,1.91,3.525,3.91,161.5,199.9,38.4,0.706,-1.775,3.41,-0.895,3.306,-2.086
2026-08-19 14:31:36.851,chair,0.938,0.83,0.955,1.013,12.5,18.3,5.8,0.828,0.059,0.911,0.286,1.008,-0.105
2026-08-19 14:31:36.851,chair,0.699,2.302,4.06,4.006,175.8,170.4,5.4,0.676,2.201,3.315,2.344,3.472,1.998
2026-08-19 14:31:36.852,dining table,0.642,1.831,3.525,3.91,169.5,207.9,38.4,0.677,-1.701,3.41,-0.895,3.306,-2.086
2026-08-19 14:31:36.901,chair,0.938,0.83,0.955,1.013,12.5,18.3,5.8,0.828,0.059,0.911,0.286,1.008,-0.105
2026-08-19 14:31:36.902,chair,0.699,2.302,4.06,4.006,175.8,170.4,5.4,0.676,2.201,3.315,2.344,3.472,1.998
2026-08-19 14:31:36.902,dining table,0.642,1.831,3.525,3.91,169.5,207.9,38.4,0.677,-1.701,3.41,-0.895,3.306,-2.086
2026-08-19 14:31:36.953,chair,0.974,0.829,0.947,1.004,11.8,17.5,5.7,0.827,0.064,0.902,0.289,0.999,-0.099
2026-08-19 14:31:36.954,dining table,0.538,1.837,3.524,3.907,168.7,207.0,38.3,0.682,-1.706,3.409,-0.892,3.306,-2.082
2026-08-19 14:31:37.004,chair,0.974,0.827,0.947,1.004,12.1,17.7,5.7,0.824,0.064,0.902,0.289,0.999,-0.099
2026-08-19 14:31:37.005,dining table,0.538,1.837,3.524,3.907,168.7,207.0,38.3,0.682,-1.706,3.409,-0.892,3.306,-2.082
2026-08-19 14:31:37.065,chair,0.973,0.827,0.947,1.004,12.1,17.7,5.7,0.824,0.064,0.902,0.289,0.999,-0.099
2026-08-19 14:31:37.066,chair,0.574,2.288,3.955,3.911,166.8,162.4,4.4,0.688,2.182,3.219,2.297,3.384,1.962
2026-08-19 14:31:37.066,dining table,0.529,1.837,3.524,3.907,168.7,207.0,38.3,0.682,-1.706,3.409,-0.892,3.306,-2.082
2026-08-19 14:31:37.117,chair,0.973,0.825,0.947,1.004,12.3,17.9,5.7,0.822,0.064,0.902,0.289,0.999,-0.099
2026-08-19 14:31:37.117,chair,0.574,2.288,3.955,3.911,166.8,162.4,4.4,0.688,2.182,3.219,2.297,3.384,1.962
2026-08-19 14:31:37.118,dining table,0.529,1.917,3.524,3.907,160.7,199.0,38.3,0.712,-1.78,3.409,-0.892,3.306,-2.082
2026-08-19 14:31:37.168,chair,0.973,0.825,0.947,1.004,12.3,17.9,5.7,0.822,0.064,0.902,0.289,0.999,-0.099
2026-08-19 14:31:37.169,chair,0.574,2.288,3.955,3.911,166.8,162.4,4.4,0.688,2.182,3.219,2.297,3.384,1.962
2026-08-19 14:31:37.169,dining table,0.529,1.917,3.524,3.907,160.7,199.0,38.3,0.712,-1.78,3.409,-0.892,3.306,-2.082
2026-08-19 14:31:37.220,chair,0.97,0.825,0.947,1.004,12.3,17.9,5.7,0.822,0.064,0.902,0.289,0.999,-0.099
2026-08-19 14:31:37.220,dining table,0.593,1.917,3.524,3.907,160.7,199.0,38.3,0.712,-1.78,3.409,-0.892,3.306,-2.082
2026-08-19 14:31:37.220,chair,0.5,2.288,3.957,3.913,166.9,162.6,4.3,0.688,2.182,3.219,2.301,3.383,1.966
2026-08-19 14:31:37.271,chair,0.97,0.827,0.947,1.004,12.1,17.7,5.7,0.824,0.064,0.902,0.289,0.999,-0.099
2026-08-19 14:31:37.272,dining table,0.593,1.85,3.524,3.907,167.4,205.7,38.3,0.687,-1.718,3.409,-0.892,3.306,-2.082
2026-08-19 14:31:37.272,chair,0.5,2.269,3.957,3.913,168.7,164.4,4.3,0.682,2.164,3.219,2.301,3.383,1.966
2026-08-19 14:31:37.322,chair,0.97,0.827,0.947,1.004,12.1,17.7,5.7,0.824,0.064,0.902,0.289,0.999,-0.099
2026-08-19 14:31:37.323,dining table,0.593,1.85,3.524,3.907,167.4,205.7,38.3,0.687,-1.718,3.409,-0.892,3.306,-2.082
2026-08-19 14:31:37.323,chair,0.5,2.269,3.957,3.913,168.7,164.4,4.3,0.682,2.164,3.219,2.301,3.383,1.966
2026-08-19 14:31:37.373,chair,0.971,0.827,0.947,1.004,12.1,17.7,5.7,0.824,0.064,0.902,0.289,0.999,-0.099
2026-08-19 14:31:37.374,chair,0.581,2.288,3.957,3.913,166.9,162.6,4.3,0.688,2.182,3.219,2.301,3.383,1.966
2026-08-19 14:31:37.374,dining table,0.53,1.843,3.523,3.905,168.0,206.2,38.2,0.687,-1.711,3.409,-0.889,3.306,-2.078
2026-08-19 14:31:37.424,chair,0.971,0.829,0.947,1.004,11.8,17.5,5.7,0.827,0.064,0.902,0.289,0.999,-0.099
2026-08-19 14:31:37.425,chair,0.581,2.315,3.957,3.913,164.1,159.8,4.3,0.696,2.208,3.219,2.301,3.383,1.966
2026-08-19 14:31:37.425,dining table,0.53,1.869,3.523,3.905,165.3,203.5,38.2,0.696,-1.735,3.409,-0.889,3.306,-2.078
2026-08-19 14:31:37.475,chair,0.971,0.829,0.947,1.004,11.8,17.5,5.7,0.827,0.064,0.902,0.289,0.999,-0.099
2026-08-19 14:31:37.475,chair,0.581,2.315,3.957,3.913,164.1,159.8,4.3,0.696,2.208,3.219,2.301,3.383,1.966
2026-08-19 14:31:37.475,dining table,0.53,1.869,3.523,3.905,165.3,203.5,38.2,0.696,-1.735,3.409,-0.889,3.306,-2.078
2026-08-19 14:31:37.526,chair,0.972,0.829,0.947,1.004,11.8,17.5,5.7,0.827,0.064,0.902,0.289,0.999,-0.099
2026-08-19 14:31:37.527,chair,0.677,2.315,3.955,3.911,164.0,159.6,4.4,0.696,2.208,3.219,2.297,3.384,1.962
2026-08-19 14:31:37.527,dining table,0.609,1.876,3.524,3.907,164.8,203.1,38.3,0.696,-1.742,3.409,-0.892,3.306,-2.082
2026-08-19 14:31:37.577,chair,0.972,0.829,0.947,1.004,11.8,17.5,5.7,0.827,0.064,0.902,0.289,0.999,-0.099
2026-08-19 14:31:37.577,chair,0.677,2.269,3.955,3.911,168.6,164.2,4.4,0.682,2.164,3.219,2.297,3.384,1.962
2026-08-19 14:31:37.578,dining table,0.609,1.89,3.524,3.907,163.4,201.7,38.3,0.701,-1.755,3.409,-0.892,3.306,-2.082
2026-08-19 14:31:37.633,chair,0.972,0.829,0.947,1.004,11.8,17.5,5.7,0.827,0.064,0.902,0.289,0.999,-0.099
2026-08-19 14:31:37.634,chair,0.677,2.269,3.955,3.911,168.6,164.2,4.4,0.682,2.164,3.219,2.297,3.384,1.962
2026-08-19 14:31:37.634,dining table,0.609,1.89,3.524,3.907,163.4,201.7,38.3,0.701,-1.755,3.409,-0.892,3.306,-2.082
2026-08-19 14:31:37.688,chair,0.973,0.829,0.947,1.004,11.8,17.5,5.7,0.827,0.064,0.902,0.289,0.999,-0.099
2026-08-19 14:31:37.689,chair,0.663,2.267,3.991,3.944,172.4,167.7,4.7,0.675,2.164,3.25,2.316,3.412,1.978
2026-08-19 14:31:37.689,dining table,0.565,1.89,3.524,3.907,163.4,201.7,38.3,0.701,-1.755,3.409,-0.892,3.306,-2.082
2026-08-19 14:31:37.740,chair,0.973,0.826,0.947,1.004,12.2,17.8,5.7,0.823,0.064,0.902,0.289,0.999,-0.099
2026-08-19 14:31:37.740,chair,0.663,2.304,3.991,3.944,168.7,164.0,4.7,0.686,2.199,3.25,2.316,3.412,1.978
2026-08-19 14:31:37.741,dining table,0.565,1.876,3.524,3.907,164.8,203.1,38.3,0.696,-1.742,3.409,-0.892,3.306,-2.082
2026-08-19 14:31:37.793,chair,0.973,0.826,0.947,1.004,12.2,17.8,5.7,0.823,0.064,0.902,0.289,0.999,-0.099
2026-08-19 14:31:37.793,chair,0.663,2.304,3.991,3.944,168.7,164.0,4.7,0.686,2.199,3.25,2.316,3.412,1.978
2026-08-19 14:31:37.793,dining table,0.565,1.876,3.524,3.907,164.8,203.1,38.3,0.696,-1.742,3.409,-0.892,3.306,-2.082
2026-08-19 14:31:37.847,chair,0.973,0.826,0.947,1.004,12.2,17.8,5.7,0.823,0.064,0.902,0.289,0.999,-0.099
2026-08-19 14:31:37.847,chair,0.608,2.306,3.955,3.911,164.9,160.5,4.4,0.693,2.199,3.219,2.297,3.384,1.962
2026-08-19 14:31:37.848,dining table,0.531,1.876,3.524,3.907,164.8,203.1,38.3,0.696,-1.742,3.409,-0.892,3.306,-2.082
2026-08-19 14:31:37.898,chair,0.973,0.825,0.947,1.004,12.3,17.9,5.7,0.822,0.064,0.902,0.289,0.999,-0.099
2026-08-19 14:31:37.898,chair,0.608,2.306,3.955,3.911,164.9,160.5,4.4,0.693,2.199,3.219,2.297,3.384,1.962
2026-08-19 14:31:37.898,dining table,0.531,1.931,3.524,3.907,159.3,197.6,38.3,0.717,-1.793,3.409,-0.892,3.306,-2.082
2026-08-19 14:31:37.949,chair,0.973,0.825,0.947,1.004,12.3,17.9,5.7,0.822,0.064,0.902,0.289,0.999,-0.099
2026-08-19 14:31:37.949,chair,0.608,2.306,3.955,3.911,164.9,160.5,4.4,0.693,2.199,3.219,2.297,3.384,1.962
2026-08-19 14:31:37.950,dining table,0.531,1.931,3.524,3.907,159.3,197.6,38.3,0.717,-1.793,3.409,-0.892,3.306,-2.082
2026-08-19 14:31:38.001,chair,0.972,0.825,0.947,1.004,12.3,17.9,5.7,0.822,0.064,0.902,0.289,0.999,-0.099
2026-08-19 14:31:38.001,dining table,0.572,1.931,3.524,3.907,159.3,197.6,38.3,0.717,-1.793,3.409,-0.892,3.306,-2.082
2026-08-19 14:31:38.052,chair,0.972,0.829,0.947,1.004,11.8,17.5,5.7,0.827,0.064,0.902,0.289,0.999,-0.099
2026-08-19 14:31:38.052,dining table,0.572,1.89,3.524,3.907,163.4,201.7,38.3,0.701,-1.755,3.409,-0.892,3.306,-2.082
2026-08-19 14:31:38.102,chair,0.972,0.829,0.947,1.004,11.8,17.5,5.7,0.827,0.064,0.902,0.289,0.999,-0.099
2026-08-19 14:31:38.103,dining table,0.572,1.89,3.524,3.907,163.4,201.7,38.3,0.701,-1.755,3.409,-0.892,3.306,-2.082
2026-08-19 14:31:38.154,chair,0.972,0.829,0.947,1.004,11.8,17.5,5.7,0.827,0.064,0.902,0.289,0.999,-0.099
2026-08-19 14:31:38.154,chair,0.548,2.288,3.955,3.911,166.8,162.4,4.4,0.688,2.182,3.219,2.297,3.384,1.962
2026-08-19 14:31:38.155,dining table,0.532,1.883,3.523,3.905,164.0,202.2,38.2,0.701,-1.748,3.409,-0.889,3.306,-2.078
2026-08-19 14:31:38.206,chair,0.972,0.827,0.947,1.004,12.1,17.7,5.7,0.824,0.064,0.902,0.289,0.999,-0.099
2026-08-19 14:31:38.206,chair,0.548,2.269,3.955,3.911,168.6,164.2,4.4,0.682,2.164,3.219,2.297,3.384,1.962
2026-08-19 14:31:38.206,dining table,0.532,1.856,3.523,3.905,166.7,204.8,38.2,0.691,-1.723,3.409,-0.889,3.306,-2.078
2026-08-19 14:31:38.257,chair,0.972,0.827,0.947,1.004,12.1,17.7,5.7,0.824,0.064,0.902,0.289,0.999,-0.099
2026-08-19 14:31:38.257,chair,0.548,2.269,3.955,3.911,168.6,164.2,4.4,0.682,2.164,3.219,2.297,3.384,1.962
2026-08-19 14:31:38.258,dining table,0.532,1.856,3.523,3.905,166.7,204.8,38.2,0.691,-1.723,3.409,-0.889,3.306,-2.078
2026-08-19 14:31:38.309,chair,0.969,0.827,0.947,1.004,12.1,17.7,5.7,0.824,0.064,0.902,0.289,0.999,-0.099
2026-08-19 14:31:38.310,chair,0.562,2.269,3.957,3.913,168.7,164.4,4.3,0.682,2.164,3.219,2.301,3.383,1.966
2026-08-19 14:31:38.310,dining table,0.523,1.863,3.524,3.907,166.1,204.4,38.3,0.691,-1.73,3.409,-0.892,3.306,-2.082
2026-08-19 14:31:38.360,chair,0.969,0.827,0.947,1.004,12.1,17.7,5.7,0.824,0.064,0.902,0.289,0.999,-0.099
2026-08-19 14:31:38.361,chair,0.562,2.288,3.957,3.913,166.9,162.6,4.3,0.688,2.182,3.219,2.301,3.383,1.966
2026-08-19 14:31:38.361,dining table,0.523,1.85,3.524,3.907,167.4,205.7,38.3,0.687,-1.718,3.409,-0.892,3.306,-2.082
2026-08-19 14:31:38.415,chair,0.971,0.827,0.947,1.004,12.1,17.7,5.7,0.824,0.064,0.902,0.289,0.999,-0.099
2026-08-19 14:31:38.416,chair,0.619,2.288,3.957,3.913,166.9,162.6,4.3,0.688,2.182,3.219,2.301,3.383,1.966
2026-08-19 14:31:38.416,dining table,0.527,1.843,3.523,3.905,168.0,206.2,38.2,0.687,-1.711,3.409,-0.889,3.306,-2.078
2026-08-19 14:31:38.467,chair,0.971,0.829,0.947,1.004,11.8,17.5,5.7,0.827,0.064,0.902,0.289,0.999,-0.099
2026-08-19 14:31:38.468,chair,0.619,2.288,3.957,3.913,166.9,162.6,4.3,0.688,2.182,3.219,2.301,3.383,1.966
2026-08-19 14:31:38.468,dining table,0.527,1.869,3.523,3.905,165.3,203.5,38.2,0.696,-1.735,3.409,-0.889,3.306,-2.078
2026-08-19 14:31:38.518,chair,0.971,0.829,0.947,1.004,11.8,17.5,5.7,0.827,0.064,0.902,0.289,0.999,-0.099
2026-08-19 14:31:38.518,chair,0.619,2.288,3.957,3.913,166.9,162.6,4.3,0.688,2.182,3.219,2.301,3.383,1.966
2026-08-19 14:31:38.519,dining table,0.527,1.869,3.523,3.905,165.3,203.5,38.2,0.696,-1.735,3.409,-0.889,3.306,-2.078
2026-08-19 14:31:38.569,chair,0.972,0.829,0.943,1.0,11.4,17.0,5.7,0.827,0.064,0.898,0.289,0.995,-0.1
2026-08-19 14:31:38.569,dining table,0.521,1.869,3.523,3.905,165.3,203.5,38.2,0.696,-1.735,3.409,-0.889,3.306,-2.078
2026-08-19 14:31:38.619,chair,0.972,0.829,0.943,1.0,11.4,17.0,5.7,0.827,0.064,0.898,0.289,0.995,-0.1
2026-08-19 14:31:38.620,dining table,0.521,1.843,3.523,3.905,168.0,206.2,38.2,0.687,-1.711,3.409,-0.889,3.306,-2.078
2026-08-19 14:31:38.672,chair,0.972,0.829,0.947,1.004,11.8,17.5,5.7,0.827,0.064,0.902,0.289,0.999,-0.099
2026-08-19 14:31:38.673,dining table,0.587,1.863,3.524,3.907,166.1,204.4,38.3,0.691,-1.73,3.409,-0.892,3.306,-2.082
2026-08-19 14:31:38.723,chair,0.972,0.827,0.947,1.004,12.1,17.7,5.7,0.824,0.064,0.902,0.289,0.999,-0.099
2026-08-19 14:31:38.723,dining table,0.587,1.837,3.524,3.907,168.7,207.0,38.3,0.682,-1.706,3.409,-0.892,3.306,-2.082
2026-08-19 14:31:38.773,chair,0.972,0.827,0.947,1.004,12.1,17.7,5.7,0.824,0.064,0.902,0.289,0.999,-0.099
2026-08-19 14:31:38.774,dining table,0.587,1.837,3.524,3.907,168.7,207.0,38.3,0.682,-1.706,3.409,-0.892,3.306,-2.082
2026-08-19 14:31:38.824,chair,0.974,0.827,0.947,1.004,12.1,17.7,5.7,0.824,0.064,0.902,0.289,0.999,-0.099
2026-08-19 14:31:38.825,dining table,0.605,1.837,3.524,3.907,168.7,207.0,38.3,0.682,-1.706,3.409,-0.892,3.306,-2.082
2026-08-19 14:31:38.825,chair,0.535,2.269,3.957,3.913,168.7,164.4,4.3,0.682,2.164,3.219,2.301,3.383,1.966
2026-08-19 14:31:38.889,chair,0.974,0.829,0.947,1.004,11.8,17.5,5.7,0.827,0.064,0.902,0.289,0.999,-0.099
2026-08-19 14:31:38.889,dining table,0.605,1.863,3.524,3.907,166.1,204.4,38.3,0.691,-1.73,3.409,-0.892,3.306,-2.082
2026-08-19 14:31:38.890,chair,0.535,2.288,3.957,3.913,166.9,162.6,4.3,0.688,2.182,3.219,2.301,3.383,1.966
2026-08-19 14:31:38.942,chair,0.974,0.829,0.947,1.004,11.8,17.5,5.7,0.827,0.064,0.902,0.289,0.999,-0.099
2026-08-19 14:31:38.942,dining table,0.605,1.863,3.524,3.907,166.1,204.4,38.3,0.691,-1.73,3.409,-0.892,3.306,-2.082
2026-08-19 14:31:38.942,chair,0.535,2.288,3.957,3.913,166.9,162.6,4.3,0.688,2.182,3.219,2.301,3.383,1.966
2026-08-19 14:31:38.993,chair,0.971,0.829,0.947,1.004,11.8,17.5,5.7,0.827,0.064,0.902,0.289,0.999,-0.099
2026-08-19 14:31:38.993,dining table,0.644,1.856,3.523,3.905,166.7,204.8,38.2,0.691,-1.723,3.409,-0.889,3.306,-2.078
2026-08-19 14:31:38.993,chair,0.505,2.285,3.991,3.944,170.6,165.9,4.7,0.68,2.182,3.25,2.316,3.412,1.978
2026-08-19 14:31:39.044,chair,0.971,0.829,0.947,1.004,11.8,17.5,5.7,0.827,0.064,0.902,0.289,0.999,-0.099
2026-08-19 14:31:39.045,dining table,0.644,1.856,3.523,3.905,166.7,204.8,38.2,0.691,-1.723,3.409,-0.889,3.306,-2.078
2026-08-19 14:31:39.045,chair,0.505,2.304,3.991,3.944,168.7,164.0,4.7,0.686,2.199,3.25,2.316,3.412,1.978
2026-08-19 14:31:39.095,chair,0.971,0.829,0.947,1.004,11.8,17.5,5.7,0.827,0.064,0.902,0.289,0.999,-0.099
2026-08-19 14:31:39.096,dining table,0.644,1.856,3.523,3.905,166.7,204.8,38.2,0.691,-1.723,3.409,-0.889,3.306,-2.078
2026-08-19 14:31:39.096,chair,0.505,2.304,3.991,3.944,168.7,164.0,4.7,0.686,2.199,3.25,2.316,3.412,1.978
2026-08-19 14:31:39.147,chair,0.972,0.829,0.943,1.0,11.4,17.0,5.7,0.827,0.064,0.898,0.289,0.995,-0.1
2026-08-19 14:31:39.148,dining table,0.633,1.863,3.524,3.907,166.1,204.4,38.3,0.691,-1.73,3.409,-0.892,3.306,-2.082
2026-08-19 14:31:39.148,chair,0.517,2.306,3.957,3.913,165.0,160.7,4.3,0.693,2.199,3.219,2.301,3.383,1.966
2026-08-19 14:31:39.198,chair,0.972,0.825,0.943,1.0,11.8,17.5,5.7,0.823,0.064,0.898,0.289,0.995,-0.1
2026-08-19 14:31:39.198,dining table,0.633,1.824,3.524,3.907,170.0,208.3,38.3,0.677,-1.694,3.409,-0.892,3.306,-2.082
2026-08-19 14:31:39.199,chair,0.517,2.269,3.957,3.913,168.7,164.4,4.3,0.682,2.164,3.219,2.301,3.383,1.966
2026-08-19 14:31:39.248,chair,0.972,0.825,0.943,1.0,11.8,17.5,5.7,0.823,0.064,0.898,0.289,0.995,-0.1
2026-08-19 14:31:39.249,dining table,0.633,1.824,3.524,3.907,170.0,208.3,38.3,0.677,-1.694,3.409,-0.892,3.306,-2.082
2026-08-19 14:31:39.249,chair,0.517,2.269,3.957,3.913,168.7,164.4,4.3,0.682,2.164,3.219,2.301,3.383,1.966
2026-08-19 14:31:39.301,chair,0.971,0.825,0.947,1.004,12.3,17.9,5.7,0.822,0.064,0.902,0.289,0.999,-0.099
2026-08-19 14:31:39.301,dining table,0.571,1.824,3.524,3.907,170.0,208.3,38.3,0.677,-1.694,3.409,-0.892,3.306,-2.082
2026-08-19 14:31:39.352,chair,0.971,0.829,0.947,1.004,11.8,17.5,5.7,0.827,0.064,0.902,0.289,0.999,-0.099
2026-08-19 14:31:39.352,dining table,0.571,1.837,3.524,3.907,168.7,207.0,38.3,0.682,-1.706,3.409,-0.892,3.306,-2.082
2026-08-19 14:31:39.403,chair,0.971,0.829,0.947,1.004,11.8,17.5,5.7,0.827,0.064,0.902,0.289,0.999,-0.099
2026-08-19 14:31:39.403,dining table,0.571,1.837,3.524,3.907,168.7,207.0,38.3,0.682,-1.706,3.409,-0.892,3.306,-2.082
2026-08-19 14:31:39.454,chair,0.97,0.829,0.943,1.0,11.4,17.0,5.7,0.827,0.064,0.898,0.289,0.995,-0.1
2026-08-19 14:31:39.454,dining table,0.612,1.837,3.524,3.907,168.7,207.0,38.3,0.682,-1.706,3.409,-0.892,3.306,-2.082
2026-08-19 14:31:39.455,chair,0.525,2.322,3.991,3.944,166.9,162.2,4.7,0.691,2.217,3.25,2.316,3.412,1.978
2026-08-19 14:31:39.505,chair,0.97,0.825,0.943,1.0,11.8,17.5,5.7,0.823,0.064,0.898,0.289,0.995,-0.1
2026-08-19 14:31:39.505,dining table,0.612,1.89,3.524,3.907,163.4,201.7,38.3,0.701,-1.755,3.409,-0.892,3.306,-2.082
2026-08-19 14:31:39.505,chair,0.525,2.285,3.991,3.944,170.6,165.9,4.7,0.68,2.182,3.25,2.316,3.412,1.978
2026-08-19 14:31:39.556,chair,0.97,0.825,0.947,1.004,12.3,17.9,5.7,0.822,0.064,0.902,0.289,0.999,-0.099
2026-08-19 14:31:39.557,dining table,0.594,1.89,3.524,3.907,163.4,201.7,38.3,0.701,-1.755,3.409,-0.892,3.306,-2.082
2026-08-19 14:31:39.557,chair,0.559,2.288,3.957,3.913,166.9,162.6,4.3,0.688,2.182,3.219,2.301,3.383,1.966
2026-08-19 14:31:39.608,chair,0.97,0.827,0.947,1.004,12.1,17.7,5.7,0.824,0.064,0.902,0.289,0.999,-0.099
2026-08-19 14:31:39.609,dining table,0.594,1.89,3.524,3.907,163.4,201.7,38.3,0.701,-1.755,3.409,-0.892,3.306,-2.082
2026-08-19 14:31:39.609,chair,0.559,2.288,3.957,3.913,166.9,162.6,4.3,0.688,2.182,3.219,2.301,3.383,1.966
2026-08-19 14:31:39.659,chair,0.97,0.827,0.947,1.004,12.1,17.7,5.7,0.824,0.064,0.902,0.289,0.999,-0.099
2026-08-19 14:31:39.659,dining table,0.594,1.89,3.524,3.907,163.4,201.7,38.3,0.701,-1.755,3.409,-0.892,3.306,-2.082
2026-08-19 14:31:39.660,chair,0.559,2.288,3.957,3.913,166.9,162.6,4.3,0.688,2.182,3.219,2.301,3.383,1.966
2026-08-19 14:31:39.710,chair,0.972,0.827,0.947,1.004,12.1,17.7,5.7,0.824,0.064,0.902,0.289,0.999,-0.099
2026-08-19 14:31:39.711,dining table,0.607,1.89,3.524,3.907,163.4,201.7,38.3,0.701,-1.755,3.409,-0.892,3.306,-2.082
2026-08-19 14:31:39.763,chair,0.972,0.829,0.947,1.004,11.8,17.5,5.7,0.827,0.064,0.902,0.289,0.999,-0.099
2026-08-19 14:31:39.763,dining table,0.607,1.824,3.524,3.907,170.0,208.3,38.3,0.677,-1.694,3.409,-0.892,3.306,-2.082
2026-08-19 14:31:39.816,chair,0.974,0.829,0.947,1.004,11.8,17.5,5.7,0.827,0.064,0.902,0.289,0.999,-0.099
2026-08-19 14:31:39.816,chair,0.655,2.269,3.955,3.911,168.6,164.2,4.4,0.682,2.164,3.219,2.297,3.384,1.962
2026-08-19 14:31:39.817,dining table,0.647,1.818,3.523,3.905,170.5,208.7,38.2,0.677,-1.687,3.409,-0.889,3.306,-2.078
2026-08-19 14:31:39.868,chair,0.974,0.829,0.947,1.004,11.8,17.5,5.7,0.827,0.064,0.902,0.289,0.999,-0.099
2026-08-19 14:31:39.869,chair,0.655,2.269,3.955,3.911,168.6,164.2,4.4,0.682,2.164,3.219,2.297,3.384,1.962
2026-08-19 14:31:39.869,dining table,0.647,1.818,3.523,3.905,170.5,208.7,38.2,0.677,-1.687,3.409,-0.889,3.306,-2.078
2026-08-19 14:31:39.919,chair,0.972,0.832,0.943,1.0,11.1,16.8,5.7,0.829,0.064,0.898,0.289,0.995,-0.1
2026-08-19 14:31:39.920,dining table,0.611,1.824,3.524,3.907,170.0,208.3,38.3,0.677,-1.694,3.409,-0.892,3.306,-2.082
2026-08-19 14:31:39.920,chair,0.56,2.269,3.955,3.911,168.6,164.2,4.4,0.682,2.164,3.219,2.297,3.384,1.962
2026-08-19 14:31:39.970,chair,0.972,0.827,0.943,1.0,11.6,17.2,5.7,0.825,0.064,0.898,0.289,0.995,-0.1
2026-08-19 14:31:39.971,dining table,0.611,1.917,3.524,3.907,160.7,199.0,38.3,0.712,-1.78,3.409,-0.892,3.306,-2.082
2026-08-19 14:31:39.971,chair,0.56,2.269,3.955,3.911,168.6,164.2,4.4,0.682,2.164,3.219,2.297,3.384,1.962
2026-08-19 14:31:40.022,chair,0.974,0.827,0.943,1.0,11.6,17.2,5.7,0.825,0.064,0.898,0.289,0.995,-0.1
2026-08-19 14:31:40.023,dining table,0.557,1.917,3.524,3.907,160.7,199.0,38.3,0.712,-1.78,3.409,-0.892,3.306,-2.082
2026-08-19 14:31:40.023,chair,0.502,2.269,3.955,3.911,168.6,164.2,4.4,0.682,2.164,3.219,2.297,3.384,1.962
2026-08-19 14:31:40.073,chair,0.974,0.825,0.943,1.0,11.8,17.5,5.7,0.823,0.064,0.898,0.289,0.995,-0.1
2026-08-19 14:31:40.074,dining table,0.557,1.837,3.524,3.907,168.7,207.0,38.3,0.682,-1.706,3.409,-0.892,3.306,-2.082
2026-08-19 14:31:40.074,chair,0.502,2.269,3.955,3.911,168.6,164.2,4.4,0.682,2.164,3.219,2.297,3.384,1.962
2026-08-19 14:31:40.127,chair,0.974,0.825,0.943,1.0,11.8,17.5,5.7,0.823,0.064,0.898,0.289,0.995,-0.1
2026-08-19 14:31:40.127,dining table,0.557,1.837,3.524,3.907,168.7,207.0,38.3,0.682,-1.706,3.409,-0.892,3.306,-2.082
2026-08-19 14:31:40.127,chair,0.502,2.269,3.955,3.911,168.6,164.2,4.4,0.682,2.164,3.219,2.297,3.384,1.962
2026-08-19 14:31:40.178,chair,0.972,0.825,0.943,1.0,11.8,17.5,5.7,0.823,0.064,0.898,0.289,0.995,-0.1
2026-08-19 14:31:40.178,chair,0.572,2.288,3.955,3.911,166.8,162.4,4.4,0.688,2.182,3.219,2.297,3.384,1.962
2026-08-19 14:31:40.179,dining table,0.505,1.83,3.523,3.905,169.3,207.4,38.2,0.682,-1.699,3.409,-0.889,3.306,-2.078
2026-08-19 14:31:40.229,chair,0.972,0.827,0.943,1.0,11.6,17.2,5.7,0.825,0.064,0.898,0.289,0.995,-0.1
2026-08-19 14:31:40.229,chair,0.572,2.269,3.955,3.911,168.6,164.2,4.4,0.682,2.164,3.219,2.297,3.384,1.962
2026-08-19 14:31:40.229,dining table,0.505,1.897,3.523,3.905,162.6,200.8,38.2,0.706,-1.76,3.409,-0.889,3.306,-2.078
2026-08-19 14:31:40.280,chair,0.972,0.827,0.943,1.0,11.6,17.2,5.7,0.825,0.064,0.898,0.289,0.995,-0.1
2026-08-19 14:31:40.281,chair,0.572,2.269,3.955,3.911,168.6,164.2,4.4,0.682,2.164,3.219,2.297,3.384,1.962
2026-08-19 14:31:40.281,dining table,0.505,1.897,3.523,3.905,162.6,200.8,38.2,0.706,-1.76,3.409,-0.889,3.306,-2.078
2026-08-19 14:31:40.331,chair,0.971,0.827,0.943,1.0,11.6,17.2,5.7,0.825,0.064,0.898,0.289,0.995,-0.1
2026-08-19 14:31:40.332,dining table,0.54,1.897,3.523,3.905,162.6,200.8,38.2,0.706,-1.76,3.409,-0.889,3.306,-2.078
2026-08-19 14:31:40.332,chair,0.516,2.267,3.992,3.946,172.5,167.9,4.6,0.675,2.164,3.25,2.319,3.412,1.982
2026-08-19 14:31:40.383,chair,0.971,0.832,0.943,1.0,11.1,16.8,5.7,0.829,0.064,0.898,0.289,0.995,-0.1
2026-08-19 14:31:40.383,dining table,0.54,1.856,3.523,3.905,166.7,204.8,38.2,0.691,-1.723,3.409,-0.889,3.306,-2.078
2026-08-19 14:31:40.383,chair,0.516,2.313,3.992,3.946,167.9,163.3,4.6,0.688,2.208,3.25,2.319,3.412,1.982
2026-08-19 14:31:40.433,chair,0.971,0.832,0.943,1.0,11.1,16.8,5.7,0.829,0.064,0.898,0.289,0.995,-0.1
2026-08-19 14:31:40.434,dining table,0.54,1.856,3.523,3.905,166.7,204.8,38.2,0.691,-1.723,3.409,-0.889,3.306,-2.078
2026-08-19 14:31:40.434,chair,0.516,2.313,3.992,3.946,167.9,163.3,4.6,0.688,2.208,3.25,2.319,3.412,1.982
2026-08-19 14:31:40.485,chair,0.972,0.829,0.947,1.004,11.8,17.5,5.7,0.827,0.064,0.902,0.289,0.999,-0.099
2026-08-19 14:31:40.486,chair,0.605,2.325,3.955,3.911,163.1,158.7,4.4,0.699,2.217,3.219,2.297,3.384,1.962
2026-08-19 14:31:40.486,dining table,0.543,1.856,3.523,3.905,166.7,204.8,38.2,0.691,-1.723,3.409,-0.889,3.306,-2.078
2026-08-19 14:31:40.538,chair,0.972,0.825,0.947,1.004,12.3,17.9,5.7,0.822,0.064,0.902,0.289,0.999,-0.099
2026-08-19 14:31:40.538,chair,0.605,2.306,3.955,3.911,164.9,160.5,4.4,0.693,2.199,3.219,2.297,3.384,1.962
2026-08-19 14:31:40.538,dining table,0.543,1.83,3.523,3.905,169.3,207.4,38.2,0.682,-1.699,3.409,-0.889,3.306,-2.078
2026-08-19 14:31:40.589,chair,0.972,0.825,0.947,1.004,12.3,17.9,5.7,0.822,0.064,0.902,0.289,0.999,-0.099
2026-08-19 14:31:40.590,chair,0.605,2.306,3.955,3.911,164.9,160.5,4.4,0.693,2.199,3.219,2.297,3.384,1.962
2026-08-19 14:31:40.590,dining table,0.543,1.83,3.523,3.905,169.3,207.4,38.2,0.682,-1.699,3.409,-0.889,3.306,-2.078
2026-08-19 14:31:40.641,chair,0.973,0.827,0.943,1.0,11.6,17.2,5.7,0.825,0.064,0.898,0.289,0.995,-0.1
2026-08-19 14:31:40.642,chair,0.694,2.308,3.921,3.881,161.3,157.2,4.1,0.701,2.199,3.189,2.282,3.355,1.95
2026-08-19 14:31:40.642,dining table,0.567,1.837,3.524,3.907,168.7,207.0,38.3,0.682,-1.706,3.409,-0.892,3.306,-2.082
2026-08-19 14:31:40.692,chair,0.973,0.829,0.943,1.0,11.4,17.0,5.7,0.827,0.064,0.898,0.289,0.995,-0.1
2026-08-19 14:31:40.693,chair,0.694,2.308,3.921,3.881,161.3,157.2,4.1,0.701,2.199,3.189,2.282,3.355,1.95
2026-08-19 14:31:40.693,dining table,0.567,1.89,3.524,3.907,163.4,201.7,38.3,0.701,-1.755,3.409,-0.892,3.306,-2.082
2026-08-19 14:31:40.743,chair,0.973,0.829,0.943,1.0,11.4,17.0,5.7,0.827,0.064,0.898,0.289,0.995,-0.1
2026-08-19 14:31:40.744,chair,0.694,2.308,3.921,3.881,161.3,157.2,4.1,0.701,2.199,3.189,2.282,3.355,1.95
2026-08-19 14:31:40.744,dining table,0.567,1.89,3.524,3.907,163.4,201.7,38.3,0.701,-1.755,3.409,-0.892,3.306,-2.082
2026-08-19 14:31:40.794,chair,0.972,0.829,0.947,1.004,11.8,17.5,5.7,0.827,0.064,0.902,0.289,0.999,-0.099
2026-08-19 14:31:40.795,dining table,0.525,1.883,3.523,3.905,164.0,202.2,38.2,0.701,-1.748,3.409,-0.889,3.306,-2.078
2026-08-19 14:31:40.847,chair,0.972,0.825,0.947,1.004,12.3,17.9,5.7,0.822,0.064,0.902,0.289,0.999,-0.099
2026-08-19 14:31:40.847,dining table,0.525,1.818,3.523,3.905,170.5,208.7,38.2,0.677,-1.687,3.409,-0.889,3.306,-2.078
2026-08-19 14:31:40.898,chair,0.97,0.825,0.947,1.004,12.3,17.9,5.7,0.822,0.064,0.902,0.289,0.999,-0.099
2026-08-19 14:31:40.898,chair,0.513,2.285,3.991,3.944,170.6,165.9,4.7,0.68,2.182,3.25,2.316,3.412,1.978
2026-08-19 14:31:40.899,dining table,0.508,1.818,3.523,3.905,170.5,208.7,38.2,0.677,-1.687,3.409,-0.889,3.306,-2.078
2026-08-19 14:31:40.950,chair,0.97,0.825,0.947,1.004,12.3,17.9,5.7,0.822,0.064,0.902,0.289,0.999,-0.099
2026-08-19 14:31:40.950,chair,0.513,2.304,3.991,3.944,168.7,164.0,4.7,0.686,2.199,3.25,2.316,3.412,1.978
2026-08-19 14:31:40.950,dining table,0.508,1.818,3.523,3.905,170.5,208.7,38.2,0.677,-1.687,3.409,-0.889,3.306,-2.078
2026-08-19 14:31:41.001,chair,0.97,0.825,0.947,1.004,12.3,17.9,5.7,0.822,0.064,0.902,0.289,0.999,-0.099
2026-08-19 14:31:41.001,chair,0.513,2.304,3.991,3.944,168.7,164.0,4.7,0.686,2.199,3.25,2.316,3.412,1.978
2026-08-19 14:31:41.001,dining table,0.508,1.818,3.523,3.905,170.5,208.7,38.2,0.677,-1.687,3.409,-0.889,3.306,-2.078
2026-08-19 14:31:41.052,chair,0.969,0.825,0.947,1.004,12.3,17.9,5.7,0.822,0.064,0.902,0.289,0.999,-0.099
2026-08-19 14:31:41.053,dining table,0.551,1.818,3.523,3.905,170.5,208.7,38.2,0.677,-1.687,3.409,-0.889,3.306,-2.078
2026-08-19 14:31:41.103,chair,0.969,0.834,0.947,1.004,11.3,17.0,5.7,0.831,0.065,0.902,0.289,0.999,-0.099
2026-08-19 14:31:41.104,dining table,0.551,1.83,3.523,3.905,169.3,207.4,38.2,0.682,-1.699,3.409,-0.889,3.306,-2.078
2026-08-19 14:31:41.155,chair,0.969,0.834,0.947,1.004,11.3,17.0,5.7,0.831,0.065,0.902,0.289,0.999,-0.099
2026-08-19 14:31:41.156,dining table,0.609,1.837,3.524,3.907,168.7,207.0,38.3,0.682,-1.706,3.409,-0.892,3.306,-2.082
2026-08-19 14:31:41.156,chair,0.57,2.285,3.991,3.944,170.6,165.9,4.7,0.68,2.182,3.25,2.316,3.412,1.978
2026-08-19 14:31:41.208,chair,0.969,0.825,0.947,1.004,12.3,17.9,5.7,0.822,0.064,0.902,0.289,0.999,-0.099
2026-08-19 14:31:41.208,dining table,0.609,1.876,3.524,3.907,164.8,203.1,38.3,0.696,-1.742,3.409,-0.892,3.306,-2.082
2026-08-19 14:31:41.209,chair,0.57,2.285,3.991,3.944,170.6,165.9,4.7,0.68,2.182,3.25,2.316,3.412,1.978
2026-08-19 14:31:41.259,chair,0.969,0.825,0.947,1.004,12.3,17.9,5.7,0.822,0.064,0.902,0.289,0.999,-0.099
2026-08-19 14:31:41.259,dining table,0.609,1.876,3.524,3.907,164.8,203.1,38.3,0.696,-1.742,3.409,-0.892,3.306,-2.082
2026-08-19 14:31:41.259,chair,0.57,2.285,3.991,3.944,170.6,165.9,4.7,0.68,2.182,3.25,2.316,3.412,1.978
2026-08-19 14:31:41.310,chair,0.97,0.825,0.947,1.004,12.3,17.9,5.7,0.822,0.064,0.902,0.289,0.999,-0.099
2026-08-19 14:31:41.311,dining table,0.545,1.876,3.524,3.907,164.8,203.1,38.3,0.696,-1.742,3.409,-0.892,3.306,-2.082
2026-08-19 14:31:41.362,chair,0.97,0.827,0.947,1.004,12.1,17.7,5.7,0.824,0.064,0.902,0.289,0.999,-0.099
2026-08-19 14:31:41.363,dining table,0.545,1.876,3.524,3.907,164.8,203.1,38.3,0.696,-1.742,3.409,-0.892,3.306,-2.082
2026-08-19 14:31:41.413,chair,0.97,0.827,0.947,1.004,12.1,17.7,5.7,0.824,0.064,0.902,0.289,0.999,-0.099
2026-08-19 14:31:41.413,dining table,0.545,1.876,3.524,3.907,164.8,203.1,38.3,0.696,-1.742,3.409,-0.892,3.306,-2.082
2026-08-19 14:31:41.464,chair,0.969,0.827,0.947,1.004,12.1,17.7,5.7,0.824,0.064,0.902,0.289,0.999,-0.099
2026-08-19 14:31:41.515,chair,0.969,0.829,0.947,1.004,11.8,17.5,5.7,0.827,0.064,0.902,0.289,0.999,-0.099
2026-08-19 14:31:41.566,chair,0.97,0.829,0.947,1.004,11.8,17.5,5.7,0.827,0.064,0.902,0.289,0.999,-0.099
2026-08-19 14:31:41.567,dining table,0.563,1.824,3.524,3.907,170.0,208.3,38.3,0.677,-1.694,3.409,-0.892,3.306,-2.082
2026-08-19 14:31:41.617,chair,0.97,0.825,0.947,1.004,12.3,17.9,5.7,0.822,0.064,0.902,0.289,0.999,-0.099
2026-08-19 14:31:41.618,dining table,0.563,1.837,3.524,3.907,168.7,207.0,38.3,0.682,-1.706,3.409,-0.892,3.306,-2.082
2026-08-19 14:31:41.679,chair,0.97,0.825,0.947,1.004,12.3,17.9,5.7,0.822,0.064,0.902,0.289,0.999,-0.099
2026-08-19 14:31:41.680,dining table,0.563,1.837,3.524,3.907,168.7,207.0,38.3,0.682,-1.706,3.409,-0.892,3.306,-2.082
2026-08-19 14:31:41.734,chair,0.974,0.827,0.943,1.0,11.6,17.2,5.7,0.825,0.064,0.898,0.289,0.995,-0.1
2026-08-19 14:31:41.785,chair,0.974,0.827,0.943,1.0,11.6,17.2,5.7,0.825,0.064,0.898,0.289,0.995,-0.1
2026-08-19 14:31:41.839,chair,0.974,0.827,0.943,1.0,11.6,17.2,5.7,0.825,0.064,0.898,0.289,0.995,-0.1
2026-08-19 14:31:41.905,chair,0.97,0.827,0.947,1.004,12.0,17.7,5.7,0.824,0.064,0.902,0.287,0.999,-0.103
2026-08-19 14:31:41.906,dining table,0.503,1.883,3.525,3.91,164.3,202.7,38.4,0.696,-1.749,3.41,-0.895,3.306,-2.086
2026-08-19 14:31:41.961,chair,0.97,0.831,0.947,1.004,11.5,17.3,5.7,0.829,0.064,0.902,0.287,0.999,-0.103
2026-08-19 14:31:41.961,dining table,0.503,1.818,3.525,3.91,170.8,209.2,38.4,0.672,-1.689,3.41,-0.895,3.306,-2.086
2026-08-19 14:31:42.012,chair,0.97,0.831,0.947,1.004,11.5,17.3,5.7,0.829,0.064,0.902,0.287,0.999,-0.103
2026-08-19 14:31:42.012,dining table,0.503,1.818,3.525,3.91,170.8,209.2,38.4,0.672,-1.689,3.41,-0.895,3.306,-2.086
2026-08-19 14:31:42.065,chair,0.921,0.83,0.954,1.014,12.4,18.4,6.0,0.828,0.053,0.912,0.281,1.008,-0.113
2026-08-19 14:31:42.066,chair,0.755,2.3,4.096,4.038,179.6,173.9,5.7,0.668,2.201,3.348,2.36,3.502,2.011
2026-08-19 14:31:42.066,dining table,0.604,1.818,3.528,3.914,171.0,209.7,38.6,0.672,-1.689,3.411,-0.901,3.307,-2.094
2026-08-19 14:31:42.119,chair,0.921,0.825,0.954,1.014,12.9,18.9,6.0,0.824,0.053,0.912,0.281,1.008,-0.113
2026-08-19 14:31:42.120,chair,0.755,2.282,4.096,4.038,181.4,175.7,5.7,0.662,2.183,3.348,2.36,3.502,2.011
2026-08-19 14:31:42.120,dining table,0.604,1.91,3.528,3.914,161.8,200.4,38.6,0.706,-1.775,3.411,-0.901,3.307,-2.094
2026-08-19 14:31:42.174,chair,0.914,0.826,0.955,1.024,12.9,19.9,7.0,0.826,0.017,0.921,0.251,1.013,-0.153
2026-08-19 14:31:42.174,chair,0.761,2.239,4.193,4.12,195.4,188.2,7.2,0.644,2.144,3.456,2.374,3.599,2.006
2026-08-19 14:31:42.174,chair,0.644,1.925,3.51,3.907,158.5,198.2,39.7,0.703,-1.792,3.386,-0.923,3.282,-2.121
2026-08-19 14:31:42.226,chair,0.914,0.828,0.955,1.024,12.7,19.6,7.0,0.828,0.017,0.921,0.251,1.013,-0.153
2026-08-19 14:31:42.226,chair,0.761,2.221,4.193,4.12,197.2,190.0,7.2,0.639,2.127,3.456,2.374,3.599,2.006
2026-08-19 14:31:42.227,chair,0.644,1.898,3.51,3.907,161.2,200.9,39.7,0.693,-1.767,3.386,-0.923,3.282,-2.121
2026-08-19 14:31:42.278,chair,0.914,0.828,0.955,1.024,12.7,19.6,7.0,0.828,0.017,0.921,0.251,1.013,-0.153
2026-08-19 14:31:42.279,chair,0.761,2.221,4.193,4.12,197.2,190.0,7.2,0.639,2.127,3.456,2.374,3.599,2.006
2026-08-19 14:31:42.279,chair,0.644,1.898,3.51,3.907,161.2,200.9,39.7,0.693,-1.767,3.386,-0.923,3.282,-2.121
2026-08-19 14:31:42.330,chair,0.959,0.829,0.946,1.017,11.7,18.8,7.1,0.829,0.011,0.913,0.246,1.004,-0.159
2026-08-19 14:31:42.331,chair,0.796,2.242,4.311,4.226,206.8,198.3,8.5,0.626,2.153,3.563,2.426,3.698,2.045
2026-08-19 14:31:42.331,dining table,0.514,1.911,3.518,3.922,160.7,201.1,40.4,0.693,-1.781,3.389,-0.941,3.283,-2.145
2026-08-19 14:31:42.382,chair,0.959,0.826,0.946,1.017,11.9,19.0,7.1,0.826,0.011,0.913,0.246,1.004,-0.159
2026-08-19 14:31:42.383,chair,0.796,2.299,4.311,4.226,201.1,192.6,8.5,0.642,2.208,3.563,2.426,3.698,2.045
2026-08-19 14:31:42.383,dining table,0.514,1.911,3.518,3.922,160.7,201.1,40.4,0.693,-1.781,3.389,-0.941,3.283,-2.145
2026-08-19 14:31:42.435,chair,0.95,0.826,0.951,1.02,12.4,19.4,6.9,0.826,0.019,0.917,0.252,1.009,-0.152
2026-08-19 14:31:42.435,chair,0.756,2.293,4.233,4.157,194.0,186.4,7.6,0.653,2.198,3.49,2.394,3.631,2.023
2026-08-19 14:31:42.485,chair,0.95,0.833,0.951,1.02,11.7,18.7,6.9,0.833,0.02,0.917,0.252,1.009,-0.152
2026-08-19 14:31:42.486,chair,0.756,2.236,4.233,4.157,199.6,192.0,7.6,0.637,2.144,3.49,2.394,3.631,2.023
2026-08-19 14:31:42.536,chair,0.95,0.833,0.951,1.02,11.7,18.7,6.9,0.833,0.02,0.917,0.252,1.009,-0.152
2026-08-19 14:31:42.536,chair,0.756,2.236,4.233,4.157,199.6,192.0,7.6,0.637,2.144,3.49,2.394,3.631,2.023
2026-08-19 14:31:42.587,chair,0.957,0.834,0.947,1.014,11.3,18.0,6.7,0.833,0.025,0.911,0.257,1.004,-0.144
2026-08-19 14:31:42.588,chair,0.777,2.244,4.236,4.16,199.1,191.6,7.6,0.637,2.152,3.489,2.401,3.631,2.031
2026-08-19 14:31:42.588,dining table,0.62,1.859,3.511,3.91,165.3,205.1,39.8,0.679,-1.73,3.387,-0.926,3.282,-2.125
2026-08-19 14:31:42.639,chair,0.957,0.824,0.947,1.014,12.3,19.0,6.7,0.824,0.025,0.911,0.257,1.004,-0.144
2026-08-19 14:31:42.639,chair,0.777,2.281,4.236,4.16,195.4,187.9,7.6,0.647,2.188,3.489,2.401,3.631,2.031
2026-08-19 14:31:42.639,dining table,0.62,1.872,3.511,3.91,164.0,203.8,39.8,0.684,-1.742,3.387,-0.926,3.282,-2.125
2026-08-19 14:31:42.689,chair,0.957,0.824,0.947,1.014,12.3,19.0,6.7,0.824,0.025,0.911,0.257,1.004,-0.144
2026-08-19 14:31:42.690,chair,0.777,2.281,4.236,4.16,195.4,187.9,7.6,0.647,2.188,3.489,2.401,3.631,2.031
2026-08-19 14:31:42.690,dining table,0.62,1.872,3.511,3.91,164.0,203.8,39.8,0.684,-1.742,3.387,-0.926,3.282,-2.125
2026-08-19 14:31:42.742,chair,0.952,0.824,0.947,1.014,12.3,19.0,6.7,0.824,0.025,0.911,0.258,1.004,-0.142
2026-08-19 14:31:42.742,chair,0.666,2.273,4.198,4.127,192.6,185.4,7.1,0.65,2.178,3.454,2.387,3.598,2.022
2026-08-19 14:31:42.743,dining table,0.632,1.872,3.511,3.91,164.0,203.8,39.8,0.684,-1.742,3.387,-0.926,3.282,-2.125
2026-08-19 14:31:42.795,chair,0.952,0.831,0.947,1.014,11.6,18.3,6.7,0.831,0.025,0.911,0.258,1.004,-0.142
2026-08-19 14:31:42.796,chair,0.666,2.273,4.198,4.127,192.6,185.4,7.1,0.65,2.178,3.454,2.387,3.598,2.022
2026-08-19 14:31:42.796,dining table,0.632,1.859,3.511,3.91,165.3,205.1,39.8,0.679,-1.73,3.387,-0.926,3.282,-2.125
2026-08-19 14:31:42.848,chair,0.954,0.832,0.947,1.014,11.6,18.2,6.6,0.831,0.031,0.911,0.26,1.004,-0.139
2026-08-19 14:31:42.848,chair,0.759,2.289,4.238,4.163,194.9,187.4,7.5,0.647,2.196,3.488,2.407,3.63,2.039
2026-08-19 14:31:42.849,dining table,0.588,1.859,3.511,3.91,165.3,205.1,39.8,0.679,-1.73,3.387,-0.926,3.282,-2.125
2026-08-19 14:31:42.900,chair,0.954,0.829,0.947,1.014,11.8,18.4,6.6,0.829,0.031,0.911,0.26,1.004,-0.139
2026-08-19 14:31:42.901,chair,0.759,2.289,4.238,4.163,194.9,187.4,7.5,0.647,2.196,3.488,2.407,3.63,2.039
2026-08-19 14:31:42.901,dining table,0.588,1.872,3.511,3.91,164.0,203.8,39.8,0.684,-1.742,3.387,-0.926,3.282,-2.125
2026-08-19 14:31:42.951,chair,0.954,0.829,0.947,1.014,11.8,18.4,6.6,0.829,0.031,0.911,0.26,1.004,-0.139
2026-08-19 14:31:42.952,chair,0.759,2.289,4.238,4.163,194.9,187.4,7.5,0.647,2.196,3.488,2.407,3.63,2.039
2026-08-19 14:31:42.952,dining table,0.588,1.872,3.511,3.91,164.0,203.8,39.8,0.684,-1.742,3.387,-0.926,3.282,-2.125
2026-08-19 14:31:43.004,chair,0.953,0.829,0.947,1.014,11.8,18.4,6.6,0.829,0.031,0.911,0.26,1.004,-0.139
2026-08-19 14:31:43.005,chair,0.823,2.3,4.2,4.129,190.0,182.9,7.1,0.655,2.204,3.453,2.39,3.598,2.025
2026-08-19 14:31:43.005,dining table,0.623,1.872,3.51,3.907,163.8,203.6,39.7,0.684,-1.742,3.386,-0.923,3.282,-2.121
2026-08-19 14:31:43.056,chair,0.953,0.832,0.947,1.014,11.6,18.2,6.6,0.831,0.031,0.911,0.26,1.004,-0.139
2026-08-19 14:31:43.057,chair,0.823,2.3,4.2,4.129,190.0,182.9,7.1,0.655,2.204,3.453,2.39,3.598,2.025
2026-08-19 14:31:43.057,dining table,0.623,1.846,3.51,3.907,166.4,206.1,39.7,0.674,-1.718,3.386,-0.923,3.282,-2.121
2026-08-19 14:31:43.109,chair,0.954,0.832,0.947,1.014,11.6,18.2,6.6,0.831,0.031,0.911,0.26,1.004,-0.139
2026-08-19 14:31:43.110,chair,0.808,2.289,4.238,4.163,194.9,187.4,7.5,0.647,2.196,3.488,2.407,3.63,2.039
2026-08-19 14:31:43.110,dining table,0.553,1.846,3.51,3.907,166.4,206.1,39.7,0.674,-1.718,3.386,-0.923,3.282,-2.121
2026-08-19 14:31:43.160,chair,0.954,0.829,0.947,1.014,11.8,18.4,6.6,0.829,0.031,0.911,0.26,1.004,-0.139
2026-08-19 14:31:43.161,chair,0.808,2.234,4.238,4.163,200.4,192.9,7.5,0.631,2.143,3.488,2.407,3.63,2.039
2026-08-19 14:31:43.161,dining table,0.553,1.821,3.51,3.907,168.9,208.6,39.7,0.665,-1.695,3.386,-0.923,3.282,-2.121
2026-08-19 14:31:43.212,chair,0.954,0.829,0.947,1.014,11.8,18.4,6.6,0.829,0.031,0.911,0.26,1.004,-0.139
2026-08-19 14:31:43.213,chair,0.808,2.234,4.238,4.163,200.4,192.9,7.5,0.631,2.143,3.488,2.407,3.63,2.039
2026-08-19 14:31:43.213,dining table,0.553,1.821,3.51,3.907,168.9,208.6,39.7,0.665,-1.695,3.386,-0.923,3.282,-2.121
2026-08-19 14:31:43.265,chair,0.954,0.829,0.947,1.014,11.8,18.4,6.6,0.829,0.031,0.911,0.26,1.004,-0.139
2026-08-19 14:31:43.265,chair,0.662,2.242,4.24,4.165,199.8,192.3,7.5,0.631,2.151,3.488,2.411,3.63,2.043
2026-08-19 14:31:43.265,dining table,0.602,1.821,3.511,3.91,169.0,208.9,39.8,0.665,-1.695,3.387,-0.926,3.282,-2.125
2026-08-19 14:31:43.316,chair,0.954,0.822,0.947,1.014,12.5,19.1,6.6,0.822,0.03,0.911,0.26,1.004,-0.139
2026-08-19 14:31:43.316,chair,0.662,2.278,4.24,4.165,196.1,188.7,7.5,0.642,2.186,3.488,2.411,3.63,2.043
2026-08-19 14:31:43.317,dining table,0.602,1.898,3.511,3.91,161.3,201.2,39.8,0.693,-1.767,3.387,-0.926,3.282,-2.125
2026-08-19 14:31:43.367,chair,0.954,0.822,0.947,1.014,12.5,19.1,6.6,0.822,0.03,0.911,0.26,1.004,-0.139
2026-08-19 14:31:43.368,chair,0.662,2.278,4.24,4.165,196.1,188.7,7.5,0.642,2.186,3.488,2.411,3.63,2.043
2026-08-19 14:31:43.368,dining table,0.602,1.898,3.511,3.91,161.3,201.2,39.8,0.693,-1.767,3.387,-0.926,3.282,-2.125
2026-08-19 14:31:43.420,chair,0.951,0.822,0.952,1.017,13.0,19.5,6.5,0.821,0.036,0.914,0.266,1.008,-0.133
2026-08-19 14:31:43.420,chair,0.821,2.297,4.242,4.168,194.5,187.1,7.4,0.647,2.204,3.486,2.417,3.629,2.05
2026-08-19 14:31:43.420,dining table,0.625,1.898,3.507,3.903,160.9,200.4,39.5,0.698,-1.765,3.385,-0.917,3.281,-2.113
2026-08-19 14:31:43.472,chair,0.951,0.824,0.952,1.017,12.8,19.3,6.5,0.824,0.036,0.914,0.266,1.008,-0.133
2026-08-19 14:31:43.473,chair,0.821,2.26,4.242,4.168,198.3,190.9,7.4,0.637,2.168,3.486,2.417,3.629,2.05
2026-08-19 14:31:43.473,dining table,0.625,1.926,3.507,3.903,158.2,197.7,39.5,0.708,-1.791,3.385,-0.917,3.281,-2.113
2026-08-19 14:31:43.523,chair,0.951,0.824,0.952,1.017,12.8,19.3,6.5,0.824,0.036,0.914,0.266,1.008,-0.133
2026-08-19 14:31:43.524,chair,0.821,2.26,4.242,4.168,198.3,190.9,7.4,0.637,2.168,3.486,2.417,3.629,2.05
2026-08-19 14:31:43.524,dining table,0.625,1.926,3.507,3.903,158.2,197.7,39.5,0.708,-1.791,3.385,-0.917,3.281,-2.113
2026-08-19 14:31:43.576,chair,0.901,0.824,0.951,1.009,12.7,18.5,5.8,0.822,0.058,0.907,0.284,1.003,-0.107
2026-08-19 14:31:43.576,chair,0.692,2.25,4.022,3.971,177.2,172.1,5.1,0.667,2.149,3.284,2.322,3.443,1.978
2026-08-19 14:31:43.577,dining table,0.556,1.924,3.525,3.91,160.2,198.6,38.4,0.712,-1.787,3.41,-0.895,3.306,-2.086
2026-08-19 14:31:43.628,chair,0.901,0.831,0.951,1.009,12.0,17.8,5.8,0.829,0.059,0.907,0.284,1.003,-0.107
2026-08-19 14:31:43.629,chair,0.692,2.286,4.022,3.971,173.6,168.5,5.1,0.678,2.183,3.284,2.322,3.443,1.978
2026-08-19 14:31:43.629,dining table,0.556,1.924,3.525,3.91,160.2,198.6,38.4,0.712,-1.787,3.41,-0.895,3.306,-2.086
2026-08-19 14:31:43.680,chair,0.901,0.831,0.951,1.009,12.0,17.8,5.8,0.829,0.059,0.907,0.284,1.003,-0.107
2026-08-19 14:31:43.680,chair,0.692,2.286,4.022,3.971,173.6,168.5,5.1,0.678,2.183,3.284,2.322,3.443,1.978
2026-08-19 14:31:43.681,dining table,0.556,1.924,3.525,3.91,160.2,198.6,38.4,0.712,-1.787,3.41,-0.895,3.306,-2.086
2026-08-19 14:31:43.732,chair,0.925,0.83,0.949,1.003,11.9,17.3,5.4,0.827,0.075,0.901,0.297,0.999,-0.089
2026-08-19 14:31:43.733,chair,0.651,2.308,4.182,4.12,187.4,181.2,6.2,0.647,2.216,3.41,2.422,3.562,2.071
2026-08-19 14:31:43.784,chair,0.925,0.835,0.949,1.003,11.4,16.8,5.4,0.831,0.076,0.901,0.297,0.999,-0.089
2026-08-19 14:31:43.784,chair,0.651,2.289,4.182,4.12,189.3,183.1,6.2,0.642,2.198,3.41,2.422,3.562,2.071
2026-08-19 14:31:43.834,chair,0.925,0.835,0.949,1.003,11.4,16.8,5.4,0.831,0.076,0.901,0.297,0.999,-0.089
2026-08-19 14:31:43.835,chair,0.651,2.289,4.182,4.12,189.3,183.1,6.2,0.642,2.198,3.41,2.422,3.562,2.071
2026-08-19 14:31:43.886,chair,0.949,0.837,0.95,0.995,11.3,15.8,4.4,0.829,0.115,0.892,0.329,0.994,-0.046
2026-08-19 14:31:43.886,chair,0.638,2.332,4.205,4.148,187.3,181.6,5.7,0.637,2.244,3.4,2.474,3.557,2.134
2026-08-19 14:31:43.887,dining table,0.633,1.895,3.532,3.894,163.6,199.8,36.2,0.72,-1.753,3.43,-0.842,3.329,-2.019
2026-08-19 14:31:43.938,chair,0.949,0.833,0.95,0.995,11.7,16.2,4.4,0.825,0.114,0.892,0.329,0.994,-0.046
2026-08-19 14:31:43.938,chair,0.638,2.351,4.205,4.148,185.4,179.7,5.7,0.642,2.262,3.4,2.474,3.557,2.134
2026-08-19 14:31:43.939,dining table,0.633,1.91,3.532,3.894,162.2,198.4,36.2,0.726,-1.766,3.43,-0.842,3.329,-2.019
2026-08-19 14:31:43.990,chair,0.941,0.834,0.951,0.994,11.7,16.1,4.3,0.825,0.12,0.891,0.332,0.994,-0.042
2026-08-19 14:31:43.990,chair,0.614,2.37,4.206,4.15,183.6,178.0,5.6,0.647,2.28,3.4,2.477,3.557,2.138
2026-08-19 14:31:44.041,chair,0.941,0.834,0.951,0.994,11.7,16.1,4.3,0.825,0.12,0.891,0.332,0.994,-0.042
2026-08-19 14:31:44.042,chair,0.614,2.37,4.206,4.15,183.6,178.0,5.6,0.647,2.28,3.4,2.477,3.557,2.138
2026-08-19 14:31:44.092,chair,0.943,0.833,0.951,0.995,11.8,16.1,4.4,0.825,0.117,0.891,0.331,0.994,-0.043
2026-08-19 14:31:44.093,chair,0.506,2.37,4.206,4.15,183.6,178.0,5.6,0.647,2.28,3.4,2.477,3.557,2.138
2026-08-19 14:31:44.144,chair,0.943,0.826,0.951,0.995,12.5,16.9,4.4,0.818,0.116,0.891,0.331,0.994,-0.043
2026-08-19 14:31:44.144,chair,0.506,2.351,4.206,4.15,185.6,179.9,5.6,0.642,2.262,3.4,2.477,3.557,2.138
2026-08-19 14:31:44.194,chair,0.943,0.826,0.951,0.995,12.5,16.9,4.4,0.818,0.116,0.891,0.331,0.994,-0.043
2026-08-19 14:31:44.195,chair,0.506,2.351,4.206,4.15,185.6,179.9,5.6,0.642,2.262,3.4,2.477,3.557,2.138
2026-08-19 14:31:44.264,chair,0.943,0.826,0.95,0.995,12.4,16.9,4.5,0.818,0.113,0.892,0.327,0.994,-0.048
2026-08-19 14:31:44.265,dining table,0.516,1.84,3.533,3.896,169.2,205.6,36.3,0.7,-1.702,3.43,-0.845,3.33,-2.023
2026-08-19 14:31:44.318,chair,0.943,0.837,0.95,0.995,11.3,15.8,4.5,0.829,0.115,0.892,0.327,0.994,-0.048
2026-08-19 14:31:44.319,dining table,0.516,1.788,3.533,3.896,174.4,210.7,36.3,0.68,-1.654,3.43,-0.845,3.33,-2.023
2026-08-19 14:31:44.369,chair,0.943,0.837,0.95,0.995,11.3,15.8,4.5,0.829,0.115,0.892,0.327,0.994,-0.048
2026-08-19 14:31:44.369,dining table,0.516,1.788,3.533,3.896,174.4,210.7,36.3,0.68,-1.654,3.43,-0.845,3.33,-2.023
2026-08-19 14:31:44.421,chair,0.964,0.835,0.945,0.991,11.0,15.6,4.6,0.828,0.108,0.888,0.323,0.989,-0.053
2026-08-19 14:31:44.422,dining table,0.512,1.785,3.504,3.87,171.9,208.5,36.5,0.682,-1.65,3.401,-0.844,3.302,-2.017
2026-08-19 14:31:44.474,chair,0.964,0.835,0.945,0.991,11.0,15.6,4.6,0.828,0.108,0.888,0.323,0.989,-0.053
2026-08-19 14:31:44.474,dining table,0.512,1.877,3.504,3.87,162.8,199.3,36.5,0.717,-1.734,3.401,-0.844,3.302,-2.017
2026-08-19 14:31:44.526,chair,0.963,0.835,0.945,0.991,11.0,15.6,4.6,0.828,0.108,0.888,0.323,0.989,-0.053
2026-08-19 14:31:44.526,chair,0.594,2.354,4.202,4.145,184.8,179.0,5.7,0.647,2.264,3.401,2.467,3.558,2.126
2026-08-19 14:31:44.578,chair,0.963,0.837,0.945,0.991,10.8,15.4,4.6,0.83,0.109,0.888,0.323,0.989,-0.053
2026-08-19 14:31:44.578,chair,0.594,2.336,4.202,4.145,186.7,180.9,5.7,0.642,2.246,3.401,2.467,3.558,2.126
2026-08-19 14:31:44.629,chair,0.963,0.837,0.945,0.991,10.8,15.4,4.6,0.83,0.109,0.888,0.323,0.989,-0.053
2026-08-19 14:31:44.629,chair,0.594,2.336,4.202,4.145,186.7,180.9,5.7,0.642,2.246,3.401,2.467,3.558,2.126
2026-08-19 14:31:44.681,chair,0.958,0.837,0.945,0.991,10.8,15.4,4.6,0.83,0.109,0.888,0.323,0.989,-0.053
2026-08-19 14:31:44.681,dining table,0.577,1.823,3.504,3.87,168.1,204.7,36.5,0.696,-1.685,3.401,-0.844,3.302,-2.017
2026-08-19 14:31:44.732,chair,0.958,0.832,0.945,0.991,11.3,15.9,4.6,0.825,0.108,0.888,0.323,0.989,-0.053
2026-08-19 14:31:44.732,dining table,0.577,1.823,3.504,3.87,168.1,204.7,36.5,0.696,-1.685,3.401,-0.844,3.302,-2.017
2026-08-19 14:31:44.784,chair,0.955,0.832,0.945,0.991,11.3,15.8,4.5,0.825,0.108,0.888,0.324,0.989,-0.051
2026-08-19 14:31:44.784,chair,0.523,2.325,4.204,4.147,187.9,182.2,5.7,0.637,2.236,3.401,2.471,3.558,2.13
2026-08-19 14:31:44.835,chair,0.955,0.839,0.945,0.991,10.6,15.2,4.5,0.832,0.109,0.888,0.324,0.989,-0.051
2026-08-19 14:31:44.835,chair,0.523,2.362,4.204,4.147,184.1,178.4,5.7,0.647,2.272,3.401,2.471,3.558,2.13
2026-08-19 14:31:44.886,chair,0.955,0.839,0.945,0.991,10.6,15.2,4.5,0.832,0.109,0.888,0.324,0.989,-0.051
2026-08-19 14:31:44.886,chair,0.523,2.362,4.204,4.147,184.1,178.4,5.7,0.647,2.272,3.401,2.471,3.558,2.13
2026-08-19 14:31:44.939,chair,0.955,0.841,0.95,0.995,10.8,15.4,4.5,0.834,0.11,0.892,0.325,0.994,-0.051
2026-08-19 14:31:44.939,dining table,0.516,1.814,3.534,3.898,172.0,208.4,36.4,0.69,-1.678,3.431,-0.848,3.33,-2.027
2026-08-19 14:31:44.991,chair,0.955,0.832,0.95,0.995,11.7,16.3,4.5,0.825,0.108,0.892,0.325,0.994,-0.051
2026-08-19 14:31:44.991,dining table,0.516,1.84,3.534,3.898,169.4,205.8,36.4,0.7,-1.702,3.431,-0.848,3.33,-2.027
2026-08-19 14:31:45.042,chair,0.955,0.832,0.95,0.995,11.7,16.3,4.5,0.825,0.108,0.892,0.325,0.994,-0.051
2026-08-19 14:31:45.042,dining table,0.516,1.84,3.534,3.898,169.4,205.8,36.4,0.7,-1.702,3.431,-0.848,3.33,-2.027
2026-08-19 14:31:45.093,chair,0.95,0.832,0.95,0.995,11.7,16.3,4.5,0.825,0.108,0.892,0.325,0.994,-0.051
2026-08-19 14:31:45.145,chair,0.95,0.834,0.95,0.995,11.6,16.1,4.5,0.827,0.109,0.892,0.325,0.994,-0.051
2026-08-19 14:31:45.196,chair,0.955,0.834,0.95,0.995,11.6,16.1,4.5,0.827,0.109,0.892,0.325,0.994,-0.051
2026-08-19 14:31:45.197,dining table,0.576,1.867,3.534,3.898,166.7,203.1,36.4,0.71,-1.727,3.431,-0.848,3.33,-2.027
2026-08-19 14:31:45.248,chair,0.955,0.834,0.95,0.995,11.6,16.1,4.5,0.827,0.109,0.892,0.325,0.994,-0.051
2026-08-19 14:31:45.248,dining table,0.576,1.881,3.534,3.898,165.3,201.7,36.4,0.715,-1.74,3.431,-0.848,3.33,-2.027
2026-08-19 14:31:45.299,chair,0.955,0.834,0.95,0.995,11.6,16.1,4.5,0.827,0.109,0.892,0.325,0.994,-0.051
2026-08-19 14:31:45.299,dining table,0.576,1.881,3.534,3.898,165.3,201.7,36.4,0.715,-1.74,3.431,-0.848,3.33,-2.027
2026-08-19 14:31:45.350,chair,0.957,0.834,0.95,0.995,11.6,16.1,4.5,0.827,0.109,0.892,0.325,0.994,-0.051
2026-08-19 14:31:45.402,chair,0.957,0.834,0.95,0.995,11.6,16.1,4.5,0.827,0.109,0.892,0.325,0.994,-0.051
2026-08-19 14:31:45.470,chair,0.957,0.834,0.95,0.995,11.6,16.1,4.5,0.827,0.109,0.892,0.325,0.994,-0.051
2026-08-19 14:31:45.523,dining table,0.511,1.84,3.534,3.898,169.4,205.8,36.4,0.7,-1.702,3.431,-0.848,3.33,-2.027
2026-08-19 14:31:45.524,chair,0.508,0.834,0.95,0.995,11.6,16.1,4.5,0.827,0.109,0.892,0.325,0.994,-0.051
2026-08-19 14:31:45.574,dining table,0.511,1.854,3.534,3.898,168.0,204.5,36.4,0.705,-1.714,3.431,-0.848,3.33,-2.027
2026-08-19 14:31:45.575,chair,0.508,0.834,0.95,0.995,11.6,16.1,4.5,0.827,0.109,0.892,0.325,0.994,-0.051
2026-08-19 14:31:45.626,dining table,0.511,1.854,3.534,3.898,168.0,204.5,36.4,0.705,-1.714,3.431,-0.848,3.33,-2.027
2026-08-19 14:31:45.626,chair,0.508,0.834,0.95,0.995,11.6,16.1,4.5,0.827,0.109,0.892,0.325,0.994,-0.051
2026-08-19 14:31:45.678,chair,0.961,0.835,0.945,0.991,11.1,15.6,4.5,0.828,0.108,0.888,0.324,0.989,-0.051
2026-08-19 14:31:45.730,chair,0.961,0.832,0.945,0.991,11.3,15.8,4.5,0.825,0.108,0.888,0.324,0.989,-0.051
2026-08-19 14:31:45.780,chair,0.961,0.832,0.945,0.991,11.3,15.8,4.5,0.825,0.108,0.888,0.324,0.989,-0.051
2026-08-19 14:31:45.832,chair,0.957,0.832,0.949,0.995,11.7,16.3,4.6,0.825,0.108,0.892,0.323,0.994,-0.054
2026-08-19 14:31:45.832,dining table,0.532,1.847,3.535,3.901,168.8,205.4,36.5,0.7,-1.709,3.431,-0.851,3.33,-2.031
2026-08-19 14:31:45.833,chair,0.515,2.333,4.242,4.181,190.8,184.7,6.1,0.634,2.246,3.435,2.488,3.589,2.144
2026-08-19 14:31:45.886,chair,0.957,0.834,0.949,0.995,11.5,16.1,4.6,0.827,0.109,0.892,0.323,0.994,-0.054
2026-08-19 14:31:45.887,dining table,0.532,1.847,3.535,3.901,168.8,205.4,36.5,0.7,-1.709,3.431,-0.851,3.33,-2.031
2026-08-19 14:31:45.887,chair,0.515,2.371,4.242,4.181,187.0,181.0,6.1,0.644,2.282,3.435,2.488,3.589,2.144
2026-08-19 14:31:45.939,chair,0.671,0.803,1.399,1.451,59.6,64.8,5.1,0.797,0.098,1.347,0.379,1.449,-0.064
2026-08-19 14:31:45.990,chair,0.671,0.812,1.399,1.451,58.7,63.9,5.1,0.806,0.099,1.347,0.379,1.449,-0.064
2026-08-19 14:31:46.059,chair,0.671,0.812,1.399,1.451,58.7,63.9,5.1,0.806,0.099,1.347,0.379,1.449,-0.064
2026-08-19 14:31:46.113,chair,0.726,0.827,1.192,1.27,36.5,44.3,7.8,0.827,-0.024,1.165,0.251,1.255,-0.198
2026-08-19 14:31:46.114,chair,0.677,2.242,4.136,4.063,189.5,182.2,7.3,0.669,2.14,3.429,2.312,3.571,1.938
2026-08-19 14:31:46.165,chair,0.726,0.813,1.192,1.27,37.9,45.7,7.8,0.813,-0.023,1.165,0.251,1.255,-0.198
2026-08-19 14:31:46.166,chair,0.677,2.152,4.136,4.063,198.4,191.2,7.3,0.642,2.054,3.429,2.312,3.571,1.938
2026-08-19 14:31:46.216,chair,0.726,0.813,1.192,1.27,37.9,45.7,7.8,0.813,-0.023,1.165,0.251,1.255,-0.198
2026-08-19 14:31:46.217,chair,0.677,2.152,4.136,4.063,198.4,191.2,7.3,0.642,2.054,3.429,2.312,3.571,1.938
2026-08-19 14:31:46.269,chair,0.963,0.834,0.907,1.001,7.3,16.6,9.4,0.832,-0.064,0.888,0.181,0.971,-0.24
2026-08-19 14:31:46.270,chair,0.558,2.133,4.237,4.149,210.4,201.6,8.8,0.629,2.038,3.542,2.325,3.672,1.931
2026-08-19 14:31:46.270,chair,0.51,1.886,3.431,3.861,154.5,197.5,43.0,0.677,-1.761,3.287,-0.984,3.182,-2.187
2026-08-19 14:31:46.321,chair,0.963,0.832,0.907,1.001,7.5,16.9,9.4,0.829,-0.063,0.888,0.181,0.971,-0.24
2026-08-19 14:31:46.321,chair,0.558,2.082,4.237,4.149,215.5,206.6,8.8,0.614,1.99,3.542,2.325,3.672,1.931
2026-08-19 14:31:46.322,chair,0.51,1.938,3.431,3.861,149.3,192.4,43.0,0.696,-1.809,3.287,-0.984,3.182,-2.187
2026-08-19 14:31:46.373,chair,0.963,0.832,0.907,1.001,7.5,16.9,9.4,0.829,-0.063,0.888,0.181,0.971,-0.24
2026-08-19 14:31:46.373,chair,0.558,2.082,4.237,4.149,215.5,206.6,8.8,0.614,1.99,3.542,2.325,3.672,1.931
2026-08-19 14:31:46.373,chair,0.51,1.938,3.431,3.861,149.3,192.4,43.0,0.696,-1.809,3.287,-0.984,3.182,-2.187
2026-08-19 14:31:46.425,chair,0.97,0.837,0.882,0.982,4.4,14.5,10.0,0.834,-0.079,0.866,0.163,0.947,-0.259
2026-08-19 14:31:46.477,chair,0.97,0.84,0.882,0.982,4.2,14.2,10.0,0.836,-0.079,0.866,0.163,0.947,-0.259
2026-08-19 14:31:46.528,chair,0.97,0.84,0.882,0.982,4.2,14.2,10.0,0.836,-0.079,0.866,0.163,0.947,-0.259
2026-08-19 14:31:46.580,chair,0.968,0.837,0.835,0.936,0.2,9.9,10.1,0.833,-0.076,0.82,0.159,0.9,-0.256
2026-08-19 14:31:46.631,chair,0.968,0.839,0.835,0.936,0.4,9.7,10.1,0.835,-0.076,0.82,0.159,0.9,-0.256
2026-08-19 14:31:46.682,chair,0.968,0.839,0.835,0.936,0.4,9.7,10.1,0.835,-0.076,0.82,0.159,0.9,-0.256
2026-08-19 14:31:46.734,chair,0.959,0.838,0.795,0.898,4.4,6.0,10.3,0.835,-0.081,0.78,0.151,0.859,-0.261
2026-08-19 14:31:46.734,chair,0.62,2.004,4.106,4.027,210.3,202.3,8.0,0.622,1.905,3.443,2.238,3.578,1.847
2026-08-19 14:31:46.785,chair,0.959,0.843,0.795,0.898,4.8,5.5,10.3,0.839,-0.082,0.78,0.151,0.859,-0.261
2026-08-19 14:31:46.785,chair,0.62,1.958,4.106,4.027,214.8,206.8,8.0,0.608,1.862,3.443,2.238,3.578,1.847
2026-08-19 14:31:46.836,chair,0.959,0.843,0.795,0.898,4.8,5.5,10.3,0.839,-0.082,0.78,0.151,0.859,-0.261
2026-08-19 14:31:46.836,chair,0.62,1.958,4.106,4.027,214.8,206.8,8.0,0.608,1.862,3.443,2.238,3.578,1.847
2026-08-19 14:31:46.888,chair,0.917,0.854,0.77,0.89,8.4,3.6,12.0,0.845,-0.123,0.761,0.114,0.835,-0.306
2026-08-19 14:31:46.889,chair,0.52,1.857,3.097,3.087,124.1,123.0,1.0,0.788,1.681,2.574,1.723,2.752,1.399
2026-08-19 14:31:46.941,chair,0.917,0.848,0.77,0.89,7.8,4.2,12.0,0.839,-0.122,0.761,0.114,0.835,-0.306
2026-08-19 14:31:46.941,chair,0.52,1.77,3.097,3.087,132.8,131.7,1.0,0.751,1.602,2.574,1.723,2.752,1.399
2026-08-19 14:31:46.992,chair,0.917,0.848,0.77,0.89,7.8,4.2,12.0,0.839,-0.122,0.761,0.114,0.835,-0.306
2026-08-19 14:31:46.992,chair,0.52,1.77,3.097,3.087,132.8,131.7,1.0,0.751,1.602,2.574,1.723,2.752,1.399
2026-08-19 14:31:47.043,chair,0.648,1.765,3.046,3.031,128.1,126.6,1.5,0.789,1.579,2.565,1.644,2.737,1.303
2026-08-19 14:31:47.095,chair,0.648,1.628,3.046,3.031,141.8,140.3,1.5,0.728,1.457,2.565,1.644,2.737,1.303
2026-08-19 14:31:47.158,chair,0.676,0.381,2.31,2.478,192.9,209.7,16.8,0.295,-0.241,2.309,-0.087,2.331,-0.842
2026-08-19 14:31:47.212,chair,0.676,0.37,2.31,2.478,194.0,210.8,16.8,0.286,-0.234,2.309,-0.087,2.331,-0.842
2026-08-19 14:31:47.263,chair,0.676,0.37,2.31,2.478,194.0,210.8,16.8,0.286,-0.234,2.309,-0.087,2.331,-0.842
2026-08-19 14:31:47.315,chair,0.52,0.432,2.255,2.478,182.3,204.6,22.3,0.299,-0.312,2.242,-0.245,2.25,-1.038
2026-08-19 14:31:47.365,chair,0.52,0.42,2.255,2.478,183.5,205.8,22.3,0.291,-0.304,2.242,-0.245,2.25,-1.038
2026-08-19 14:31:47.416,chair,0.636,0.445,2.187,2.435,174.2,199.1,24.8,0.297,-0.331,2.165,-0.306,2.17,-1.106
2026-08-19 14:31:47.417,knife,0.631,0.85,0.687,0.965,16.4,11.5,27.8,0.754,-0.392,0.666,-0.166,0.703,-0.662
2026-08-19 14:31:47.469,chair,0.636,0.442,2.187,2.435,174.5,199.3,24.8,0.295,-0.329,2.165,-0.306,2.17,-1.106
2026-08-19 14:31:47.470,knife,0.631,0.843,0.687,0.965,15.7,12.2,27.8,0.748,-0.389,0.666,-0.166,0.703,-0.662
2026-08-19 14:31:47.520,chair,0.636,0.442,2.187,2.435,174.5,199.3,24.8,0.295,-0.329,2.165,-0.306,2.17,-1.106
2026-08-19 14:31:47.520,knife,0.631,0.843,0.687,0.965,15.7,12.2,27.8,0.748,-0.389,0.666,-0.166,0.703,-0.662
2026-08-19 14:31:47.571,knife,0.601,0.857,0.656,0.958,20.1,10.1,30.2,0.749,-0.417,0.626,-0.198,0.657,-0.697
2026-08-19 14:31:47.623,knife,0.601,0.857,0.656,0.958,20.1,10.1,30.2,0.749,-0.417,0.626,-0.198,0.657,-0.697
2026-08-19 14:31:47.826,chair,0.516,1.044,1.083,1.406,3.9,36.2,32.3,0.805,-0.665,1.036,-0.318,1.054,-0.93
2026-08-19 14:31:47.878,chair,0.516,1.0,1.083,1.406,8.4,40.6,32.3,0.77,-0.637,1.036,-0.318,1.054,-0.93
2026-08-19 14:31:47.928,chair,0.516,1.0,1.083,1.406,8.4,40.6,32.3,0.77,-0.637,1.036,-0.318,1.054,-0.93
2026-08-19 14:31:48.235,backpack,0.602,0.914,0.979,0.962,6.5,4.8,1.7,0.731,0.549,0.659,0.725,0.814,0.514
2026-08-19 14:31:48.287,backpack,0.602,0.909,0.979,0.962,7.0,5.4,1.7,0.727,0.546,0.659,0.725,0.814,0.514
2026-08-19 14:31:48.338,backpack,0.602,0.909,0.979,0.962,7.0,5.4,1.7,0.727,0.546,0.659,0.725,0.814,0.514
2026-08-19 14:31:48.390,backpack,0.583,0.907,0.951,0.931,4.4,2.4,1.9,0.734,0.532,0.638,0.705,0.791,0.492
2026-08-19 14:31:48.442,backpack,0.583,0.894,0.951,0.931,5.7,3.8,1.9,0.724,0.524,0.638,0.705,0.791,0.492
2026-08-19 14:31:48.647,tv,0.505,0.297,6.889,6.489,659.2,619.2,40.0,0.19,-0.228,6.866,0.561,6.443,-0.77
2026-08-19 14:31:48.697,tv,0.505,0.293,6.889,6.489,659.5,619.5,40.0,0.188,-0.226,6.866,0.561,6.443,-0.77
2026-08-19 14:31:49.083,tv,0.674,0.359,6.492,6.184,613.3,582.5,30.8,0.207,-0.294,6.48,0.391,6.116,-0.917
2026-08-19 14:31:49.147,tv,0.674,0.353,6.492,6.184,613.9,583.1,30.8,0.203,-0.289,6.48,0.391,6.116,-0.917
2026-08-19 14:31:49.199,tv,0.674,0.353,6.492,6.184,613.9,583.1,30.8,0.203,-0.289,6.48,0.391,6.116,-0.917
2026-08-19 14:31:50.101,tv,0.524,0.276,6.06,5.679,578.4,540.3,38.1,0.215,0.174,5.925,1.27,5.674,0.238
2026-08-19 14:31:50.153,tv,0.524,0.265,6.06,5.679,579.5,541.4,38.1,0.206,0.167,5.925,1.27,5.674,0.238
2026-08-19 14:31:50.204,tv,0.524,0.265,6.06,5.679,579.5,541.4,38.1,0.206,0.167,5.925,1.27,5.674,0.238
2026-08-19 14:31:50.256,tv,0.66,0.291,6.061,5.674,577.0,538.3,38.8,0.208,0.203,5.911,1.341,5.664,0.325
2026-08-19 14:31:50.306,tv,0.66,0.29,6.061,5.674,577.1,538.3,38.8,0.208,0.203,5.911,1.341,5.664,0.325
2026-08-19 14:31:50.357,tv,0.66,0.29,6.061,5.674,577.1,538.3,38.8,0.208,0.203,5.911,1.341,5.664,0.325
2026-08-19 14:31:50.409,tv,0.758,0.29,6.061,5.674,577.1,538.3,38.8,0.208,0.203,5.911,1.341,5.664,0.325
2026-08-19 14:31:50.460,tv,0.758,0.292,6.061,5.674,576.9,538.1,38.8,0.209,0.204,5.911,1.341,5.664,0.325
2026-08-19 14:31:50.510,tv,0.758,0.292,6.061,5.674,576.9,538.1,38.8,0.209,0.204,5.911,1.341,5.664,0.325
2026-08-19 14:31:50.562,tv,0.75,0.296,5.976,5.602,568.0,530.6,37.4,0.214,0.204,5.827,1.324,5.593,0.319
2026-08-19 14:31:50.613,tv,0.75,0.296,5.976,5.602,568.0,530.6,37.4,0.214,0.204,5.827,1.324,5.593,0.319
2026-08-19 14:31:50.664,tv,0.75,0.296,5.976,5.602,568.0,530.6,37.4,0.214,0.204,5.827,1.324,5.593,0.319
2026-08-19 14:31:50.716,tv,0.747,0.296,5.976,5.602,568.0,530.6,37.4,0.214,0.204,5.827,1.324,5.593,0.319
2026-08-19 14:31:50.767,tv,0.747,0.296,5.976,5.602,568.0,530.6,37.4,0.214,0.204,5.827,1.324,5.593,0.319
2026-08-19 14:31:50.818,tv,0.747,0.296,5.976,5.602,568.0,530.6,37.4,0.214,0.204,5.827,1.324,5.593,0.319
2026-08-19 14:31:50.870,tv,0.757,0.293,5.976,5.603,568.3,531.0,37.3,0.214,0.199,5.829,1.314,5.595,0.307
2026-08-19 14:31:50.920,tv,0.757,0.288,5.976,5.603,568.7,531.5,37.3,0.211,0.197,5.829,1.314,5.595,0.307
2026-08-19 14:31:50.972,tv,0.714,0.286,5.811,5.467,552.5,518.1,34.4,0.22,0.182,5.674,1.253,5.461,0.26
2026-08-19 14:31:51.023,tv,0.714,0.284,5.811,5.467,552.6,518.3,34.4,0.219,0.181,5.674,1.253,5.461,0.26
2026-08-19 14:31:51.079,tv,0.714,0.284,5.811,5.467,552.6,518.3,34.4,0.219,0.181,5.674,1.253,5.461,0.26
2026-08-19 14:31:51.132,tv,0.66,0.277,5.81,5.469,553.3,519.2,34.1,0.218,0.17,5.679,1.228,5.464,0.23
2026-08-19 14:31:51.182,tv,0.66,0.27,5.81,5.469,554.0,519.9,34.1,0.213,0.166,5.679,1.228,5.464,0.23
2026-08-19 14:31:51.234,tv,0.66,0.27,5.81,5.469,554.0,519.9,34.1,0.213,0.166,5.679,1.228,5.464,0.23
2026-08-19 14:31:51.285,tv,0.821,0.268,5.653,5.339,538.6,507.2,31.4,0.223,0.148,5.532,1.166,5.336,0.18
2026-08-19 14:31:51.336,tv,0.821,0.263,5.653,5.339,539.1,507.7,31.4,0.219,0.145,5.532,1.166,5.336,0.18
2026-08-19 14:31:51.387,tv,0.821,0.263,5.653,5.339,539.1,507.7,31.4,0.219,0.145,5.532,1.166,5.336,0.18
2026-08-19 14:31:51.439,tv,0.804,0.27,5.432,5.153,516.2,488.3,27.9,0.234,0.136,5.318,1.107,5.151,0.146
2026-08-19 14:31:51.489,tv,0.804,0.263,5.432,5.153,516.9,489.0,27.9,0.227,0.133,5.318,1.107,5.151,0.146
2026-08-19 14:31:51.540,tv,0.804,0.263,5.432,5.153,516.9,489.0,27.9,0.227,0.133,5.318,1.107,5.151,0.146
2026-08-19 14:31:51.591,tv,0.819,0.27,5.294,5.035,502.4,476.5,25.9,0.237,0.129,5.184,1.073,5.033,0.129
2026-08-19 14:31:51.655,tv,0.819,0.257,5.294,5.035,503.7,477.8,25.9,0.226,0.123,5.184,1.073,5.033,0.129
2026-08-19 14:31:51.711,tv,0.819,0.257,5.294,5.035,503.7,477.8,25.9,0.226,0.123,5.184,1.073,5.033,0.129
2026-08-19 14:31:51.930,tv,0.666,0.257,4.973,4.765,471.6,450.7,20.8,0.241,0.09,4.881,0.953,4.765,0.034
2026-08-19 14:31:51.982,tv,0.666,0.243,4.973,4.765,473.0,452.2,20.8,0.228,0.085,4.881,0.953,4.765,0.034
2026-08-19 14:31:52.032,tv,0.666,0.243,4.973,4.765,473.0,452.2,20.8,0.228,0.085,4.881,0.953,4.765,0.034
2026-08-19 14:31:52.083,tv,0.502,0.25,4.741,4.569,449.2,432.0,17.2,0.244,0.053,4.664,0.853,4.569,-0.05
2026-08-19 14:31:52.134,tv,0.502,0.243,4.741,4.569,449.9,432.7,17.2,0.237,0.051,4.664,0.853,4.569,-0.05
2026-08-19 14:31:52.185,tv,0.753,0.255,4.529,4.388,427.3,413.3,14.1,0.254,0.027,4.462,0.773,4.386,-0.114
2026-08-19 14:31:52.237,tv,0.753,0.246,4.529,4.388,428.2,414.1,14.1,0.245,0.027,4.462,0.773,4.386,-0.114
2026-08-19 14:31:52.289,tv,0.753,0.246,4.529,4.388,428.2,414.1,14.1,0.245,0.027,4.462,0.773,4.386,-0.114
2026-08-19 14:31:52.340,tv,0.785,0.263,4.332,4.214,406.9,395.1,11.8,0.262,0.023,4.269,0.737,4.212,-0.126
2026-08-19 14:31:52.392,tv,0.785,0.251,4.332,4.214,408.1,396.3,11.8,0.25,0.022,4.269,0.737,4.212,-0.126
2026-08-19 14:31:52.451,tv,0.785,0.251,4.332,4.214,408.1,396.3,11.8,0.25,0.022,4.269,0.737,4.212,-0.126
2026-08-19 14:31:53.318,tv,0.732,0.448,3.02,2.975,257.2,252.7,4.5,0.296,0.336,2.788,1.159,2.9,0.663
2026-08-19 14:31:53.318,chair,0.534,1.675,2.987,2.995,131.2,132.0,0.8,0.694,1.525,2.417,1.755,2.61,1.469
2026-08-19 14:31:53.389,tv,0.732,0.416,3.02,2.975,260.4,255.9,4.5,0.275,0.312,2.788,1.159,2.9,0.663
2026-08-19 14:31:53.390,chair,0.534,1.628,2.987,2.995,135.9,136.7,0.8,0.674,1.482,2.417,1.755,2.61,1.469
2026-08-19 14:31:53.443,tv,0.732,0.416,3.02,2.975,260.4,255.9,4.5,0.275,0.312,2.788,1.159,2.9,0.663
2026-08-19 14:31:53.444,chair,0.534,1.628,2.987,2.995,135.9,136.7,0.8,0.674,1.482,2.417,1.755,2.61,1.469
2026-08-19 14:31:53.515,chair,0.634,1.587,2.884,2.891,129.7,130.4,0.7,0.692,1.428,2.351,1.67,2.541,1.377
2026-08-19 14:31:53.568,chair,0.634,1.662,2.884,2.891,122.2,122.9,0.7,0.725,1.496,2.351,1.67,2.541,1.377
2026-08-19 14:31:55.322,chair,0.703,,22.727,17.137,,,559.0,,,22.658,1.768,17.062,-1.601
2026-08-19 14:31:55.374,chair,0.703,,22.727,17.137,,,559.0,,,22.658,1.768,17.062,-1.601
2026-08-19 14:31:55.425,chair,0.703,,22.727,17.137,,,559.0,,,22.658,1.768,17.062,-1.601
2026-08-19 14:31:55.477,chair,0.726,,21.696,16.571,,,512.6,,,21.63,1.691,16.498,-1.555
2026-08-19 14:31:55.528,chair,0.726,,21.696,16.571,,,512.6,,,21.63,1.691,16.498,-1.555
2026-08-19 14:31:55.579,chair,0.726,,21.696,16.571,,,512.6,,,21.63,1.691,16.498,-1.555
2026-08-19 14:31:55.631,chair,0.745,,22.727,17.137,,,559.0,,,22.658,1.768,17.062,-1.601
2026-08-19 14:31:55.682,chair,0.745,,22.727,17.137,,,559.0,,,22.658,1.768,17.062,-1.601
2026-08-19 14:31:55.733,chair,0.745,,22.727,17.137,,,559.0,,,22.658,1.768,17.062,-1.601
2026-08-19 14:31:55.784,chair,0.692,,22.727,17.137,,,559.0,,,22.658,1.768,17.062,-1.601
2026-08-19 14:31:55.835,chair,0.692,,22.727,17.137,,,559.0,,,22.658,1.768,17.062,-1.601
2026-08-19 14:31:55.885,chair,0.692,,22.727,17.137,,,559.0,,,22.658,1.768,17.062,-1.601
2026-08-19 14:31:55.937,chair,0.618,,22.727,17.137,,,559.0,,,22.658,1.768,17.062,-1.601
2026-08-19 14:31:55.988,chair,0.618,,22.727,17.137,,,559.0,,,22.658,1.768,17.062,-1.601
2026-08-19 14:31:56.039,chair,0.618,,22.727,17.137,,,559.0,,,22.658,1.768,17.062,-1.601
2026-08-19 14:31:56.976,chair,0.547,,22.018,17.067,,,495.1,,,22.009,0.628,16.855,-2.678
2026-08-19 14:31:57.027,chair,0.547,,22.018,17.067,,,495.1,,,22.009,0.628,16.855,-2.678
2026-08-19 14:31:57.078,chair,0.547,,22.018,17.067,,,495.1,,,22.009,0.628,16.855,-2.678
2026-08-19 14:31:57.854,chair,0.846,1.01,2.384,2.384,137.5,137.4,0.1,0.603,0.81,2.044,1.227,2.212,0.889
2026-08-19 14:31:57.907,chair,0.846,0.981,2.384,2.384,140.3,140.3,0.1,0.586,0.787,2.044,1.227,2.212,0.889
2026-08-19 14:31:57.958,chair,0.846,0.981,2.384,2.384,140.3,140.3,0.1,0.586,0.787,2.044,1.227,2.212,0.889
2026-08-19 14:31:59.126,chair,0.556,,18.212,15.123,,,309.0,,,18.206,-0.496,14.719,-3.47
2026-08-19 14:31:59.177,chair,0.556,,18.212,15.123,,,309.0,,,18.206,-0.496,14.719,-3.47
2026-08-19 14:31:59.228,chair,0.556,,18.212,15.123,,,309.0,,,18.206,-0.496,14.719,-3.47
2026-08-19 14:32:04.496,person,0.647,,0.839,0.805,,,3.4,,,0.464,0.699,0.617,0.518
2026-08-19 14:32:04.548,person,0.647,,0.839,0.805,,,3.4,,,0.464,0.699,0.617,0.518
2026-08-19 14:32:04.598,person,0.647,,0.839,0.805,,,3.4,,,0.464,0.699,0.617,0.518
2026-08-19 14:32:04.650,person,0.872,,0.826,0.79,,,3.5,,,0.467,0.681,0.617,0.494
2026-08-19 14:32:04.701,person,0.872,,0.826,0.79,,,3.5,,,0.467,0.681,0.617,0.494
2026-08-19 14:32:04.753,person,0.789,,0.794,0.756,,,3.8,,,0.473,0.638,0.618,0.437
2026-08-19 14:32:04.804,person,0.789,,0.794,0.756,,,3.8,,,0.473,0.638,0.618,0.437
2026-08-19 14:32:04.855,person,0.789,,0.794,0.756,,,3.8,,,0.473,0.638,0.618,0.437
2026-08-19 14:32:04.907,person,0.935,0.734,0.925,0.904,19.1,17.0,2.1,0.606,0.415,0.633,0.675,0.782,0.455
2026-08-19 14:32:04.958,person,0.935,0.946,0.925,0.904,2.1,4.2,2.1,0.781,0.534,0.633,0.675,0.782,0.455
2026-08-19 14:32:05.010,person,0.935,0.946,0.925,0.904,2.1,4.2,2.1,0.781,0.534,0.633,0.675,0.782,0.455
2026-08-19 14:32:05.061,person,0.573,0.753,1.265,1.266,51.2,51.3,0.1,0.579,0.482,0.971,0.81,1.133,0.565
2026-08-19 14:32:05.112,person,0.573,0.925,1.265,1.266,33.9,34.1,0.1,0.711,0.592,0.971,0.81,1.133,0.565
2026-08-19 14:32:05.163,person,0.573,0.925,1.265,1.266,33.9,34.1,0.1,0.711,0.592,0.971,0.81,1.133,0.565
2026-08-19 14:32:05.215,person,0.957,0.995,0.86,0.834,13.5,16.1,2.6,0.847,0.523,0.591,0.625,0.733,0.398
2026-08-19 14:32:05.266,person,0.957,0.995,0.86,0.834,13.5,16.1,2.6,0.847,0.523,0.591,0.625,0.733,0.398
2026-08-19 14:32:05.318,person,0.957,0.995,0.86,0.834,13.5,16.1,2.6,0.847,0.523,0.591,0.625,0.733,0.398
2026-08-19 14:32:05.370,person,0.956,1.022,0.987,0.972,3.5,5.0,1.5,0.842,0.579,0.71,0.686,0.86,0.455
2026-08-19 14:32:05.421,person,0.956,1.022,0.987,0.972,3.5,5.0,1.5,0.842,0.579,0.71,0.686,0.86,0.455
2026-08-19 14:32:05.473,person,0.956,1.022,0.987,0.972,3.5,5.0,1.5,0.842,0.579,0.71,0.686,0.86,0.455
2026-08-19 14:32:05.524,person,0.951,0.94,1.235,1.235,29.5,29.5,0.0,0.73,0.591,0.948,0.791,1.108,0.544
2026-08-19 14:32:05.585,person,0.951,0.925,1.235,1.235,31.0,31.0,0.0,0.719,0.582,0.948,0.791,1.108,0.544
2026-08-19 14:32:05.638,person,0.937,0.888,1.244,1.244,35.6,35.7,0.0,0.707,0.537,0.984,0.761,1.14,0.5
2026-08-19 14:32:05.689,person,0.937,0.898,1.244,1.244,34.7,34.7,0.0,0.715,0.543,0.984,0.761,1.14,0.5
2026-08-19 14:32:05.740,person,0.937,0.898,1.244,1.244,34.7,34.7,0.0,0.715,0.543,0.984,0.761,1.14,0.5
2026-08-19 14:32:05.791,person,0.922,0.88,1.24,1.24,36.0,36.0,0.0,0.71,0.52,0.992,0.744,1.145,0.475
2026-08-19 14:32:05.842,person,0.922,0.883,1.24,1.24,35.7,35.8,0.0,0.712,0.521,0.992,0.744,1.145,0.475
2026-08-19 14:32:05.894,person,0.933,0.865,1.231,1.231,36.5,36.5,0.0,0.708,0.497,0.995,0.724,1.146,0.449
2026-08-19 14:32:05.946,person,0.933,0.865,1.231,1.231,36.5,36.5,0.0,0.708,0.497,0.995,0.724,1.146,0.449
2026-08-19 14:32:05.998,person,0.933,0.865,1.231,1.231,36.5,36.5,0.0,0.708,0.497,0.995,0.724,1.146,0.449
2026-08-19 14:32:06.049,person,0.918,0.866,1.259,1.26,39.2,39.3,0.1,0.698,0.513,1.013,0.747,1.167,0.475
2026-08-19 14:32:06.101,person,0.918,0.878,1.259,1.26,38.1,38.2,0.1,0.707,0.52,1.013,0.747,1.167,0.475
2026-08-19 14:32:06.153,person,0.895,0.858,1.281,1.283,42.3,42.5,0.2,0.694,0.503,1.042,0.746,1.194,0.468
2026-08-19 14:32:06.215,person,0.895,0.858,1.281,1.283,42.3,42.5,0.2,0.694,0.503,1.042,0.746,1.194,0.468
2026-08-19 14:32:06.266,person,0.895,0.858,1.281,1.283,42.3,42.5,0.2,0.694,0.503,1.042,0.746,1.194,0.468
2026-08-19 14:32:06.318,person,0.933,0.929,1.156,1.153,22.7,22.4,0.3,0.762,0.531,0.911,0.712,1.061,0.449
2026-08-19 14:32:06.318,chair,0.733,0.965,1.868,1.875,90.3,91.0,0.7,0.786,0.56,1.688,0.801,1.828,0.418
2026-08-19 14:32:06.370,person,0.933,0.85,1.156,1.153,30.6,30.2,0.3,0.698,0.486,0.911,0.712,1.061,0.449
2026-08-19 14:32:06.370,chair,0.733,0.965,1.868,1.875,90.3,91.0,0.7,0.786,0.56,1.688,0.801,1.828,0.418
2026-08-19 14:32:06.422,person,0.933,0.85,1.156,1.153,30.6,30.2,0.3,0.698,0.486,0.911,0.712,1.061,0.449
2026-08-19 14:32:06.422,chair,0.733,0.965,1.868,1.875,90.3,91.0,0.7,0.786,0.56,1.688,0.801,1.828,0.418
2026-08-19 14:32:06.474,person,0.951,0.968,0.974,0.958,0.6,1.0,1.5,0.807,0.534,0.709,0.667,0.856,0.43
2026-08-19 14:32:06.474,chair,0.809,0.967,1.853,1.86,88.6,89.4,0.8,0.797,0.547,1.68,0.781,1.818,0.394
2026-08-19 14:32:06.525,person,0.951,0.933,0.974,0.958,4.0,2.5,1.5,0.779,0.515,0.709,0.667,0.856,0.43
2026-08-19 14:32:06.526,chair,0.809,0.954,1.853,1.86,89.9,90.7,0.8,0.786,0.539,1.68,0.781,1.818,0.394
2026-08-19 14:32:06.577,person,0.951,0.933,0.974,0.958,4.0,2.5,1.5,0.779,0.515,0.709,0.667,0.856,0.43
2026-08-19 14:32:06.577,chair,0.809,0.954,1.853,1.86,89.9,90.7,0.8,0.786,0.539,1.68,0.781,1.818,0.394
2026-08-19 14:32:06.630,person,0.958,0.935,0.967,0.951,3.2,1.6,1.6,0.781,0.514,0.702,0.665,0.849,0.428
2026-08-19 14:32:06.630,chair,0.789,0.949,1.853,1.861,90.4,91.1,0.8,0.783,0.537,1.68,0.783,1.818,0.396
2026-08-19 14:32:06.693,person,0.958,0.969,0.967,0.951,0.2,1.8,1.6,0.81,0.533,0.702,0.665,0.849,0.428
2026-08-19 14:32:06.694,chair,0.789,0.954,1.853,1.861,90.0,90.7,0.8,0.786,0.539,1.68,0.783,1.818,0.396
2026-08-19 14:32:06.746,person,0.958,0.969,0.967,0.951,0.2,1.8,1.6,0.81,0.533,0.702,0.665,0.849,0.428
2026-08-19 14:32:06.747,chair,0.789,0.954,1.853,1.861,90.0,90.7,0.8,0.786,0.539,1.68,0.783,1.818,0.396
2026-08-19 14:32:06.799,person,0.963,0.969,0.964,0.947,0.5,2.1,1.6,0.81,0.531,0.699,0.663,0.846,0.427
2026-08-19 14:32:06.799,chair,0.794,0.954,1.845,1.852,89.1,89.9,0.7,0.784,0.544,1.668,0.789,1.808,0.405
2026-08-19 14:32:06.851,person,0.963,0.962,0.964,0.947,0.2,1.4,1.6,0.804,0.527,0.699,0.663,0.846,0.427
2026-08-19 14:32:06.851,chair,0.794,0.933,1.845,1.852,91.2,91.9,0.7,0.767,0.532,1.668,0.789,1.808,0.405
2026-08-19 14:32:06.903,person,0.958,0.962,0.966,0.95,0.4,1.2,1.6,0.804,0.529,0.703,0.663,0.849,0.425
2026-08-19 14:32:06.903,chair,0.515,0.939,1.858,1.865,91.9,92.6,0.7,0.766,0.543,1.677,0.799,1.817,0.417
2026-08-19 14:32:06.955,person,0.958,0.962,0.966,0.95,0.4,1.2,1.6,0.804,0.529,0.703,0.663,0.849,0.425
2026-08-19 14:32:06.955,chair,0.515,0.896,1.858,1.865,96.2,96.9,0.7,0.731,0.518,1.677,0.799,1.817,0.417
2026-08-19 14:32:07.007,person,0.958,0.962,0.966,0.95,0.4,1.2,1.6,0.804,0.529,0.703,0.663,0.849,0.425
2026-08-19 14:32:07.007,chair,0.515,0.896,1.858,1.865,96.2,96.9,0.7,0.731,0.518,1.677,0.799,1.817,0.417
2026-08-19 14:32:07.059,person,0.961,0.963,0.964,0.948,0.1,1.5,1.6,0.804,0.53,0.699,0.664,0.846,0.428
2026-08-19 14:32:07.059,chair,0.752,0.904,1.854,1.862,95.1,95.8,0.7,0.743,0.514,1.679,0.787,1.818,0.401
2026-08-19 14:32:07.111,person,0.961,0.959,0.964,0.948,0.6,1.1,1.6,0.8,0.527,0.699,0.664,0.846,0.428
2026-08-19 14:32:07.111,chair,0.752,0.944,1.854,1.862,91.1,91.8,0.7,0.776,0.537,1.679,0.787,1.818,0.401
2026-08-19 14:32:07.164,person,0.963,0.96,0.962,0.946,0.3,1.4,1.6,0.803,0.526,0.699,0.661,0.846,0.424
2026-08-19 14:32:07.165,chair,0.85,0.877,1.853,1.86,97.6,98.2,0.6,0.706,0.521,1.664,0.817,1.806,0.443
2026-08-19 14:32:07.216,person,0.963,0.924,0.962,0.946,3.9,2.2,1.6,0.773,0.506,0.699,0.661,0.846,0.424
2026-08-19 14:32:07.216,chair,0.85,0.979,1.853,1.86,87.5,88.1,0.6,0.787,0.581,1.664,0.817,1.806,0.443
2026-08-19 14:32:07.267,person,0.963,0.924,0.962,0.946,3.9,2.2,1.6,0.773,0.506,0.699,0.661,0.846,0.424
2026-08-19 14:32:07.267,chair,0.85,0.979,1.853,1.86,87.5,88.1,0.6,0.787,0.581,1.664,0.817,1.806,0.443
2026-08-19 14:32:07.319,person,0.867,1.006,0.867,0.839,13.9,16.6,2.7,0.839,0.555,0.569,0.654,0.715,0.439
2026-08-19 14:32:07.320,chair,0.804,0.999,1.877,1.882,87.8,88.3,0.5,0.776,0.629,1.667,0.863,1.815,0.501
2026-08-19 14:32:07.371,person,0.867,0.764,0.867,0.839,10.3,7.6,2.7,0.637,0.421,0.569,0.654,0.715,0.439
2026-08-19 14:32:07.372,chair,0.804,1.026,1.877,1.882,85.1,85.6,0.5,0.797,0.646,1.667,0.863,1.815,0.501
2026-08-19 14:32:07.423,person,0.867,0.764,0.867,0.839,10.3,7.6,2.7,0.637,0.421,0.569,0.654,0.715,0.439
2026-08-19 14:32:07.423,chair,0.804,1.026,1.877,1.882,85.1,85.6,0.5,0.797,0.646,1.667,0.863,1.815,0.501
2026-08-19 14:32:07.475,chair,0.867,1.041,1.871,1.877,83.1,83.6,0.5,0.781,0.688,1.639,0.903,1.792,0.557
2026-08-19 14:32:07.475,person,0.731,,0.804,0.767,,,3.7,,,0.471,0.651,0.617,0.455
2026-08-19 14:32:07.527,chair,0.867,1.064,1.871,1.877,80.7,81.3,0.5,0.799,0.703,1.639,0.903,1.792,0.557
2026-08-19 14:32:07.528,person,0.731,,0.804,0.767,,,3.7,,,0.471,0.651,0.617,0.455
2026-08-19 14:32:07.579,chair,0.803,1.079,1.71,1.717,63.1,63.8,0.7,0.814,0.708,1.466,0.88,1.623,0.56
2026-08-19 14:32:07.631,chair,0.803,1.125,1.71,1.717,58.5,59.2,0.7,0.849,0.738,1.466,0.88,1.623,0.56
2026-08-19 14:32:07.683,chair,0.803,1.125,1.71,1.717,58.5,59.2,0.7,0.849,0.738,1.466,0.88,1.623,0.56
2026-08-19 14:32:07.734,chair,0.739,1.122,1.719,1.726,59.7,60.4,0.7,0.845,0.738,1.474,0.884,1.632,0.563
2026-08-19 14:32:07.735,person,0.652,,0.828,0.793,,,3.5,,,0.466,0.684,0.617,0.499
2026-08-19 14:32:07.786,chair,0.739,1.122,1.719,1.726,59.7,60.4,0.7,0.845,0.738,1.474,0.884,1.632,0.563
2026-08-19 14:32:07.786,person,0.652,,0.828,0.793,,,3.5,,,0.466,0.684,0.617,0.499
2026-08-19 14:32:07.838,person,0.704,,0.829,0.794,,,3.5,,,0.466,0.685,0.617,0.5
2026-08-19 14:32:07.839,chair,0.647,1.123,1.711,1.718,58.8,59.5,0.7,0.846,0.739,1.465,0.883,1.623,0.565
2026-08-19 14:32:07.890,person,0.704,,0.829,0.794,,,3.5,,,0.466,0.685,0.617,0.5
2026-08-19 14:32:07.890,chair,0.647,1.116,1.711,1.718,59.5,60.2,0.7,0.84,0.735,1.465,0.883,1.623,0.565
2026-08-19 14:32:07.942,person,0.704,,0.829,0.794,,,3.5,,,0.466,0.685,0.617,0.5
2026-08-19 14:32:07.943,chair,0.647,1.116,1.711,1.718,59.5,60.2,0.7,0.84,0.735,1.465,0.883,1.623,0.565
2026-08-19 14:32:07.994,chair,0.611,1.126,1.737,1.745,61.2,61.9,0.7,0.844,0.745,1.492,0.891,1.649,0.569
2026-08-19 14:32:08.046,chair,0.611,1.111,1.737,1.745,62.6,63.3,0.7,0.833,0.735,1.492,0.891,1.649,0.569
2026-08-19 14:32:08.097,chair,0.611,1.111,1.737,1.745,62.6,63.3,0.7,0.833,0.735,1.492,0.891,1.649,0.569
2026-08-19 14:32:08.151,chair,0.5,1.113,1.747,1.754,63.4,64.1,0.7,0.833,0.738,1.5,0.894,1.658,0.572
2026-08-19 14:32:08.203,chair,0.5,1.108,1.747,1.754,63.9,64.6,0.7,0.829,0.735,1.5,0.894,1.658,0.572
2026-08-19 14:32:08.254,chair,0.5,1.108,1.747,1.754,63.9,64.6,0.7,0.829,0.735,1.5,0.894,1.658,0.572
2026-08-19 14:32:08.308,chair,0.729,1.108,1.747,1.754,63.9,64.6,0.7,0.829,0.735,1.5,0.894,1.658,0.572
2026-08-19 14:32:08.359,chair,0.729,1.123,1.747,1.754,62.4,63.1,0.7,0.84,0.745,1.5,0.894,1.658,0.572
2026-08-19 14:32:08.411,chair,0.729,1.123,1.747,1.754,62.4,63.1,0.7,0.84,0.745,1.5,0.894,1.658,0.572
2026-08-19 14:32:08.463,chair,0.713,1.123,1.747,1.754,62.4,63.1,0.7,0.84,0.745,1.5,0.894,1.658,0.572
2026-08-19 14:32:08.514,chair,0.713,1.099,1.747,1.754,64.8,65.5,0.7,0.822,0.729,1.5,0.894,1.658,0.572
2026-08-19 14:32:08.565,chair,0.713,1.099,1.747,1.754,64.8,65.5,0.7,0.822,0.729,1.5,0.894,1.658,0.572
2026-08-19 14:32:08.617,chair,0.609,1.097,1.737,1.745,64.0,64.8,0.7,0.823,0.726,1.492,0.891,1.649,0.569
2026-08-19 14:32:08.669,chair,0.609,1.126,1.737,1.745,61.2,61.9,0.7,0.844,0.745,1.492,0.891,1.649,0.569
2026-08-19 14:32:08.720,chair,0.666,1.128,1.747,1.754,61.9,62.6,0.7,0.844,0.748,1.5,0.894,1.658,0.572
2026-08-19 14:32:08.773,chair,0.666,1.089,1.747,1.754,65.8,66.5,0.7,0.815,0.722,1.5,0.894,1.658,0.572
2026-08-19 14:32:08.823,chair,0.666,1.089,1.747,1.754,65.8,66.5,0.7,0.815,0.722,1.5,0.894,1.658,0.572
2026-08-19 14:32:08.995,chair,0.765,1.123,1.747,1.754,62.4,63.1,0.7,0.84,0.745,1.5,0.894,1.658,0.572
2026-08-19 14:32:09.060,chair,0.765,1.113,1.747,1.754,63.4,64.1,0.7,0.833,0.738,1.5,0.894,1.658,0.572
2026-08-19 14:32:09.113,chair,0.765,1.113,1.747,1.754,63.4,64.1,0.7,0.833,0.738,1.5,0.894,1.658,0.572
2026-08-19 14:32:09.165,chair,0.596,1.111,1.737,1.745,62.6,63.3,0.7,0.833,0.735,1.492,0.891,1.649,0.569
2026-08-19 14:32:09.217,chair,0.596,1.111,1.737,1.745,62.6,63.3,0.7,0.833,0.735,1.492,0.891,1.649,0.569
2026-08-19 14:32:09.268,chair,0.596,1.111,1.737,1.745,62.6,63.3,0.7,0.833,0.735,1.492,0.891,1.649,0.569
2026-08-19 14:32:09.320,chair,0.667,1.11,1.746,1.753,63.6,64.4,0.7,0.833,0.734,1.501,0.893,1.658,0.57
2026-08-19 14:32:09.371,chair,0.667,1.13,1.746,1.753,61.7,62.4,0.7,0.847,0.747,1.501,0.893,1.658,0.57
2026-08-19 14:32:09.423,chair,0.667,1.13,1.746,1.753,61.7,62.4,0.7,0.847,0.747,1.501,0.893,1.658,0.57
2026-08-19 14:32:09.475,chair,0.506,1.131,1.766,1.773,63.5,64.2,0.7,0.843,0.755,1.518,0.902,1.676,0.578
2026-08-19 14:32:09.526,chair,0.506,1.106,1.766,1.773,65.9,66.6,0.7,0.824,0.738,1.518,0.902,1.676,0.578
2026-08-19 14:32:09.577,chair,0.506,1.106,1.766,1.773,65.9,66.6,0.7,0.824,0.738,1.518,0.902,1.676,0.578
2026-08-19 14:32:10.111,chair,0.633,1.111,1.766,1.773,65.5,66.1,0.7,0.828,0.741,1.518,0.902,1.676,0.578
2026-08-19 14:32:10.163,chair,0.633,1.126,1.766,1.773,64.0,64.7,0.7,0.839,0.751,1.518,0.902,1.676,0.578
2026-08-19 14:32:10.215,chair,0.633,1.126,1.766,1.773,64.0,64.7,0.7,0.839,0.751,1.518,0.902,1.676,0.578
2026-08-19 14:32:10.267,chair,0.658,1.114,1.728,1.735,61.4,62.1,0.7,0.837,0.735,1.483,0.887,1.64,0.566
2026-08-19 14:32:10.319,chair,0.658,1.086,1.728,1.735,64.2,64.9,0.7,0.816,0.716,1.483,0.887,1.64,0.566
2026-08-19 14:32:10.371,chair,0.658,1.086,1.728,1.735,64.2,64.9,0.7,0.816,0.716,1.483,0.887,1.64,0.566
2026-08-19 14:32:10.527,tv,0.609,0.686,5.104,4.86,441.8,417.5,24.4,0.206,0.654,4.566,2.281,4.561,1.679
2026-08-19 14:32:10.579,tv,0.609,0.698,5.104,4.86,440.6,416.2,24.4,0.209,0.666,4.566,2.281,4.561,1.679
2026-08-19 14:32:10.630,tv,0.609,0.698,5.104,4.86,440.6,416.2,24.4,0.209,0.666,4.566,2.281,4.561,1.679
2026-08-19 14:32:11.092,chair,0.513,1.111,1.815,1.822,70.4,71.1,0.7,0.818,0.751,1.564,0.921,1.722,0.594
2026-08-19 14:32:11.143,chair,0.513,1.111,1.815,1.822,70.4,71.1,0.7,0.818,0.751,1.564,0.921,1.722,0.594
2026-08-19 14:32:11.195,chair,0.615,1.111,1.815,1.822,70.4,71.1,0.7,0.818,0.751,1.564,0.921,1.722,0.594
2026-08-19 14:32:11.247,chair,0.615,1.115,1.815,1.822,70.0,70.6,0.7,0.821,0.755,1.564,0.921,1.722,0.594
2026-08-19 14:32:11.297,chair,0.615,1.115,1.815,1.822,70.0,70.6,0.7,0.821,0.755,1.564,0.921,1.722,0.594
2026-08-19 14:32:11.609,chair,0.664,1.116,1.846,1.852,72.9,73.6,0.6,0.816,0.762,1.592,0.933,1.751,0.604
2026-08-19 14:32:11.661,chair,0.664,1.131,1.846,1.852,71.4,72.1,0.6,0.827,0.772,1.592,0.933,1.751,0.604
2026-08-19 14:32:11.713,chair,0.664,1.131,1.846,1.852,71.4,72.1,0.6,0.827,0.772,1.592,0.933,1.751,0.604
2026-08-19 14:32:12.278,chair,0.842,0.973,1.776,1.786,80.3,81.2,1.0,0.82,0.524,1.612,0.744,1.749,0.359
2026-08-19 14:32:12.329,chair,0.842,0.965,1.776,1.786,81.1,82.1,1.0,0.813,0.519,1.612,0.744,1.749,0.359
2026-08-19 14:32:12.380,chair,0.842,0.965,1.776,1.786,81.1,82.1,1.0,0.813,0.519,1.612,0.744,1.749,0.359
2026-08-19 14:32:12.433,couch,0.529,,13.187,11.282,,,190.5,,,13.146,1.037,11.223,-1.148
2026-08-19 14:32:12.484,couch,0.529,,13.187,11.282,,,190.5,,,13.146,1.037,11.223,-1.148
2026-08-19 14:32:12.535,couch,0.529,,13.187,11.282,,,190.5,,,13.146,1.037,11.223,-1.148
2026-08-19 14:32:12.587,chair,0.568,0.972,1.824,1.833,85.2,86.2,0.9,0.821,0.52,1.664,0.746,1.799,0.352
2026-08-19 14:32:12.639,chair,0.568,0.958,1.824,1.833,86.6,87.5,0.9,0.809,0.513,1.664,0.746,1.799,0.352
2026-08-19 14:32:12.691,chair,0.568,0.958,1.824,1.833,86.6,87.5,0.9,0.809,0.513,1.664,0.746,1.799,0.352
2026-08-19 14:32:12.744,tv,0.528,0.505,5.111,4.843,460.6,433.8,26.7,0.21,0.459,4.777,1.818,4.718,1.094
2026-08-19 14:32:12.745,chair,0.518,,10.933,10.676,,,25.6,,,10.706,-2.213,9.574,-4.725
2026-08-19 14:32:12.796,tv,0.528,0.48,5.111,4.843,463.1,436.4,26.7,0.2,0.436,4.777,1.818,4.718,1.094
2026-08-19 14:32:12.796,chair,0.518,,10.933,10.676,,,25.6,,,10.706,-2.213,9.574,-4.725
2026-08-19 14:32:12.847,tv,0.528,0.48,5.111,4.843,463.1,436.4,26.7,0.2,0.436,4.777,1.818,4.718,1.094
2026-08-19 14:32:12.848,chair,0.518,,10.933,10.676,,,25.6,,,10.706,-2.213,9.574,-4.725
2026-08-19 14:32:12.901,chair,0.641,0.975,1.845,1.854,87.0,87.9,0.9,0.823,0.523,1.685,0.751,1.82,0.354
2026-08-19 14:32:12.953,chair,0.641,0.97,1.845,1.854,87.4,88.3,0.9,0.819,0.52,1.685,0.751,1.82,0.354
2026-08-19 14:32:13.005,chair,0.641,0.97,1.845,1.854,87.4,88.3,0.9,0.819,0.52,1.685,0.751,1.82,0.354
2026-08-19 14:32:13.056,chair,0.816,0.967,1.823,1.832,85.6,86.6,1.0,0.821,0.511,1.665,0.743,1.799,0.347
2026-08-19 14:32:13.057,couch,0.555,,13.191,11.29,,,190.1,,,13.152,1.016,11.229,-1.173
2026-08-19 14:32:13.108,chair,0.816,0.976,1.823,1.832,84.7,85.7,1.0,0.828,0.515,1.665,0.743,1.799,0.347
2026-08-19 14:32:13.109,couch,0.555,,13.191,11.29,,,190.1,,,13.152,1.016,11.229,-1.173
2026-08-19 14:32:13.160,chair,0.816,0.976,1.823,1.832,84.7,85.7,1.0,0.828,0.515,1.665,0.743,1.799,0.347
2026-08-19 14:32:13.160,couch,0.555,,13.191,11.29,,,190.1,,,13.152,1.016,11.229,-1.173
2026-08-19 14:32:13.213,chair,0.593,0.977,1.844,1.853,86.7,87.6,0.9,0.827,0.52,1.685,0.749,1.82,0.352
2026-08-19 14:32:13.265,chair,0.593,0.95,1.844,1.853,89.4,90.3,0.9,0.804,0.506,1.685,0.749,1.82,0.352
2026-08-19 14:32:13.317,chair,0.593,0.95,1.844,1.853,89.4,90.3,0.9,0.804,0.506,1.685,0.749,1.82,0.352
2026-08-19 14:32:13.381,chair,0.664,0.949,1.856,1.864,90.6,91.5,0.9,0.8,0.511,1.695,0.754,1.83,0.357
2026-08-19 14:32:13.381,couch,0.514,,13.577,11.557,,,202.0,,,13.537,1.044,11.495,-1.195
2026-08-19 14:32:13.434,chair,0.664,0.962,1.856,1.864,89.3,90.2,0.9,0.811,0.518,1.695,0.754,1.83,0.357
2026-08-19 14:32:13.435,couch,0.514,,13.577,11.557,,,202.0,,,13.537,1.044,11.495,-1.195
2026-08-19 14:32:13.486,chair,0.664,0.962,1.856,1.864,89.3,90.2,0.9,0.811,0.518,1.695,0.754,1.83,0.357
2026-08-19 14:32:13.486,couch,0.514,,13.577,11.557,,,202.0,,,13.537,1.044,11.495,-1.195
2026-08-19 14:32:13.538,chair,0.674,0.964,1.844,1.853,88.1,89.0,0.9,0.816,0.513,1.685,0.749,1.82,0.352
2026-08-19 14:32:13.538,couch,0.503,,13.189,11.286,,,190.3,,,13.149,1.027,11.226,-1.161
2026-08-19 14:32:13.538,chair,0.502,,10.952,10.71,,,24.2,,,10.717,-2.256,9.584,-4.781
2026-08-19 14:32:13.589,chair,0.674,0.955,1.844,1.853,88.9,89.9,0.9,0.808,0.508,1.685,0.749,1.82,0.352
2026-08-19 14:32:13.590,couch,0.503,,13.189,11.286,,,190.3,,,13.149,1.027,11.226,-1.161
2026-08-19 14:32:13.590,chair,0.502,,10.952,10.71,,,24.2,,,10.717,-2.256,9.584,-4.781
2026-08-19 14:32:13.641,chair,0.674,0.955,1.844,1.853,88.9,89.9,0.9,0.808,0.508,1.685,0.749,1.82,0.352
2026-08-19 14:32:13.641,couch,0.503,,13.189,11.286,,,190.3,,,13.149,1.027,11.226,-1.161
2026-08-19 14:32:13.641,chair,0.502,,10.952,10.71,,,24.2,,,10.717,-2.256,9.584,-4.781
2026-08-19 14:32:13.693,chair,0.59,0.958,1.856,1.864,89.8,90.6,0.9,0.807,0.515,1.695,0.754,1.83,0.357
2026-08-19 14:32:13.745,chair,0.59,0.945,1.856,1.864,91.1,92.0,0.9,0.796,0.508,1.695,0.754,1.83,0.357
2026-08-19 14:32:13.796,chair,0.59,0.945,1.856,1.864,91.1,92.0,0.9,0.796,0.508,1.695,0.754,1.83,0.357
2026-08-19 14:32:13.848,chair,0.694,0.945,1.866,1.875,92.1,93.0,0.9,0.796,0.511,1.706,0.758,1.84,0.359
2026-08-19 14:32:13.848,chair,0.505,,10.704,10.495,,,21.0,,,10.476,-2.199,9.392,-4.683
2026-08-19 14:32:13.900,chair,0.694,0.972,1.866,1.875,89.4,90.3,0.9,0.818,0.525,1.706,0.758,1.84,0.359
2026-08-19 14:32:13.901,chair,0.505,,10.704,10.495,,,21.0,,,10.476,-2.199,9.392,-4.683
2026-08-19 14:32:13.954,chair,0.529,0.972,1.866,1.875,89.4,90.3,0.9,0.818,0.525,1.706,0.758,1.84,0.359
2026-08-19 14:32:14.006,chair,0.529,0.972,1.866,1.875,89.4,90.3,0.9,0.818,0.525,1.706,0.758,1.84,0.359
2026-08-19 14:32:14.057,chair,0.529,0.972,1.866,1.875,89.4,90.3,0.9,0.818,0.525,1.706,0.758,1.84,0.359
2026-08-19 14:32:14.108,chair,0.756,0.972,1.866,1.875,89.4,90.3,0.9,0.818,0.525,1.706,0.758,1.84,0.359
2026-08-19 14:32:14.159,chair,0.756,0.963,1.866,1.875,90.4,91.2,0.9,0.81,0.52,1.706,0.758,1.84,0.359
2026-08-19 14:32:14.211,chair,0.756,0.963,1.866,1.875,90.4,91.2,0.9,0.81,0.52,1.706,0.758,1.84,0.359
2026-08-19 14:32:14.263,chair,0.721,0.962,1.856,1.864,89.3,90.2,0.9,0.811,0.518,1.695,0.754,1.83,0.357
2026-08-19 14:32:14.315,chair,0.721,0.985,1.856,1.864,87.0,87.9,0.9,0.83,0.53,1.695,0.754,1.83,0.357
2026-08-19 14:32:14.367,chair,0.529,0.984,1.845,1.854,86.0,86.9,0.9,0.831,0.528,1.685,0.751,1.82,0.354
2026-08-19 14:32:14.419,chair,0.529,0.97,1.845,1.854,87.4,88.3,0.9,0.819,0.52,1.685,0.751,1.82,0.354
2026-08-19 14:32:14.469,chair,0.529,0.97,1.845,1.854,87.4,88.3,0.9,0.819,0.52,1.685,0.751,1.82,0.354
2026-08-19 14:32:14.522,chair,0.536,0.97,1.845,1.854,87.4,88.3,0.9,0.819,0.52,1.685,0.751,1.82,0.354
2026-08-19 14:32:14.574,chair,0.536,0.98,1.845,1.854,86.5,87.4,0.9,0.827,0.525,1.685,0.751,1.82,0.354
2026-08-19 14:32:14.628,chair,0.818,0.981,1.866,1.875,88.5,89.4,0.9,0.826,0.53,1.706,0.758,1.84,0.359
2026-08-19 14:32:14.680,chair,0.818,0.981,1.866,1.875,88.5,89.4,0.9,0.826,0.53,1.706,0.758,1.84,0.359
2026-08-19 14:32:14.835,chair,0.633,0.972,1.866,1.875,89.4,90.3,0.9,0.818,0.525,1.706,0.758,1.84,0.359
2026-08-19 14:32:14.889,chair,0.633,0.959,1.866,1.875,90.8,91.6,0.9,0.807,0.518,1.706,0.758,1.84,0.359
2026-08-19 14:32:14.940,chair,0.633,0.959,1.866,1.875,90.8,91.6,0.9,0.807,0.518,1.706,0.758,1.84,0.359
2026-08-19 14:32:14.991,chair,0.647,0.959,1.866,1.875,90.8,91.6,0.9,0.807,0.518,1.706,0.758,1.84,0.359
2026-08-19 14:32:15.043,chair,0.647,0.981,1.866,1.875,88.5,89.4,0.9,0.826,0.53,1.706,0.758,1.84,0.359
2026-08-19 14:32:15.096,chair,0.701,0.981,1.866,1.875,88.5,89.4,0.9,0.826,0.53,1.706,0.758,1.84,0.359
2026-08-19 14:32:15.148,chair,0.701,0.972,1.866,1.875,89.4,90.3,0.9,0.818,0.525,1.706,0.758,1.84,0.359
2026-08-19 14:32:15.199,chair,0.701,0.972,1.866,1.875,89.4,90.3,0.9,0.818,0.525,1.706,0.758,1.84,0.359
2026-08-19 14:32:15.252,couch,0.531,,13.189,11.286,,,190.3,,,13.149,1.027,11.226,-1.161
2026-08-19 14:32:15.303,couch,0.531,,13.189,11.286,,,190.3,,,13.149,1.027,11.226,-1.161
2026-08-19 14:32:15.355,couch,0.531,,13.189,11.286,,,190.3,,,13.149,1.027,11.226,-1.161
2026-08-19 14:32:15.407,chair,0.633,0.971,1.856,1.864,88.4,89.3,0.9,0.819,0.523,1.695,0.754,1.83,0.357
2026-08-19 14:32:15.460,chair,0.633,0.967,1.856,1.864,88.9,89.8,0.9,0.815,0.52,1.695,0.754,1.83,0.357
2026-08-19 14:32:15.511,chair,0.633,0.967,1.856,1.864,88.9,89.8,0.9,0.815,0.52,1.695,0.754,1.83,0.357
2026-08-19 14:32:15.564,chair,0.541,0.967,1.856,1.864,88.9,89.8,0.9,0.815,0.52,1.695,0.754,1.83,0.357
2026-08-19 14:32:15.564,couch,0.512,,13.189,11.286,,,190.3,,,13.149,1.027,11.226,-1.161
2026-08-19 14:32:15.617,chair,0.541,0.976,1.856,1.864,88.0,88.9,0.9,0.822,0.525,1.695,0.754,1.83,0.357
2026-08-19 14:32:15.617,couch,0.512,,13.189,11.286,,,190.3,,,13.149,1.027,11.226,-1.161
2026-08-19 14:32:15.669,chair,0.541,0.976,1.856,1.864,88.0,88.9,0.9,0.822,0.525,1.695,0.754,1.83,0.357
2026-08-19 14:32:15.669,couch,0.512,,13.189,11.286,,,190.3,,,13.149,1.027,11.226,-1.161
2026-08-19 14:32:15.722,chair,0.507,0.981,1.834,1.844,85.3,86.2,0.9,0.828,0.527,1.674,0.749,1.809,0.354
2026-08-19 14:32:15.776,chair,0.507,0.981,1.834,1.844,85.3,86.2,0.9,0.828,0.527,1.674,0.749,1.809,0.354
2026-08-19 14:32:15.827,chair,0.507,0.981,1.834,1.844,85.3,86.2,0.9,0.828,0.527,1.674,0.749,1.809,0.354
2026-08-19 14:32:15.880,chair,0.532,0.977,1.866,1.875,89.0,89.8,0.9,0.822,0.528,1.706,0.758,1.84,0.359
2026-08-19 14:32:15.931,chair,0.532,0.963,1.866,1.875,90.4,91.2,0.9,0.81,0.52,1.706,0.758,1.84,0.359
2026-08-19 14:32:15.983,chair,0.532,0.963,1.866,1.875,90.4,91.2,0.9,0.81,0.52,1.706,0.758,1.84,0.359
2026-08-19 14:32:16.036,chair,0.604,0.967,1.856,1.864,88.9,89.8,0.9,0.815,0.52,1.695,0.754,1.83,0.357
2026-08-19 14:32:16.088,chair,0.604,0.971,1.856,1.864,88.4,89.3,0.9,0.819,0.523,1.695,0.754,1.83,0.357
2026-08-19 14:32:16.140,chair,0.604,0.971,1.856,1.864,88.4,89.3,0.9,0.819,0.523,1.695,0.754,1.83,0.357
2026-08-19 14:32:16.347,chair,0.645,0.963,1.834,1.844,87.1,88.0,0.9,0.813,0.518,1.674,0.749,1.809,0.354
2026-08-19 14:32:16.399,chair,0.645,0.968,1.834,1.844,86.7,87.6,0.9,0.816,0.52,1.674,0.749,1.809,0.354
2026-08-19 14:32:16.452,chair,0.645,0.968,1.834,1.844,86.7,87.6,0.9,0.816,0.52,1.674,0.749,1.809,0.354
2026-08-19 14:32:16.505,chair,0.72,0.959,1.866,1.875,90.8,91.6,0.9,0.807,0.518,1.706,0.758,1.84,0.359
2026-08-19 14:32:16.505,couch,0.508,,13.189,11.286,,,190.3,,,13.149,1.027,11.226,-1.161
2026-08-19 14:32:16.556,chair,0.72,0.959,1.866,1.875,90.8,91.6,0.9,0.807,0.518,1.706,0.758,1.84,0.359
2026-08-19 14:32:16.557,couch,0.508,,13.189,11.286,,,190.3,,,13.149,1.027,11.226,-1.161
2026-08-19 14:32:16.608,chair,0.72,0.959,1.866,1.875,90.8,91.6,0.9,0.807,0.518,1.706,0.758,1.84,0.359
2026-08-19 14:32:16.609,couch,0.508,,13.189,11.286,,,190.3,,,13.149,1.027,11.226,-1.161
2026-08-19 14:32:16.661,chair,0.728,0.955,1.855,1.864,90.0,90.9,0.9,0.807,0.511,1.696,0.752,1.83,0.354
2026-08-19 14:32:16.713,chair,0.728,0.96,1.855,1.864,89.5,90.4,0.9,0.811,0.513,1.696,0.752,1.83,0.354
2026-08-19 14:32:16.764,chair,0.728,0.96,1.855,1.864,89.5,90.4,0.9,0.811,0.513,1.696,0.752,1.83,0.354
2026-08-19 14:32:16.816,chair,0.591,0.959,1.866,1.875,90.8,91.6,0.9,0.807,0.518,1.706,0.758,1.84,0.359
2026-08-19 14:32:16.868,chair,0.591,0.968,1.866,1.875,89.9,90.7,0.9,0.814,0.523,1.706,0.758,1.84,0.359
2026-08-19 14:32:16.938,chair,0.664,0.967,1.856,1.864,88.9,89.8,0.9,0.815,0.52,1.695,0.754,1.83,0.357
2026-08-19 14:32:16.938,chair,0.531,,10.704,10.495,,,21.0,,,10.476,-2.199,9.392,-4.683
2026-08-19 14:32:16.939,couch,0.517,,13.187,11.282,,,190.5,,,13.146,1.037,11.223,-1.148
2026-08-19 14:32:16.994,chair,0.664,0.985,1.856,1.864,87.0,87.9,0.9,0.83,0.53,1.695,0.754,1.83,0.357
2026-08-19 14:32:16.994,chair,0.531,,10.704,10.495,,,21.0,,,10.476,-2.199,9.392,-4.683
2026-08-19 14:32:16.995,couch,0.517,,13.187,11.282,,,190.5,,,13.146,1.037,11.223,-1.148
2026-08-19 14:32:17.047,chair,0.664,0.985,1.856,1.864,87.0,87.9,0.9,0.83,0.53,1.695,0.754,1.83,0.357
2026-08-19 14:32:17.047,chair,0.531,,10.704,10.495,,,21.0,,,10.476,-2.199,9.392,-4.683
2026-08-19 14:32:17.047,couch,0.517,,13.187,11.282,,,190.5,,,13.146,1.037,11.223,-1.148
2026-08-19 14:32:17.099,chair,0.646,0.991,1.866,1.875,87.6,88.4,0.9,0.834,0.535,1.706,0.758,1.84,0.359
2026-08-19 14:32:17.100,couch,0.524,,13.189,11.286,,,190.3,,,13.149,1.027,11.226,-1.161
2026-08-19 14:32:17.100,chair,0.516,,10.708,10.501,,,20.7,,,10.478,-2.208,9.394,-4.694
2026-08-19 14:32:17.152,chair,0.646,0.972,1.866,1.875,89.4,90.3,0.9,0.818,0.525,1.706,0.758,1.84,0.359
2026-08-19 14:32:17.152,couch,0.524,,13.189,11.286,,,190.3,,,13.149,1.027,11.226,-1.161
2026-08-19 14:32:17.152,chair,0.516,,10.708,10.501,,,20.7,,,10.478,-2.208,9.394,-4.694
2026-08-19 14:32:17.204,chair,0.646,0.972,1.866,1.875,89.4,90.3,0.9,0.818,0.525,1.706,0.758,1.84,0.359
2026-08-19 14:32:17.205,couch,0.524,,13.189,11.286,,,190.3,,,13.149,1.027,11.226,-1.161
2026-08-19 14:32:17.205,chair,0.516,,10.708,10.501,,,20.7,,,10.478,-2.208,9.394,-4.694
2026-08-19 14:32:17.412,chair,0.563,0.954,1.866,1.875,91.2,92.1,0.9,0.803,0.515,1.706,0.758,1.84,0.359
2026-08-19 14:32:17.413,couch,0.528,,13.189,11.286,,,190.3,,,13.149,1.027,11.226,-1.161
2026-08-19 14:32:17.465,chair,0.563,0.968,1.866,1.875,89.9,90.7,0.9,0.814,0.523,1.706,0.758,1.84,0.359
2026-08-19 14:32:17.465,couch,0.528,,13.189,11.286,,,190.3,,,13.149,1.027,11.226,-1.161
2026-08-19 14:32:17.518,chair,0.636,0.967,1.856,1.864,88.9,89.8,0.9,0.815,0.52,1.695,0.754,1.83,0.357
2026-08-19 14:32:17.519,chair,0.502,,10.948,10.703,,,24.5,,,10.715,-2.248,9.582,-4.77
2026-08-19 14:32:17.570,chair,0.636,0.962,1.856,1.864,89.3,90.2,0.9,0.811,0.518,1.695,0.754,1.83,0.357
2026-08-19 14:32:17.571,chair,0.502,,10.948,10.703,,,24.5,,,10.715,-2.248,9.582,-4.77
2026-08-19 14:32:17.622,chair,0.636,0.962,1.856,1.864,89.3,90.2,0.9,0.811,0.518,1.695,0.754,1.83,0.357
2026-08-19 14:32:17.623,chair,0.502,,10.948,10.703,,,24.5,,,10.715,-2.248,9.582,-4.77
2026-08-19 14:32:17.675,chair,0.797,0.963,1.866,1.875,90.4,91.2,0.9,0.81,0.52,1.706,0.758,1.84,0.359
2026-08-19 14:32:17.727,chair,0.797,0.972,1.866,1.875,89.4,90.3,0.9,0.818,0.525,1.706,0.758,1.84,0.359
2026-08-19 14:32:17.779,chair,0.797,0.972,1.866,1.875,89.4,90.3,0.9,0.818,0.525,1.706,0.758,1.84,0.359
2026-08-19 14:32:17.831,chair,0.615,0.964,1.855,1.864,89.1,90.0,0.9,0.815,0.515,1.696,0.752,1.83,0.354
2026-08-19 14:32:17.832,couch,0.511,,13.573,11.549,,,202.4,,,13.531,1.065,11.49,-1.171
2026-08-19 14:32:17.884,chair,0.615,0.973,1.855,1.864,88.2,89.1,0.9,0.822,0.52,1.696,0.752,1.83,0.354
2026-08-19 14:32:17.884,couch,0.511,,13.573,11.549,,,202.4,,,13.531,1.065,11.49,-1.171
2026-08-19 14:32:17.936,chair,0.615,0.973,1.855,1.864,88.2,89.1,0.9,0.822,0.52,1.696,0.752,1.83,0.354
2026-08-19 14:32:17.936,couch,0.511,,13.573,11.549,,,202.4,,,13.531,1.065,11.49,-1.171
2026-08-19 14:32:18.298,chair,0.751,0.986,1.866,1.875,88.0,88.9,0.9,0.83,0.533,1.706,0.758,1.84,0.359
2026-08-19 14:32:18.350,chair,0.751,0.95,1.866,1.875,91.7,92.5,0.9,0.799,0.513,1.706,0.758,1.84,0.359
2026-08-19 14:32:18.402,chair,0.751,0.95,1.866,1.875,91.7,92.5,0.9,0.799,0.513,1.706,0.758,1.84,0.359
2026-08-19 14:32:18.608,couch,0.503,,13.187,11.282,,,190.5,,,13.146,1.037,11.223,-1.148
2026-08-19 14:32:18.660,couch,0.503,,13.187,11.282,,,190.5,,,13.146,1.037,11.223,-1.148
2026-08-19 14:32:18.711,couch,0.503,,13.187,11.282,,,190.5,,,13.146,1.037,11.223,-1.148
2026-08-19 14:32:18.763,chair,0.596,0.962,1.856,1.864,89.3,90.2,0.9,0.811,0.518,1.695,0.754,1.83,0.357
2026-08-19 14:32:18.815,chair,0.596,0.958,1.856,1.864,89.8,90.6,0.9,0.807,0.515,1.695,0.754,1.83,0.357
2026-08-19 14:32:18.867,chair,0.688,0.963,1.866,1.875,90.4,91.2,0.9,0.81,0.52,1.706,0.758,1.84,0.359
2026-08-19 14:32:18.867,chair,0.523,,10.94,10.69,,,25.0,,,10.71,-2.23,9.578,-4.747
2026-08-19 14:32:18.920,chair,0.688,0.963,1.866,1.875,90.4,91.2,0.9,0.81,0.52,1.706,0.758,1.84,0.359
2026-08-19 14:32:18.920,chair,0.523,,10.94,10.69,,,25.0,,,10.71,-2.23,9.578,-4.747
2026-08-19 14:32:18.972,chair,0.688,0.963,1.866,1.875,90.4,91.2,0.9,0.81,0.52,1.706,0.758,1.84,0.359
2026-08-19 14:32:18.972,chair,0.523,,10.94,10.69,,,25.0,,,10.71,-2.23,9.578,-4.747
2026-08-19 14:32:19.025,chair,0.682,0.967,1.856,1.864,88.9,89.8,0.9,0.815,0.52,1.695,0.754,1.83,0.357
2026-08-19 14:32:19.025,chair,0.519,,10.704,10.495,,,21.0,,,10.476,-2.199,9.392,-4.683
2026-08-19 14:32:19.078,chair,0.682,0.98,1.856,1.864,87.5,88.4,0.9,0.826,0.528,1.695,0.754,1.83,0.357
2026-08-19 14:32:19.078,chair,0.519,,10.704,10.495,,,21.0,,,10.476,-2.199,9.392,-4.683
2026-08-19 14:32:19.131,chair,0.715,0.98,1.856,1.864,87.5,88.4,0.9,0.826,0.528,1.695,0.754,1.83,0.357
2026-08-19 14:32:19.183,chair,0.715,0.962,1.856,1.864,89.3,90.2,0.9,0.811,0.518,1.695,0.754,1.83,0.357
2026-08-19 14:32:19.234,chair,0.715,0.962,1.856,1.864,89.3,90.2,0.9,0.811,0.518,1.695,0.754,1.83,0.357
2026-08-19 14:32:19.288,chair,0.657,0.966,1.845,1.854,87.9,88.8,0.9,0.816,0.518,1.685,0.751,1.82,0.354
2026-08-19 14:32:19.340,chair,0.657,0.953,1.845,1.854,89.2,90.1,0.9,0.804,0.511,1.685,0.751,1.82,0.354
2026-08-19 14:32:19.392,chair,0.657,0.953,1.845,1.854,89.2,90.1,0.9,0.804,0.511,1.685,0.751,1.82,0.354
2026-08-19 14:32:19.445,chair,0.716,0.954,1.856,1.864,90.2,91.1,0.9,0.804,0.513,1.695,0.754,1.83,0.357
2026-08-19 14:32:19.497,chair,0.716,0.98,1.856,1.864,87.5,88.4,0.9,0.826,0.528,1.695,0.754,1.83,0.357
2026-08-19 14:32:19.549,chair,0.716,0.98,1.856,1.864,87.5,88.4,0.9,0.826,0.528,1.695,0.754,1.83,0.357
2026-08-19 14:32:19.601,chair,0.505,,10.708,10.501,,,20.7,,,10.478,-2.208,9.394,-4.694
2026-08-19 14:32:19.652,chair,0.505,,10.708,10.501,,,20.7,,,10.478,-2.208,9.394,-4.694
2026-08-19 14:32:19.704,chair,0.505,,10.708,10.501,,,20.7,,,10.478,-2.208,9.394,-4.694
2026-08-19 14:32:19.757,chair,0.602,0.968,1.844,1.853,87.6,88.5,0.9,0.819,0.515,1.685,0.749,1.82,0.352
2026-08-19 14:32:19.809,chair,0.602,0.959,1.844,1.853,88.5,89.4,0.9,0.812,0.511,1.685,0.749,1.82,0.352
2026-08-19 14:32:19.861,chair,0.602,0.959,1.844,1.853,88.5,89.4,0.9,0.812,0.511,1.685,0.749,1.82,0.352
2026-08-19 14:32:19.913,chair,0.553,0.953,1.812,1.822,85.9,86.9,1.0,0.81,0.502,1.655,0.738,1.789,0.343
2026-08-19 14:32:19.965,chair,0.553,0.962,1.812,1.822,85.0,86.0,1.0,0.818,0.506,1.655,0.738,1.789,0.343
2026-08-19 14:32:20.017,chair,0.553,0.962,1.812,1.822,85.0,86.0,1.0,0.818,0.506,1.655,0.738,1.789,0.343
2026-08-19 14:32:20.070,chair,0.59,0.961,1.77,1.781,80.9,82.0,1.1,0.824,0.495,1.616,0.722,1.75,0.33
2026-08-19 14:32:20.122,chair,0.59,0.965,1.77,1.781,80.4,81.5,1.1,0.828,0.497,1.616,0.722,1.75,0.33
2026-08-19 14:32:20.173,chair,0.59,0.965,1.77,1.781,80.4,81.5,1.1,0.828,0.497,1.616,0.722,1.75,0.33
2026-08-19 14:32:20.225,chair,0.805,0.949,1.717,1.73,76.8,78.0,1.3,0.827,0.466,1.571,0.693,1.703,0.302
2026-08-19 14:32:20.279,chair,0.805,0.945,1.717,1.73,77.2,78.5,1.3,0.823,0.464,1.571,0.693,1.703,0.302
2026-08-19 14:32:20.332,chair,0.805,0.945,1.717,1.73,77.2,78.5,1.3,0.823,0.464,1.571,0.693,1.703,0.302
2026-08-19 14:32:20.539,chair,0.675,0.89,1.744,1.764,85.4,87.5,2.0,0.82,0.345,1.634,0.609,1.755,0.182
2026-08-19 14:32:20.591,chair,0.675,0.914,1.744,1.764,83.0,85.0,2.0,0.843,0.354,1.634,0.609,1.755,0.182
2026-08-19 14:32:20.643,chair,0.675,0.914,1.744,1.764,83.0,85.0,2.0,0.843,0.354,1.634,0.609,1.755,0.182
2026-08-19 14:32:21.108,chair,0.532,,10.653,10.821,,,16.8,,,10.231,-2.971,9.22,-5.664
2026-08-19 14:32:21.160,chair,0.532,,10.653,10.821,,,16.8,,,10.231,-2.971,9.22,-5.664
2026-08-19 14:32:21.385,chair,0.523,,11.652,11.714,,,6.2,,,11.193,-3.24,9.999,-6.103
2026-08-19 14:32:21.440,chair,0.523,,11.652,11.714,,,6.2,,,11.193,-3.24,9.999,-6.103
2026-08-19 14:32:21.490,chair,0.523,,11.652,11.714,,,6.2,,,11.193,-3.24,9.999,-6.103
2026-08-19 14:32:21.543,chair,0.633,,11.386,11.478,,,9.2,,,10.937,-3.168,9.793,-5.987
2026-08-19 14:32:21.594,chair,0.633,,11.386,11.478,,,9.2,,,10.937,-3.168,9.793,-5.987
2026-08-19 14:32:21.646,chair,0.633,,11.386,11.478,,,9.2,,,10.937,-3.168,9.793,-5.987
2026-08-19 14:32:21.698,chair,0.545,,11.931,11.96,,,3.0,,,11.461,-3.315,10.213,-6.224
2026-08-19 14:32:21.751,chair,0.545,,11.931,11.96,,,3.0,,,11.461,-3.315,10.213,-6.224
2026-08-19 14:32:21.803,chair,0.545,,11.931,11.96,,,3.0,,,11.461,-3.315,10.213,-6.224
2026-08-19 14:32:21.958,chair,0.53,,10.653,10.821,,,16.8,,,10.231,-2.971,9.22,-5.664
2026-08-19 14:32:22.027,chair,0.53,,10.653,10.821,,,16.8,,,10.231,-2.971,9.22,-5.664
2026-08-19 14:32:22.238,chair,0.557,,11.131,11.25,,,11.9,,,10.691,-3.1,9.594,-5.875
2026-08-19 14:32:22.291,chair,0.557,,11.131,11.25,,,11.9,,,10.691,-3.1,9.594,-5.875
2026-08-19 14:32:22.342,chair,0.557,,11.131,11.25,,,11.9,,,10.691,-3.1,9.594,-5.875
2026-08-19 14:32:22.394,chair,0.595,,11.386,11.478,,,9.2,,,10.937,-3.168,9.793,-5.987
2026-08-19 14:32:22.446,chair,0.595,,11.386,11.478,,,9.2,,,10.937,-3.168,9.793,-5.987
2026-08-19 14:32:22.822,chair,0.595,,11.386,11.478,,,9.2,,,10.937,-3.168,9.793,-5.987
2026-08-19 14:32:22.892,chair,0.595,,11.386,11.478,,,9.2,,,10.937,-3.168,9.793,-5.987
2026-08-19 14:32:22.948,chair,0.595,,11.386,11.478,,,9.2,,,10.937,-3.168,9.793,-5.987
2026-08-19 14:32:23.155,chair,0.58,0.881,1.715,1.742,83.5,86.1,2.6,0.832,0.288,1.622,0.558,1.738,0.118
2026-08-19 14:32:23.208,chair,0.58,0.877,1.715,1.742,83.8,86.5,2.6,0.829,0.286,1.622,0.558,1.738,0.118
2026-08-19 14:32:23.259,chair,0.58,0.877,1.715,1.742,83.8,86.5,2.6,0.829,0.286,1.622,0.558,1.738,0.118
2026-08-19 14:32:23.310,chair,0.727,0.875,1.755,1.781,88.0,90.6,2.5,0.826,0.287,1.662,0.565,1.777,0.12
2026-08-19 14:32:23.311,chair,0.549,,10.887,11.032,,,14.4,,,10.456,-3.034,9.404,-5.768
2026-08-19 14:32:23.364,chair,0.727,0.863,1.755,1.781,89.2,91.8,2.5,0.815,0.283,1.662,0.565,1.777,0.12
2026-08-19 14:32:23.364,chair,0.549,,10.887,11.032,,,14.4,,,10.456,-3.034,9.404,-5.768
2026-08-19 14:32:23.415,chair,0.727,0.863,1.755,1.781,89.2,91.8,2.5,0.815,0.283,1.662,0.565,1.777,0.12
2026-08-19 14:32:23.416,chair,0.549,,10.887,11.032,,,14.4,,,10.456,-3.034,9.404,-5.768
2026-08-19 14:32:23.468,chair,0.628,0.868,1.726,1.751,85.7,88.3,2.6,0.819,0.289,1.632,0.562,1.747,0.121
2026-08-19 14:32:23.520,chair,0.628,0.863,1.726,1.751,86.3,88.9,2.6,0.813,0.287,1.632,0.562,1.747,0.121
2026-08-19 14:32:23.572,chair,0.642,0.858,1.746,1.771,88.8,91.3,2.5,0.809,0.288,1.651,0.57,1.766,0.128
2026-08-19 14:32:23.625,chair,0.642,0.874,1.746,1.771,87.2,89.7,2.5,0.823,0.294,1.651,0.57,1.766,0.128
2026-08-19 14:32:23.676,chair,0.642,0.874,1.746,1.771,87.2,89.7,2.5,0.823,0.294,1.651,0.57,1.766,0.128
2026-08-19 14:32:23.728,chair,0.663,0.886,1.794,1.814,90.8,92.8,2.0,0.817,0.343,1.686,0.613,1.805,0.178
2026-08-19 14:32:23.780,chair,0.663,0.894,1.794,1.814,89.9,91.9,2.0,0.824,0.347,1.686,0.613,1.805,0.178
2026-08-19 14:32:23.833,chair,0.656,0.914,1.676,1.693,76.2,77.9,1.7,0.825,0.393,1.551,0.635,1.678,0.23
2026-08-19 14:32:23.886,chair,0.656,0.93,1.676,1.693,74.6,76.3,1.7,0.84,0.4,1.551,0.635,1.678,0.23
2026-08-19 14:32:23.937,chair,0.656,0.93,1.676,1.693,74.6,76.3,1.7,0.84,0.4,1.551,0.635,1.678,0.23
2026-08-19 14:32:23.990,chair,0.646,0.93,1.665,1.683,73.5,75.3,1.8,0.844,0.391,1.544,0.624,1.669,0.217
2026-08-19 14:32:24.043,chair,0.646,0.906,1.665,1.683,75.9,77.7,1.8,0.822,0.381,1.544,0.624,1.669,0.217
2026-08-19 14:32:24.097,chair,0.646,0.906,1.665,1.683,75.9,77.7,1.8,0.822,0.381,1.544,0.624,1.669,0.217
2026-08-19 14:32:24.617,couch,0.596,,13.392,12.06,,,133.1,,,13.347,-1.096,11.501,-3.629
2026-08-19 14:32:24.669,couch,0.596,,13.392,12.06,,,133.1,,,13.347,-1.096,11.501,-3.629
2026-08-19 14:32:24.721,couch,0.596,,13.392,12.06,,,133.1,,,13.347,-1.096,11.501,-3.629
2026-08-19 14:32:24.773,couch,0.592,,13.016,11.769,,,124.7,,,12.974,-1.045,11.229,-3.527
2026-08-19 14:32:24.825,couch,0.592,,13.016,11.769,,,124.7,,,12.974,-1.045,11.229,-3.527
2026-08-19 14:32:24.876,couch,0.592,,13.016,11.769,,,124.7,,,12.974,-1.045,11.229,-3.527
2026-08-19 14:32:24.929,couch,0.578,,13.016,11.769,,,124.7,,,12.974,-1.045,11.229,-3.527
2026-08-19 14:32:24.981,couch,0.578,,13.016,11.769,,,124.7,,,12.974,-1.045,11.229,-3.527
2026-08-19 14:32:25.032,couch,0.578,,13.016,11.769,,,124.7,,,12.974,-1.045,11.229,-3.527
2026-08-19 14:32:25.085,couch,0.631,,13.012,11.763,,,124.9,,,12.971,-1.034,11.226,-3.514
2026-08-19 14:32:25.137,couch,0.631,,13.012,11.763,,,124.9,,,12.971,-1.034,11.226,-3.514
2026-08-19 14:32:25.188,couch,0.631,,13.012,11.763,,,124.9,,,12.971,-1.034,11.226,-3.514
2026-08-19 14:32:25.241,couch,0.579,,13.012,11.763,,,124.9,,,12.971,-1.034,11.226,-3.514
2026-08-19 14:32:25.293,couch,0.579,,13.012,11.763,,,124.9,,,12.971,-1.034,11.226,-3.514
2026-08-19 14:32:25.355,couch,0.579,,13.012,11.763,,,124.9,,,12.971,-1.034,11.226,-3.514
2026-08-19 14:32:25.408,couch,0.576,,13.002,11.744,,,125.8,,,12.963,-1.003,11.218,-3.476
2026-08-19 14:32:25.460,couch,0.576,,13.002,11.744,,,125.8,,,12.963,-1.003,11.218,-3.476
2026-08-19 14:32:25.513,couch,0.576,,13.002,11.744,,,125.8,,,12.963,-1.003,11.218,-3.476
2026-08-19 14:32:25.979,chair,0.538,0.838,1.587,1.633,74.9,79.4,4.6,0.828,0.13,1.529,0.423,1.632,-0.039
2026-08-19 14:32:26.032,chair,0.538,0.828,1.587,1.633,75.9,80.5,4.6,0.818,0.129,1.529,0.423,1.632,-0.039
2026-08-19 14:32:26.084,chair,0.538,0.828,1.587,1.633,75.9,80.5,4.6,0.818,0.129,1.529,0.423,1.632,-0.039
2026-08-19 14:32:26.136,chair,0.591,0.843,1.55,1.588,70.8,74.5,3.8,0.821,0.191,1.478,0.467,1.588,0.026
2026-08-19 14:32:26.189,chair,0.591,0.846,1.55,1.588,70.4,74.1,3.8,0.824,0.192,1.478,0.467,1.588,0.026
2026-08-19 14:32:26.241,chair,0.591,0.846,1.55,1.588,70.4,74.1,3.8,0.824,0.192,1.478,0.467,1.588,0.026
2026-08-19 14:32:27.019,chair,0.588,0.882,1.576,1.6,69.4,71.7,2.4,0.824,0.316,1.471,0.565,1.592,0.155
2026-08-19 14:32:27.072,chair,0.588,0.893,1.576,1.6,68.3,70.6,2.4,0.834,0.32,1.471,0.565,1.592,0.155
2026-08-19 14:32:27.125,chair,0.667,0.886,1.564,1.59,67.8,70.4,2.6,0.834,0.298,1.466,0.547,1.584,0.132
2026-08-19 14:32:27.179,chair,0.667,0.883,1.564,1.59,68.2,70.7,2.6,0.831,0.297,1.466,0.547,1.584,0.132
2026-08-19 14:32:27.231,chair,0.667,0.883,1.564,1.59,68.2,70.7,2.6,0.831,0.297,1.466,0.547,1.584,0.132
2026-08-19 14:32:27.283,couch,0.563,,13.463,11.789,,,167.4,,,13.462,-0.125,11.519,-2.506
2026-08-19 14:32:27.348,couch,0.563,,13.463,11.789,,,167.4,,,13.462,-0.125,11.519,-2.506
2026-08-19 14:32:27.401,couch,0.563,,13.463,11.789,,,167.4,,,13.462,-0.125,11.519,-2.506
2026-08-19 14:32:27.455,couch,0.502,,13.083,11.511,,,157.2,,,13.083,-0.11,11.249,-2.442
2026-08-19 14:32:27.506,couch,0.502,,13.083,11.511,,,157.2,,,13.083,-0.11,11.249,-2.442
2026-08-19 14:32:27.559,couch,0.502,,13.083,11.511,,,157.2,,,13.083,-0.11,11.249,-2.442
2026-08-19 14:32:27.610,couch,0.501,,12.723,11.245,,,147.8,,,12.723,-0.096,10.99,-2.38
2026-08-19 14:32:27.664,couch,0.501,,12.723,11.245,,,147.8,,,12.723,-0.096,10.99,-2.38
2026-08-19 14:32:27.715,couch,0.501,,12.723,11.245,,,147.8,,,12.723,-0.096,10.99,-2.38
2026-08-19 14:32:27.768,couch,0.622,,12.723,11.245,,,147.8,,,12.723,-0.096,10.99,-2.38
2026-08-19 14:32:27.820,couch,0.622,,12.723,11.245,,,147.8,,,12.723,-0.096,10.99,-2.38
2026-08-19 14:32:27.873,couch,0.561,,12.723,11.245,,,147.8,,,12.723,-0.096,10.99,-2.38
2026-08-19 14:32:27.873,chair,0.516,,10.297,10.571,,,27.4,,,9.845,-3.018,8.908,-5.691
2026-08-19 14:32:27.926,couch,0.561,,12.723,11.245,,,147.8,,,12.723,-0.096,10.99,-2.38
2026-08-19 14:32:27.926,chair,0.516,,10.297,10.571,,,27.4,,,9.845,-3.018,8.908,-5.691
2026-08-19 14:32:27.977,couch,0.561,,12.723,11.245,,,147.8,,,12.723,-0.096,10.99,-2.38
2026-08-19 14:32:27.978,chair,0.516,,10.297,10.571,,,27.4,,,9.845,-3.018,8.908,-5.691
2026-08-19 14:32:28.030,chair,0.545,0.882,1.632,1.658,75.0,77.6,2.6,0.834,0.288,1.537,0.549,1.654,0.123
2026-08-19 14:32:28.030,chair,0.503,0.886,1.596,1.623,71.0,73.7,2.7,0.839,0.285,1.502,0.541,1.619,0.118
2026-08-19 14:32:28.082,chair,0.545,0.894,1.632,1.658,73.8,76.5,2.6,0.845,0.292,1.537,0.549,1.654,0.123
2026-08-19 14:32:28.083,chair,0.503,0.89,1.596,1.623,70.6,73.3,2.7,0.843,0.286,1.502,0.541,1.619,0.118
2026-08-19 14:32:28.136,couch,0.531,,13.069,11.484,,,158.4,,,13.068,-0.058,11.235,-2.379
2026-08-19 14:32:28.188,couch,0.531,,13.069,11.484,,,158.4,,,13.068,-0.058,11.235,-2.379
2026-08-19 14:32:28.240,couch,0.531,,13.069,11.484,,,158.4,,,13.068,-0.058,11.235,-2.379
2026-08-19 14:32:28.293,couch,0.533,,12.712,11.224,,,148.7,,,12.712,-0.056,10.98,-2.331
2026-08-19 14:32:28.344,couch,0.533,,12.712,11.224,,,148.7,,,12.712,-0.056,10.98,-2.331
2026-08-19 14:32:28.398,couch,0.533,,12.712,11.224,,,148.7,,,12.712,-0.056,10.98,-2.331
2026-08-19 14:32:28.450,couch,0.525,,13.066,11.479,,,158.6,,,13.066,-0.048,11.233,-2.367
2026-08-19 14:32:28.504,couch,0.525,,13.066,11.479,,,158.6,,,13.066,-0.048,11.233,-2.367
2026-08-19 14:32:28.557,couch,0.525,,13.066,11.479,,,158.6,,,13.066,-0.048,11.233,-2.367
2026-08-19 14:32:28.765,couch,0.509,,13.069,11.484,,,158.4,,,13.068,-0.058,11.235,-2.379
2026-08-19 14:32:28.817,couch,0.509,,13.069,11.484,,,158.4,,,13.068,-0.058,11.235,-2.379
2026-08-19 14:32:29.181,couch,0.552,,13.066,11.479,,,158.6,,,13.066,-0.048,11.233,-2.367
2026-08-19 14:32:29.232,couch,0.552,,13.066,11.479,,,158.6,,,13.066,-0.048,11.233,-2.367
2026-08-19 14:32:29.855,couch,0.524,,13.066,11.479,,,158.6,,,13.066,-0.048,11.233,-2.367
2026-08-19 14:32:29.908,couch,0.524,,13.066,11.479,,,158.6,,,13.066,-0.048,11.233,-2.367
2026-08-19 14:32:29.960,couch,0.524,,13.066,11.479,,,158.6,,,13.066,-0.048,11.233,-2.367
2026-08-19 14:32:30.170,couch,0.514,,13.066,11.479,,,158.6,,,13.066,-0.048,11.233,-2.367
2026-08-19 14:32:30.241,couch,0.514,,13.066,11.479,,,158.6,,,13.066,-0.048,11.233,-2.367
2026-08-19 14:32:30.297,couch,0.514,,13.066,11.479,,,158.6,,,13.066,-0.048,11.233,-2.367
2026-08-19 14:32:30.919,chair,0.584,0.892,1.616,1.641,72.4,74.9,2.5,0.838,0.304,1.518,0.555,1.636,0.133
2026-08-19 14:32:30.971,chair,0.584,0.88,1.616,1.641,73.5,76.1,2.5,0.828,0.3,1.518,0.555,1.636,0.133
2026-08-19 14:32:31.026,chair,0.569,0.88,1.616,1.642,73.6,76.1,2.5,0.828,0.3,1.517,0.558,1.636,0.137
2026-08-19 14:32:31.078,chair,0.569,0.88,1.616,1.642,73.6,76.1,2.5,0.828,0.3,1.517,0.558,1.636,0.137
2026-08-19 14:32:31.130,chair,0.569,0.88,1.616,1.642,73.6,76.1,2.5,0.828,0.3,1.517,0.558,1.636,0.137
2026-08-19 14:32:38.282,tv,0.558,0.319,4.217,4.069,389.8,375.0,14.8,0.225,0.226,4.044,1.194,4.041,0.476
2026-08-19 14:32:38.334,tv,0.558,0.316,4.217,4.069,390.1,375.3,14.8,0.223,0.224,4.044,1.194,4.041,0.476
2026-08-19 14:32:38.386,tv,0.558,0.316,4.217,4.069,390.1,375.3,14.8,0.223,0.224,4.044,1.194,4.041,0.476
2026-08-19 14:32:41.437,person,0.659,0.943,0.853,0.822,9.0,12.1,3.1,0.764,0.552,0.503,0.689,0.655,0.497
2026-08-19 14:32:41.489,person,0.659,0.932,0.853,0.822,7.9,11.0,3.1,0.755,0.546,0.503,0.689,0.655,0.497
2026-08-19 14:32:41.541,person,0.659,0.932,0.853,0.822,7.9,11.0,3.1,0.755,0.546,0.503,0.689,0.655,0.497
2026-08-19 14:32:41.593,person,0.851,0.96,0.798,0.762,16.1,19.8,3.7,0.806,0.521,0.486,0.633,0.63,0.428
2026-08-19 14:32:41.645,person,0.851,0.809,0.798,0.762,1.0,4.7,3.7,0.679,0.439,0.486,0.633,0.63,0.428
2026-08-19 14:32:41.698,person,0.851,0.809,0.798,0.762,1.0,4.7,3.7,0.679,0.439,0.486,0.633,0.63,0.428
2026-08-19 14:32:41.751,person,0.944,0.925,0.723,0.69,20.2,23.5,3.3,0.835,0.398,0.506,0.517,0.634,0.272
2026-08-19 14:32:41.751,chair,0.551,0.852,1.415,1.455,56.3,60.2,4.0,0.833,0.18,1.345,0.437,1.454,0.012
2026-08-19 14:32:41.803,person,0.944,0.917,0.723,0.69,19.4,22.7,3.3,0.828,0.395,0.506,0.517,0.634,0.272
2026-08-19 14:32:41.803,chair,0.551,0.839,1.415,1.455,57.5,61.5,4.0,0.821,0.177,1.345,0.437,1.454,0.012
2026-08-19 14:32:41.855,person,0.944,0.917,0.723,0.69,19.4,22.7,3.3,0.828,0.395,0.506,0.517,0.634,0.272
2026-08-19 14:32:41.855,chair,0.551,0.839,1.415,1.455,57.5,61.5,4.0,0.821,0.177,1.345,0.437,1.454,0.012
2026-08-19 14:32:41.909,person,0.951,0.898,0.706,0.677,19.3,22.1,2.8,0.827,0.351,0.517,0.481,0.64,0.223
2026-08-19 14:32:41.910,chair,0.666,0.832,1.46,1.5,62.8,66.8,4.0,0.814,0.173,1.391,0.444,1.5,0.012
2026-08-19 14:32:41.962,person,0.951,0.919,0.706,0.677,21.4,24.2,2.8,0.846,0.359,0.517,0.481,0.64,0.223
2026-08-19 14:32:41.963,chair,0.666,0.65,1.46,1.5,81.0,85.0,4.0,0.636,0.135,1.391,0.444,1.5,0.012
2026-08-19 14:32:42.015,person,0.951,0.919,0.706,0.677,21.4,24.2,2.8,0.846,0.359,0.517,0.481,0.64,0.223
2026-08-19 14:32:42.015,chair,0.666,0.65,1.46,1.5,81.0,85.0,4.0,0.636,0.135,1.391,0.444,1.5,0.012
2026-08-19 14:32:42.076,person,0.959,0.933,0.822,0.804,11.1,12.9,1.8,0.843,0.399,0.63,0.528,0.759,0.263
2026-08-19 14:32:42.129,person,0.959,0.917,0.822,0.804,9.5,11.4,1.8,0.829,0.393,0.63,0.528,0.759,0.263
2026-08-19 14:32:42.181,person,0.959,0.917,0.822,0.804,9.5,11.4,1.8,0.829,0.393,0.63,0.528,0.759,0.263
2026-08-19 14:32:42.233,person,0.949,0.842,1.21,1.218,36.8,37.6,0.8,0.753,0.378,1.054,0.595,1.187,0.272
2026-08-19 14:32:42.234,chair,0.562,0.798,1.453,1.523,65.5,72.5,7.0,0.798,-0.004,1.421,0.303,1.513,-0.176
2026-08-19 14:32:42.286,person,0.949,0.8,1.21,1.218,41.0,41.8,0.8,0.715,0.359,1.054,0.595,1.187,0.272
2026-08-19 14:32:42.286,chair,0.562,0.798,1.453,1.523,65.5,72.5,7.0,0.798,-0.004,1.421,0.303,1.513,-0.176
2026-08-19 14:32:42.338,person,0.949,0.8,1.21,1.218,41.0,41.8,0.8,0.715,0.359,1.054,0.595,1.187,0.272
2026-08-19 14:32:42.338,chair,0.562,0.798,1.453,1.523,65.5,72.5,7.0,0.798,-0.004,1.421,0.303,1.513,-0.176
2026-08-19 14:32:42.390,person,0.94,0.734,1.174,1.2,44.1,46.7,2.6,0.703,0.211,1.08,0.462,1.197,0.093
2026-08-19 14:32:42.444,person,0.94,0.734,1.174,1.2,44.1,46.7,2.6,0.703,0.211,1.08,0.462,1.197,0.093
2026-08-19 14:32:42.496,person,0.94,0.734,1.174,1.2,44.1,46.7,2.6,0.703,0.211,1.08,0.462,1.197,0.093
2026-08-19 14:32:42.549,person,0.942,0.727,1.163,1.193,43.6,46.7,3.1,0.703,0.183,1.078,0.434,1.192,0.058
2026-08-19 14:32:42.602,person,0.942,0.731,1.163,1.193,43.2,46.2,3.1,0.707,0.184,1.078,0.434,1.192,0.058
2026-08-19 14:32:42.654,person,0.93,0.72,1.17,1.21,44.9,49.0,4.0,0.707,0.136,1.102,0.391,1.21,-0.003
2026-08-19 14:32:42.707,person,0.93,0.722,1.17,1.21,44.8,48.8,4.0,0.709,0.137,1.102,0.391,1.21,-0.003
2026-08-19 14:32:42.760,person,0.93,0.722,1.17,1.21,44.8,48.8,4.0,0.709,0.137,1.102,0.391,1.21,-0.003
2026-08-19 14:32:42.812,person,0.949,0.718,1.215,1.264,49.8,54.7,4.9,0.711,0.098,1.16,0.363,1.263,-0.05
2026-08-19 14:32:42.865,person,0.949,0.722,1.215,1.264,49.4,54.2,4.9,0.715,0.099,1.16,0.363,1.263,-0.05
2026-08-19 14:32:42.920,person,0.936,0.702,1.339,1.397,63.7,69.5,5.8,0.7,0.059,1.295,0.343,1.393,-0.101
2026-08-19 14:32:42.972,person,0.936,0.727,1.339,1.397,61.2,67.0,5.8,0.724,0.061,1.295,0.343,1.393,-0.101
2026-08-19 14:32:43.024,person,0.936,0.727,1.339,1.397,61.2,67.0,5.8,0.724,0.061,1.295,0.343,1.393,-0.101
2026-08-19 14:32:43.075,person,0.942,0.583,1.626,1.685,104.3,110.2,5.8,0.582,0.033,1.585,0.363,1.68,-0.127
2026-08-19 14:32:43.127,person,0.942,0.69,1.626,1.685,93.6,99.4,5.8,0.689,0.039,1.585,0.363,1.68,-0.127
2026-08-19 14:32:43.180,person,0.942,0.69,1.626,1.685,93.6,99.4,5.8,0.689,0.039,1.585,0.363,1.68,-0.127
2026-08-19 14:32:43.232,person,0.957,0.683,1.633,1.7,95.0,101.7,6.7,0.683,-0.004,1.601,0.324,1.691,-0.181
2026-08-19 14:32:43.283,person,0.957,0.722,1.633,1.7,91.2,97.8,6.7,0.722,-0.004,1.601,0.324,1.691,-0.181
2026-08-19 14:32:43.335,person,0.957,0.722,1.633,1.7,91.2,97.8,6.7,0.722,-0.004,1.601,0.324,1.691,-0.181
2026-08-19 14:32:43.389,person,0.953,0.736,1.642,1.715,90.6,97.9,7.4,0.735,-0.043,1.615,0.295,1.701,-0.221
2026-08-19 14:32:43.441,person,0.953,0.754,1.642,1.715,88.8,96.2,7.4,0.753,-0.044,1.615,0.295,1.701,-0.221
2026-08-19 14:32:43.493,person,0.953,0.754,1.642,1.715,88.8,96.2,7.4,0.753,-0.044,1.615,0.295,1.701,-0.221
2026-08-19 14:32:43.545,person,0.953,0.764,1.73,1.808,96.6,104.4,7.8,0.76,-0.08,1.708,0.277,1.789,-0.261
2026-08-19 14:32:43.597,person,0.953,0.734,1.73,1.808,99.7,107.4,7.8,0.73,-0.077,1.708,0.277,1.789,-0.261
2026-08-19 14:32:43.650,person,0.953,0.734,1.73,1.808,99.7,107.4,7.8,0.73,-0.077,1.708,0.277,1.789,-0.261
2026-08-19 14:32:43.702,person,0.951,0.754,1.783,1.866,102.9,111.2,8.3,0.746,-0.11,1.765,0.256,1.842,-0.299
2026-08-19 14:32:43.754,person,0.951,0.707,1.783,1.866,107.6,115.9,8.3,0.699,-0.103,1.765,0.256,1.842,-0.299
2026-08-19 14:32:43.806,person,0.951,0.707,1.783,1.866,107.6,115.9,8.3,0.699,-0.103,1.765,0.256,1.842,-0.299
2026-08-19 14:32:43.860,person,0.945,0.706,1.794,1.877,108.8,117.1,8.3,0.698,-0.108,1.776,0.255,1.853,-0.302
2026-08-19 14:32:43.913,person,0.945,0.687,1.794,1.877,110.7,119.0,8.3,0.679,-0.105,1.776,0.255,1.853,-0.302
2026-08-19 14:32:43.964,person,0.945,0.687,1.794,1.877,110.7,119.0,8.3,0.679,-0.105,1.776,0.255,1.853,-0.302
2026-08-19 14:32:44.017,person,0.939,0.696,1.772,1.855,107.6,115.9,8.2,0.689,-0.097,1.753,0.258,1.831,-0.294
2026-08-19 14:32:44.070,person,0.939,0.691,1.772,1.855,108.2,116.4,8.2,0.684,-0.097,1.753,0.258,1.831,-0.294
2026-08-19 14:32:44.123,person,0.939,0.691,1.772,1.855,108.2,116.4,8.2,0.684,-0.097,1.753,0.258,1.831,-0.294
2026-08-19 14:32:44.178,person,0.953,0.719,1.69,1.781,97.2,106.2,9.1,0.708,-0.123,1.675,0.226,1.752,-0.322
2026-08-19 14:32:44.230,person,0.953,0.721,1.69,1.781,96.9,106.0,9.1,0.711,-0.123,1.675,0.226,1.752,-0.322
2026-08-19 14:32:44.282,person,0.953,0.721,1.69,1.781,96.9,106.0,9.1,0.711,-0.123,1.675,0.226,1.752,-0.322
2026-08-19 14:32:44.342,person,0.949,0.722,1.691,1.783,96.9,106.1,9.2,0.711,-0.127,1.676,0.221,1.752,-0.329
2026-08-19 14:32:44.396,person,0.949,0.73,1.691,1.783,96.0,105.2,9.2,0.719,-0.129,1.676,0.221,1.752,-0.329
2026-08-19 14:32:44.447,person,0.949,0.73,1.691,1.783,96.0,105.2,9.2,0.719,-0.129,1.676,0.221,1.752,-0.329
2026-08-19 14:32:44.500,person,0.946,0.729,1.69,1.779,96.2,105.1,8.9,0.719,-0.117,1.674,0.233,1.751,-0.312
2026-08-19 14:32:44.564,person,0.946,0.723,1.69,1.779,96.8,105.6,8.9,0.713,-0.116,1.674,0.233,1.751,-0.312
2026-08-19 14:32:44.620,person,0.932,0.722,1.69,1.779,96.8,105.6,8.8,0.713,-0.112,1.674,0.235,1.751,-0.31
2026-08-19 14:32:44.680,person,0.932,0.722,1.69,1.779,96.8,105.6,8.8,0.713,-0.112,1.674,0.235,1.751,-0.31
2026-08-19 14:32:44.734,person,0.932,0.722,1.69,1.779,96.8,105.6,8.8,0.713,-0.112,1.674,0.235,1.751,-0.31
2026-08-19 14:32:44.786,person,0.926,0.718,1.69,1.764,97.2,104.6,7.4,0.716,-0.051,1.664,0.294,1.749,-0.232
2026-08-19 14:32:44.787,chair,0.668,1.16,2.527,2.702,136.7,154.3,17.6,0.833,-0.806,2.523,-0.141,2.531,-0.949
2026-08-19 14:32:44.843,person,0.926,0.718,1.69,1.764,97.2,104.6,7.4,0.716,-0.051,1.664,0.294,1.749,-0.232
2026-08-19 14:32:44.844,chair,0.668,1.152,2.527,2.702,137.5,155.1,17.6,0.828,-0.801,2.523,-0.141,2.531,-0.949
2026-08-19 14:32:44.896,person,0.926,0.718,1.69,1.764,97.2,104.6,7.4,0.716,-0.051,1.664,0.294,1.749,-0.232
2026-08-19 14:32:44.897,chair,0.668,1.152,2.527,2.702,137.5,155.1,17.6,0.828,-0.801,2.523,-0.141,2.531,-0.949
2026-08-19 14:32:44.949,person,0.948,0.74,1.674,1.73,93.4,99.0,5.6,0.738,0.051,1.631,0.377,1.726,-0.117
2026-08-19 14:32:44.949,chair,0.893,1.152,2.527,2.702,137.5,155.1,17.6,0.828,-0.801,2.523,-0.141,2.531,-0.949
2026-08-19 14:32:45.003,person,0.948,0.714,1.674,1.73,96.0,101.6,5.6,0.713,0.049,1.631,0.377,1.726,-0.117
2026-08-19 14:32:45.003,chair,0.893,1.175,2.527,2.702,135.2,152.8,17.6,0.844,-0.817,2.523,-0.141,2.531,-0.949
2026-08-19 14:32:45.056,person,0.948,0.714,1.674,1.73,96.0,101.6,5.6,0.713,0.049,1.631,0.377,1.726,-0.117
2026-08-19 14:32:45.056,chair,0.893,1.175,2.527,2.702,135.2,152.8,17.6,0.844,-0.817,2.523,-0.141,2.531,-0.949
2026-08-19 14:32:45.108,person,0.956,0.761,1.475,1.527,71.4,76.6,5.2,0.757,0.087,1.425,0.382,1.525,-0.074
2026-08-19 14:32:45.109,chair,0.85,1.175,2.527,2.702,135.2,152.8,17.6,0.844,-0.817,2.523,-0.141,2.531,-0.949
2026-08-19 14:32:45.161,person,0.956,0.756,1.475,1.527,71.9,77.1,5.2,0.751,0.086,1.425,0.382,1.525,-0.074
2026-08-19 14:32:45.162,chair,0.85,1.141,2.527,2.702,138.6,156.1,17.6,0.82,-0.793,2.523,-0.141,2.531,-0.949
2026-08-19 14:32:45.214,person,0.952,0.787,1.266,1.324,48.0,53.7,5.7,0.784,0.069,1.221,0.336,1.32,-0.096
2026-08-19 14:32:45.215,chair,0.609,1.141,2.527,2.702,138.6,156.1,17.6,0.82,-0.793,2.523,-0.141,2.531,-0.949
2026-08-19 14:32:45.268,person,0.952,0.787,1.266,1.324,48.0,53.7,5.7,0.784,0.069,1.221,0.336,1.32,-0.096
2026-08-19 14:32:45.269,chair,0.609,1.152,2.527,2.702,137.5,155.1,17.6,0.828,-0.801,2.523,-0.141,2.531,-0.949
2026-08-19 14:32:45.321,person,0.952,0.787,1.266,1.324,48.0,53.7,5.7,0.784,0.069,1.221,0.336,1.32,-0.096
2026-08-19 14:32:45.321,chair,0.609,1.152,2.527,2.702,137.5,155.1,17.6,0.828,-0.801,2.523,-0.141,2.531,-0.949
2026-08-19 14:32:45.374,person,0.954,0.776,1.264,1.314,48.8,53.8,5.0,0.769,0.106,1.209,0.368,1.313,-0.052
2026-08-19 14:32:45.375,chair,0.506,1.147,2.526,2.701,137.9,155.4,17.5,0.828,-0.795,2.522,-0.139,2.53,-0.945
2026-08-19 14:32:45.428,person,0.954,0.776,1.264,1.314,48.8,53.8,5.0,0.769,0.106,1.209,0.368,1.313,-0.052
2026-08-19 14:32:45.429,chair,0.506,1.163,2.526,2.701,136.4,153.9,17.5,0.839,-0.805,2.522,-0.139,2.53,-0.945
2026-08-19 14:32:45.481,person,0.955,0.773,1.262,1.306,48.8,53.3,4.4,0.762,0.131,1.199,0.392,1.306,-0.02
2026-08-19 14:32:45.481,chair,0.623,1.167,2.527,2.702,136.0,153.5,17.6,0.839,-0.812,2.523,-0.141,2.531,-0.949
2026-08-19 14:32:45.534,person,0.955,0.749,1.262,1.306,51.2,55.7,4.4,0.739,0.127,1.199,0.392,1.306,-0.02
2026-08-19 14:32:45.535,chair,0.623,1.137,2.527,2.702,138.9,156.5,17.6,0.817,-0.791,2.523,-0.141,2.531,-0.949
2026-08-19 14:32:45.586,person,0.955,0.749,1.262,1.306,51.2,55.7,4.4,0.739,0.127,1.199,0.392,1.306,-0.02
2026-08-19 14:32:45.586,chair,0.623,1.137,2.527,2.702,138.9,156.5,17.6,0.817,-0.791,2.523,-0.141,2.531,-0.949
2026-08-19 14:32:45.638,person,0.951,0.819,1.068,1.11,24.9,29.1,4.2,0.808,0.136,1.004,0.364,1.109,-0.021
2026-08-19 14:32:45.690,person,0.951,0.762,1.068,1.11,30.6,34.7,4.2,0.752,0.127,1.004,0.364,1.109,-0.021
2026-08-19 14:32:45.743,person,0.95,0.788,0.896,0.941,10.7,15.3,4.6,0.782,0.099,0.839,0.312,0.94,-0.058
2026-08-19 14:32:45.795,person,0.95,0.744,0.896,0.941,15.2,19.8,4.6,0.738,0.093,0.839,0.312,0.94,-0.058
2026-08-19 14:32:45.847,person,0.95,0.744,0.896,0.941,15.2,19.8,4.6,0.738,0.093,0.839,0.312,0.94,-0.058
2026-08-19 14:32:45.899,person,0.954,0.802,0.739,0.782,6.3,2.1,4.3,0.797,0.09,0.682,0.284,0.779,-0.066
2026-08-19 14:32:45.900,chair,0.661,1.119,2.526,2.701,140.7,158.2,17.5,0.807,-0.775,2.522,-0.139,2.53,-0.945
2026-08-19 14:32:45.955,person,0.954,0.792,0.739,0.782,5.3,1.0,4.3,0.787,0.089,0.682,0.284,0.779,-0.066
2026-08-19 14:32:45.955,chair,0.661,1.133,2.526,2.701,139.3,156.8,17.5,0.817,-0.785,2.522,-0.139,2.53,-0.945
2026-08-19 14:32:46.009,person,0.954,0.792,0.739,0.782,5.3,1.0,4.3,0.787,0.089,0.682,0.284,0.779,-0.066
2026-08-19 14:32:46.009,chair,0.661,1.133,2.526,2.701,139.3,156.8,17.5,0.817,-0.785,2.522,-0.139,2.53,-0.945
2026-08-19 14:32:46.062,person,0.96,0.789,0.721,0.779,6.8,1.0,5.8,0.788,0.044,0.679,0.244,0.77,-0.119
2026-08-19 14:32:46.114,person,0.96,0.787,0.721,0.779,6.6,0.8,5.8,0.786,0.044,0.679,0.244,0.77,-0.119
2026-08-19 14:32:46.166,person,0.96,0.787,0.721,0.779,6.6,0.8,5.8,0.786,0.044,0.679,0.244,0.77,-0.119
2026-08-19 14:32:46.220,person,0.926,0.832,0.597,0.668,23.5,16.4,7.1,0.832,0.01,0.564,0.197,0.649,-0.16
2026-08-19 14:32:46.281,person,0.926,0.748,0.597,0.668,15.1,8.0,7.1,0.748,0.009,0.564,0.197,0.649,-0.16
2026-08-19 14:32:46.335,person,0.926,0.748,0.597,0.668,15.1,8.0,7.1,0.748,0.009,0.564,0.197,0.649,-0.16
2026-08-19 14:32:46.387,person,0.928,,0.563,0.681,,,11.8,,,0.552,0.111,0.625,-0.271
2026-08-19 14:32:46.439,person,0.928,,0.563,0.681,,,11.8,,,0.552,0.111,0.625,-0.271
2026-08-19 14:32:46.491,person,0.928,,0.563,0.681,,,11.8,,,0.552,0.111,0.625,-0.271
2026-08-19 14:32:46.544,person,0.929,,0.563,0.715,,,15.2,,,0.56,0.056,0.625,-0.347
2026-08-19 14:32:46.596,person,0.929,,0.563,0.715,,,15.2,,,0.56,0.056,0.625,-0.347
2026-08-19 14:32:46.648,person,0.929,,0.563,0.715,,,15.2,,,0.56,0.056,0.625,-0.347
2026-08-19 14:32:46.701,person,0.906,,0.588,0.828,,,24.0,,,0.581,-0.087,0.627,-0.541
2026-08-19 14:32:46.752,person,0.906,,0.588,0.828,,,24.0,,,0.581,-0.087,0.627,-0.541
2026-08-19 14:32:46.804,person,0.906,,0.588,0.828,,,24.0,,,0.581,-0.087,0.627,-0.541
2026-08-19 14:32:46.856,person,0.777,,0.617,0.906,,,28.9,,,0.594,-0.169,0.628,-0.653
2026-08-19 14:32:46.908,person,0.777,,0.617,0.906,,,28.9,,,0.594,-0.169,0.628,-0.653
2026-08-19 14:32:46.961,person,0.777,,0.617,0.906,,,28.9,,,0.594,-0.169,0.628,-0.653
2026-08-19 14:32:47.014,person,0.841,0.551,0.623,0.917,7.3,36.6,29.4,0.488,-0.255,0.597,-0.178,0.631,-0.666
2026-08-19 14:32:47.067,person,0.841,0.415,0.623,0.917,20.8,50.2,29.4,0.368,-0.192,0.597,-0.178,0.631,-0.666
2026-08-19 14:32:47.119,person,0.841,0.415,0.623,0.917,20.8,50.2,29.4,0.368,-0.192,0.597,-0.178,0.631,-0.666
2026-08-19 14:32:48.965,tv,0.523,0.936,7.729,7.481,679.3,654.5,24.8,0.202,-0.914,7.709,-0.555,7.128,-2.268
2026-08-19 14:32:49.017,tv,0.523,0.862,7.729,7.481,686.7,661.9,24.8,0.186,-0.842,7.709,-0.555,7.128,-2.268
2026-08-19 14:32:49.069,tv,0.523,0.862,7.729,7.481,686.7,661.9,24.8,0.186,-0.842,7.709,-0.555,7.128,-2.268
2026-08-19 14:32:49.591,tv,0.549,0.793,7.597,7.367,680.4,657.5,23.0,0.176,-0.773,7.578,-0.546,7.019,-2.238
2026-08-19 14:32:49.644,tv,0.549,0.775,7.597,7.367,682.2,659.2,23.0,0.172,-0.756,7.578,-0.546,7.019,-2.238
2026-08-19 14:32:49.696,tv,0.549,0.775,7.597,7.367,682.2,659.2,23.0,0.172,-0.756,7.578,-0.546,7.019,-2.238
2026-08-19 14:32:52.956,tv,0.548,0.792,7.729,7.481,693.7,668.9,24.8,0.171,-0.773,7.709,-0.555,7.128,-2.268
2026-08-19 14:32:53.008,tv,0.548,0.787,7.729,7.481,694.2,669.3,24.8,0.17,-0.769,7.709,-0.555,7.128,-2.268
2026-08-19 14:32:53.060,tv,0.548,0.787,7.729,7.481,694.2,669.3,24.8,0.17,-0.769,7.709,-0.555,7.128,-2.268
2026-08-19 14:32:54.386,tv,0.57,0.89,7.729,7.481,683.9,659.0,24.8,0.192,-0.869,7.709,-0.555,7.128,-2.268
2026-08-19 14:32:54.438,tv,0.57,0.815,7.729,7.481,691.4,666.5,24.8,0.176,-0.796,7.709,-0.555,7.128,-2.268
2026-08-19 14:32:54.491,tv,0.57,0.815,7.729,7.481,691.4,666.5,24.8,0.176,-0.796,7.709,-0.555,7.128,-2.268
2026-08-19 14:32:54.702,tv,0.626,0.873,7.729,7.481,685.6,660.8,24.8,0.188,-0.852,7.709,-0.555,7.128,-2.268
2026-08-19 14:32:54.755,tv,0.626,0.806,7.729,7.481,692.3,667.5,24.8,0.174,-0.787,7.709,-0.555,7.128,-2.268
2026-08-19 14:32:54.808,tv,0.626,0.806,7.729,7.481,692.3,667.5,24.8,0.174,-0.787,7.709,-0.555,7.128,-2.268
2026-08-19 14:32:55.642,tv,0.504,0.897,7.597,7.367,670.0,647.0,23.0,0.199,-0.875,7.578,-0.546,7.019,-2.238
2026-08-19 14:32:55.694,tv,0.504,0.88,7.597,7.367,671.7,648.8,23.0,0.196,-0.858,7.578,-0.546,7.019,-2.238
2026-08-19 14:32:55.747,tv,0.504,0.88,7.597,7.367,671.7,648.8,23.0,0.196,-0.858,7.578,-0.546,7.019,-2.238
2026-08-19 14:33:01.493,tv,0.551,0.769,7.729,7.481,696.0,671.1,24.8,0.166,-0.751,7.709,-0.555,7.128,-2.268
2026-08-19 14:33:01.546,tv,0.551,0.82,7.729,7.481,690.9,666.0,24.8,0.177,-0.801,7.709,-0.555,7.128,-2.268
2026-08-19 14:33:03.862,tv,0.506,0.874,7.597,7.367,672.3,649.3,23.0,0.194,-0.852,7.578,-0.546,7.019,-2.238
2026-08-19 14:33:03.914,tv,0.506,0.788,7.597,7.367,680.9,657.9,23.0,0.175,-0.769,7.578,-0.546,7.019,-2.238
2026-08-19 14:33:03.967,tv,0.506,0.788,7.597,7.367,680.9,657.9,23.0,0.175,-0.769,7.578,-0.546,7.019,-2.238
2026-08-19 14:33:09.443,tv,0.543,0.851,7.729,7.481,687.8,662.9,24.8,0.184,-0.831,7.709,-0.555,7.128,-2.268
2026-08-19 14:33:09.496,tv,0.543,0.902,7.729,7.481,682.7,657.9,24.8,0.194,-0.881,7.709,-0.555,7.128,-2.268
2026-08-19 14:33:09.549,tv,0.543,0.902,7.729,7.481,682.7,657.9,24.8,0.194,-0.881,7.709,-0.555,7.128,-2.268
2026-08-19 14:33:12.752,tv,0.531,0.827,7.597,7.367,677.1,654.1,23.0,0.184,-0.806,7.578,-0.546,7.019,-2.238
2026-08-19 14:33:12.805,tv,0.531,0.858,7.597,7.367,673.9,651.0,23.0,0.191,-0.836,7.578,-0.546,7.019,-2.238
2026-08-19 14:33:12.858,tv,0.531,0.858,7.597,7.367,673.9,651.0,23.0,0.191,-0.836,7.578,-0.546,7.019,-2.238
2026-08-19 14:33:13.441,tv,0.532,0.827,7.599,7.371,677.2,654.4,22.8,0.183,-0.807,7.579,-0.552,7.02,-2.246
2026-08-19 14:33:13.494,tv,0.532,0.916,7.599,7.371,668.3,645.5,22.8,0.202,-0.893,7.579,-0.552,7.02,-2.246
2026-08-19 14:33:13.546,tv,0.532,0.916,7.599,7.371,668.3,645.5,22.8,0.202,-0.893,7.579,-0.552,7.02,-2.246
2026-08-19 14:33:15.340,tv,0.527,0.757,7.729,7.481,697.2,672.4,24.8,0.163,-0.739,7.709,-0.555,7.128,-2.268
2026-08-19 14:33:15.393,tv,0.527,0.843,7.729,7.481,688.6,663.7,24.8,0.182,-0.823,7.709,-0.555,7.128,-2.268
2026-08-19 14:33:18.133,tv,0.663,0.789,7.599,7.371,681.0,658.1,22.8,0.174,-0.77,7.579,-0.552,7.02,-2.246
2026-08-19 14:33:18.186,tv,0.663,0.785,7.599,7.371,681.4,658.6,22.8,0.173,-0.766,7.579,-0.552,7.02,-2.246
2026-08-19 14:33:18.239,tv,0.663,0.785,7.599,7.371,681.4,658.6,22.8,0.173,-0.766,7.579,-0.552,7.02,-2.246
2026-08-19 14:33:19.187,tv,0.549,0.806,7.729,7.481,692.3,667.5,24.8,0.174,-0.787,7.709,-0.555,7.128,-2.268
2026-08-19 14:33:19.240,tv,0.549,0.769,7.729,7.481,696.0,671.1,24.8,0.166,-0.751,7.709,-0.555,7.128,-2.268
2026-08-19 14:33:19.293,tv,0.549,0.769,7.729,7.481,696.0,671.1,24.8,0.166,-0.751,7.709,-0.555,7.128,-2.268
2026-08-19 14:33:19.556,tv,0.597,0.847,7.731,7.484,688.4,663.7,24.7,0.181,-0.827,7.71,-0.561,7.129,-2.276
2026-08-19 14:33:19.610,tv,0.597,0.797,7.731,7.484,693.3,668.7,24.7,0.171,-0.779,7.71,-0.561,7.129,-2.276
2026-08-19 14:33:19.663,tv,0.597,0.797,7.731,7.484,693.3,668.7,24.7,0.171,-0.779,7.71,-0.561,7.129,-2.276
2026-08-19 14:33:19.979,tv,0.588,0.792,7.729,7.481,693.7,668.9,24.8,0.171,-0.773,7.709,-0.555,7.128,-2.268
2026-08-19 14:33:20.034,tv,0.588,0.815,7.729,7.481,691.4,666.5,24.8,0.176,-0.796,7.709,-0.555,7.128,-2.268
2026-08-19 14:33:20.086,person,0.881,,0.785,0.747,,,3.8,,,0.475,0.625,0.618,0.42
2026-08-19 14:33:20.140,person,0.881,,0.785,0.747,,,3.8,,,0.475,0.625,0.618,0.42
2026-08-19 14:33:20.194,person,0.881,,0.785,0.747,,,3.8,,,0.475,0.625,0.618,0.42
2026-08-19 14:33:20.247,person,0.918,,0.755,0.716,,,3.9,,,0.482,0.582,0.618,0.362
2026-08-19 14:33:20.301,person,0.918,,0.755,0.716,,,3.9,,,0.482,0.582,0.618,0.362
2026-08-19 14:33:20.353,person,0.951,,0.734,0.697,,,3.8,,,0.486,0.55,0.619,0.32
2026-08-19 14:33:20.406,person,0.951,,0.734,0.697,,,3.8,,,0.486,0.55,0.619,0.32
2026-08-19 14:33:20.459,person,0.951,,0.734,0.697,,,3.8,,,0.486,0.55,0.619,0.32
2026-08-19 14:33:20.512,person,0.959,,0.722,0.686,,,3.7,,,0.489,0.532,0.619,0.295
2026-08-19 14:33:20.565,person,0.959,,0.722,0.686,,,3.7,,,0.489,0.532,0.619,0.295
2026-08-19 14:33:20.619,person,0.963,,0.726,0.689,,,3.7,,,0.488,0.538,0.619,0.303
2026-08-19 14:33:20.671,person,0.963,,0.726,0.689,,,3.7,,,0.488,0.538,0.619,0.303
2026-08-19 14:33:20.724,person,0.963,,0.726,0.689,,,3.7,,,0.488,0.538,0.619,0.303
2026-08-19 14:33:20.777,person,0.955,0.839,0.83,0.804,0.9,3.4,2.5,0.735,0.404,0.595,0.578,0.731,0.336
2026-08-19 14:33:20.829,person,0.955,0.884,0.83,0.804,5.5,8.0,2.5,0.775,0.426,0.595,0.578,0.731,0.336
2026-08-19 14:33:20.883,person,0.955,0.884,0.83,0.804,5.5,8.0,2.5,0.775,0.426,0.595,0.578,0.731,0.336
2026-08-19 14:33:20.936,person,0.947,0.875,1.306,1.309,43.0,43.3,0.3,0.721,0.496,1.085,0.725,1.235,0.434
2026-08-19 14:33:20.988,person,0.947,0.93,1.306,1.309,37.6,37.9,0.3,0.766,0.527,1.085,0.725,1.235,0.434
2026-08-19 14:33:21.042,person,0.947,0.93,1.306,1.309,37.6,37.9,0.3,0.766,0.527,1.085,0.725,1.235,0.434
2026-08-19 14:33:21.094,person,0.942,0.856,1.547,1.555,69.1,69.9,0.8,0.702,0.489,1.349,0.756,1.496,0.424
2026-08-19 14:33:21.148,person,0.942,0.88,1.547,1.555,66.7,67.5,0.8,0.722,0.503,1.349,0.756,1.496,0.424
2026-08-19 14:33:21.201,person,0.942,0.88,1.547,1.555,66.7,67.5,0.8,0.722,0.503,1.349,0.756,1.496,0.424
2026-08-19 14:33:21.255,person,0.932,0.836,1.546,1.555,70.9,71.9,1.0,0.71,0.442,1.373,0.71,1.513,0.36
2026-08-19 14:33:21.256,chair,0.587,1.13,2.527,2.702,139.6,157.2,17.6,0.812,-0.786,2.523,-0.141,2.531,-0.949
2026-08-19 14:33:21.310,person,0.932,0.836,1.546,1.555,70.9,71.9,1.0,0.71,0.442,1.373,0.71,1.513,0.36
2026-08-19 14:33:21.310,chair,0.587,1.152,2.527,2.702,137.5,155.1,17.6,0.828,-0.801,2.523,-0.141,2.531,-0.949
2026-08-19 14:33:21.364,person,0.919,0.815,1.553,1.565,73.8,75.0,1.1,0.704,0.411,1.393,0.687,1.53,0.327
2026-08-19 14:33:21.418,person,0.919,0.821,1.553,1.565,73.2,74.4,1.1,0.709,0.414,1.393,0.687,1.53,0.327
2026-08-19 14:33:21.470,person,0.919,0.821,1.553,1.565,73.2,74.4,1.1,0.709,0.414,1.393,0.687,1.53,0.327
2026-08-19 14:33:21.523,person,0.891,0.832,1.689,1.698,85.7,86.5,0.8,0.681,0.478,1.501,0.775,1.645,0.42
2026-08-19 14:33:21.576,person,0.891,0.906,1.689,1.698,78.4,79.2,0.8,0.741,0.52,1.501,0.775,1.645,0.42
2026-08-19 14:33:21.630,person,0.867,0.821,1.879,1.886,105.8,106.4,0.7,0.668,0.478,1.698,0.804,1.838,0.42
2026-08-19 14:33:21.630,chair,0.623,1.137,2.527,2.702,138.9,156.5,17.6,0.817,-0.791,2.523,-0.141,2.531,-0.949
2026-08-19 14:33:21.683,person,0.867,0.974,1.879,1.886,90.5,91.1,0.7,0.792,0.567,1.698,0.804,1.838,0.42
2026-08-19 14:33:21.684,chair,0.623,1.116,2.527,2.702,141.0,158.6,17.6,0.802,-0.776,2.523,-0.141,2.531,-0.949
2026-08-19 14:33:21.736,person,0.867,0.974,1.879,1.886,90.5,91.1,0.7,0.792,0.567,1.698,0.804,1.838,0.42
2026-08-19 14:33:21.736,chair,0.623,1.116,2.527,2.702,141.0,158.6,17.6,0.802,-0.776,2.523,-0.141,2.531,-0.949
2026-08-19 14:33:21.789,person,0.938,0.729,2.36,2.354,163.1,162.5,0.6,0.597,0.419,2.202,0.849,2.323,0.383
2026-08-19 14:33:21.842,person,0.938,0.83,2.36,2.354,153.0,152.4,0.6,0.679,0.477,2.202,0.849,2.323,0.383
2026-08-19 14:33:21.896,person,0.944,0.815,2.372,2.366,155.7,155.2,0.5,0.674,0.457,2.221,0.832,2.339,0.358
2026-08-19 14:33:21.949,person,0.944,0.848,2.372,2.366,152.4,151.8,0.5,0.702,0.476,2.221,0.832,2.339,0.358
2026-08-19 14:33:22.001,person,0.944,0.848,2.372,2.366,152.4,151.8,0.5,0.702,0.476,2.221,0.832,2.339,0.358
2026-08-19 14:33:22.054,person,0.947,0.842,2.37,2.365,152.8,152.3,0.5,0.702,0.466,2.222,0.825,2.339,0.349
2026-08-19 14:33:22.055,chair,0.568,1.19,2.527,2.702,133.7,151.2,17.6,0.855,-0.828,2.523,-0.141,2.531,-0.949
2026-08-19 14:33:22.107,person,0.947,0.851,2.37,2.365,151.9,151.4,0.5,0.709,0.471,2.222,0.825,2.339,0.349
2026-08-19 14:33:22.108,chair,0.568,1.167,2.527,2.702,136.0,153.5,17.6,0.839,-0.812,2.523,-0.141,2.531,-0.949
2026-08-19 14:33:22.161,person,0.947,0.851,2.37,2.365,151.9,151.4,0.5,0.709,0.471,2.222,0.825,2.339,0.349
2026-08-19 14:33:22.161,chair,0.568,1.167,2.527,2.702,136.0,153.5,17.6,0.839,-0.812,2.523,-0.141,2.531,-0.949
2026-08-19 14:33:22.215,person,0.931,0.819,2.481,2.473,166.2,165.4,0.8,0.696,0.432,2.345,0.81,2.454,0.307
2026-08-19 14:33:22.268,person,0.931,0.842,2.481,2.473,163.9,163.2,0.8,0.715,0.444,2.345,0.81,2.454,0.307
2026-08-19 14:33:22.321,person,0.931,0.842,2.481,2.473,163.9,163.2,0.8,0.715,0.444,2.345,0.81,2.454,0.307
2026-08-19 14:33:22.375,person,0.936,0.826,2.628,2.613,180.1,178.7,1.5,0.7,0.439,2.493,0.831,2.595,0.307
2026-08-19 14:33:22.375,chair,0.669,1.148,2.527,2.702,137.8,155.4,17.6,0.825,-0.799,2.523,-0.141,2.531,-0.949
2026-08-19 14:33:22.429,person,0.936,0.836,2.628,2.613,179.2,177.7,1.5,0.708,0.444,2.493,0.831,2.595,0.307
2026-08-19 14:33:22.429,chair,0.669,1.152,2.527,2.702,137.5,155.1,17.6,0.828,-0.801,2.523,-0.141,2.531,-0.949
2026-08-19 14:33:22.481,person,0.936,0.836,2.628,2.613,179.2,177.7,1.5,0.708,0.444,2.493,0.831,2.595,0.307
2026-08-19 14:33:22.482,chair,0.669,1.152,2.527,2.702,137.5,155.1,17.6,0.828,-0.801,2.523,-0.141,2.531,-0.949
2026-08-19 14:33:22.535,person,0.942,0.78,3.15,3.102,237.0,232.2,4.8,0.631,0.458,3.005,0.944,3.081,0.356
2026-08-19 14:33:22.535,chair,0.64,1.147,2.526,2.701,137.9,155.4,17.5,0.828,-0.795,2.522,-0.139,2.53,-0.945
2026-08-19 14:33:22.588,person,0.942,0.79,3.15,3.102,236.0,231.2,4.8,0.639,0.464,3.005,0.944,3.081,0.356
2026-08-19 14:33:22.589,chair,0.64,1.163,2.526,2.701,136.4,153.9,17.5,0.839,-0.805,2.522,-0.139,2.53,-0.945
2026-08-19 14:33:22.642,person,0.938,0.771,3.2,3.15,242.9,237.8,5.0,0.635,0.438,3.063,0.926,3.133,0.323
2026-08-19 14:33:22.642,chair,0.61,1.167,2.527,2.702,136.0,153.5,17.6,0.839,-0.812,2.523,-0.141,2.531,-0.949
2026-08-19 14:33:22.695,person,0.938,0.797,3.2,3.15,240.3,235.3,5.0,0.656,0.452,3.063,0.926,3.133,0.323
2026-08-19 14:33:22.696,chair,0.61,1.175,2.527,2.702,135.2,152.8,17.6,0.844,-0.817,2.523,-0.141,2.531,-0.949
2026-08-19 14:33:22.748,person,0.938,0.797,3.2,3.15,240.3,235.3,5.0,0.656,0.452,3.063,0.926,3.133,0.323
2026-08-19 14:33:22.748,chair,0.61,1.175,2.527,2.702,135.2,152.8,17.6,0.844,-0.817,2.523,-0.141,2.531,-0.949
2026-08-19 14:33:22.802,person,0.908,0.806,3.201,3.15,239.4,234.4,5.1,0.661,0.462,3.063,0.929,3.133,0.326
2026-08-19 14:33:22.855,person,0.908,0.796,3.201,3.15,240.5,235.4,5.1,0.652,0.456,3.063,0.929,3.133,0.326
2026-08-19 14:33:22.909,person,0.861,0.783,3.228,3.175,244.5,239.2,5.2,0.646,0.443,3.091,0.93,3.159,0.322
2026-08-19 14:33:22.962,person,0.861,0.788,3.228,3.175,244.0,238.7,5.2,0.65,0.446,3.091,0.93,3.159,0.322
2026-08-19 14:33:23.014,person,0.861,0.788,3.228,3.175,244.0,238.7,5.2,0.65,0.446,3.091,0.93,3.159,0.322
2026-08-19 14:33:23.068,person,0.883,0.74,3.338,3.279,259.9,254.0,5.9,0.62,0.403,3.209,0.919,3.267,0.287
2026-08-19 14:33:23.122,person,0.883,0.787,3.338,3.279,255.2,249.3,5.9,0.66,0.429,3.209,0.919,3.267,0.287
2026-08-19 14:33:23.176,person,0.923,0.769,3.397,3.334,262.7,256.5,6.3,0.651,0.411,3.271,0.915,3.323,0.271
2026-08-19 14:33:23.229,person,0.923,0.792,3.397,3.334,260.5,254.2,6.3,0.67,0.422,3.271,0.915,3.323,0.271
2026-08-19 14:33:23.281,person,0.923,0.792,3.397,3.334,260.5,254.2,6.3,0.67,0.422,3.271,0.915,3.323,0.271
2026-08-19 14:33:23.334,person,0.931,0.798,3.398,3.334,260.0,253.7,6.4,0.665,0.441,3.268,0.93,3.322,0.29
2026-08-19 14:33:23.387,person,0.931,0.804,3.398,3.334,259.5,253.1,6.4,0.67,0.444,3.268,0.93,3.322,0.29
2026-08-19 14:33:23.443,person,0.905,0.794,3.427,3.362,263.3,256.9,6.5,0.672,0.421,3.302,0.915,3.352,0.266
2026-08-19 14:33:23.496,person,0.905,0.794,3.427,3.362,263.3,256.9,6.5,0.672,0.421,3.302,0.915,3.352,0.266
2026-08-19 14:33:23.549,person,0.914,0.787,3.458,3.391,267.1,260.3,6.7,0.665,0.421,3.333,0.922,3.38,0.269
2026-08-19 14:33:23.602,person,0.914,0.793,3.458,3.391,266.5,259.7,6.7,0.67,0.425,3.333,0.922,3.38,0.269
2026-08-19 14:33:23.655,person,0.914,0.793,3.458,3.391,266.5,259.7,6.7,0.67,0.425,3.333,0.922,3.38,0.269
2026-08-19 14:33:23.710,person,0.869,0.779,3.489,3.42,270.9,264.0,6.9,0.663,0.41,3.366,0.917,3.41,0.257
2026-08-19 14:33:23.763,person,0.869,0.779,3.489,3.42,270.9,264.0,6.9,0.663,0.41,3.366,0.917,3.41,0.257
2026-08-19 14:33:23.816,person,0.869,0.779,3.489,3.42,270.9,264.0,6.9,0.663,0.41,3.366,0.917,3.41,0.257
2026-08-19 14:33:23.869,person,0.92,0.785,3.457,3.391,267.2,260.5,6.7,0.67,0.41,3.334,0.913,3.381,0.258
2026-08-19 14:33:23.922,person,0.92,0.791,3.457,3.391,266.6,259.9,6.7,0.675,0.413,3.334,0.913,3.381,0.258
2026-08-19 14:33:24.024,person,0.92,0.791,3.457,3.391,266.6,259.9,6.7,0.675,0.413,3.334,0.913,3.381,0.258
2026-08-19 14:33:24.078,person,0.897,0.736,3.449,3.392,271.3,265.6,5.7,0.675,0.292,3.353,0.809,3.389,0.124
2026-08-19 14:33:24.131,person,0.897,0.73,3.449,3.392,271.9,266.1,5.7,0.67,0.29,3.353,0.809,3.389,0.124
2026-08-19 14:33:24.185,person,0.897,0.73,3.449,3.392,271.9,266.1,5.7,0.67,0.29,3.353,0.809,3.389,0.124
2026-08-19 14:33:24.239,person,0.939,0.715,3.444,3.399,272.9,268.4,4.6,0.696,0.162,3.372,0.702,3.399,-0.014
2026-08-19 14:33:24.292,person,0.939,0.688,3.444,3.399,275.6,271.0,4.6,0.67,0.156,3.372,0.702,3.399,-0.014
2026-08-19 14:33:24.345,person,0.939,0.688,3.444,3.399,275.6,271.0,4.6,0.67,0.156,3.372,0.702,3.399,-0.014
2026-08-19 14:33:24.398,person,0.945,0.704,3.32,3.293,261.7,258.9,2.8,0.699,0.081,3.262,0.619,3.291,-0.099
2026-08-19 14:33:24.451,person,0.945,0.714,3.32,3.293,260.6,257.8,2.8,0.71,0.083,3.262,0.619,3.291,-0.099
2026-08-19 14:33:24.504,person,0.945,0.714,3.32,3.293,260.6,257.8,2.8,0.71,0.083,3.262,0.619,3.291,-0.099
2026-08-19 14:33:24.557,person,0.958,0.754,2.945,2.952,219.1,219.8,0.7,0.754,0.007,2.9,0.511,2.947,-0.172
2026-08-19 14:33:24.610,person,0.958,0.728,2.945,2.952,221.6,222.3,0.7,0.728,0.006,2.9,0.511,2.947,-0.172
2026-08-19 14:33:24.663,person,0.958,0.728,2.945,2.952,221.6,222.3,0.7,0.728,0.006,2.9,0.511,2.947,-0.172
2026-08-19 14:33:24.717,person,0.954,0.728,2.945,2.953,221.6,222.4,0.8,0.728,-0.0,2.901,0.506,2.947,-0.179
2026-08-19 14:33:24.717,chair,0.504,1.155,2.526,2.701,137.1,154.6,17.5,0.833,-0.8,2.522,-0.139,2.53,-0.945
2026-08-19 14:33:24.770,person,0.954,0.714,2.945,2.953,223.1,223.9,0.8,0.714,-0.0,2.901,0.506,2.947,-0.179
2026-08-19 14:33:24.771,chair,0.504,1.155,2.526,2.701,137.1,154.6,17.5,0.833,-0.8,2.522,-0.139,2.53,-0.945
2026-08-19 14:33:24.824,person,0.954,0.714,2.945,2.953,223.1,223.9,0.8,0.714,-0.0,2.901,0.506,2.947,-0.179
2026-08-19 14:33:24.824,chair,0.504,1.155,2.526,2.701,137.1,154.6,17.5,0.833,-0.8,2.522,-0.139,2.53,-0.945
2026-08-19 14:33:24.877,person,0.937,0.701,2.945,2.957,224.4,225.7,1.2,0.7,-0.033,2.906,0.476,2.949,-0.217
2026-08-19 14:33:24.878,chair,0.701,1.16,2.527,2.702,136.7,154.3,17.6,0.833,-0.806,2.523,-0.141,2.531,-0.949
2026-08-19 14:33:24.930,person,0.937,0.687,2.945,2.957,225.8,227.0,1.2,0.686,-0.032,2.906,0.476,2.949,-0.217
2026-08-19 14:33:24.931,chair,0.701,1.175,2.527,2.702,135.2,152.8,17.6,0.844,-0.817,2.523,-0.141,2.531,-0.949
2026-08-19 14:33:24.985,person,0.937,0.687,2.945,2.957,225.8,227.0,1.2,0.686,-0.032,2.906,0.476,2.949,-0.217
2026-08-19 14:33:24.985,chair,0.701,1.175,2.527,2.702,135.2,152.8,17.6,0.844,-0.817,2.523,-0.141,2.531,-0.949
2026-08-19 14:33:25.038,person,0.901,0.758,2.7,2.746,194.2,198.8,4.6,0.74,-0.164,2.678,0.342,2.723,-0.349
2026-08-19 14:33:25.039,chair,0.637,1.175,2.527,2.702,135.2,152.8,17.6,0.844,-0.817,2.523,-0.141,2.531,-0.949
2026-08-19 14:33:25.095,person,0.901,0.673,2.7,2.746,202.7,207.2,4.6,0.657,-0.146,2.678,0.342,2.723,-0.349
2026-08-19 14:33:25.095,chair,0.637,1.167,2.527,2.702,136.0,153.5,17.6,0.839,-0.812,2.523,-0.141,2.531,-0.949
2026-08-19 14:33:25.148,person,0.901,0.673,2.7,2.746,202.7,207.2,4.6,0.657,-0.146,2.678,0.342,2.723,-0.349
2026-08-19 14:33:25.149,chair,0.637,1.167,2.527,2.702,136.0,153.5,17.6,0.839,-0.812,2.523,-0.141,2.531,-0.949
2026-08-19 14:33:25.202,person,0.879,0.734,2.504,2.566,177.0,183.2,6.2,0.711,-0.185,2.487,0.293,2.538,-0.379
2026-08-19 14:33:25.202,chair,0.559,1.163,2.526,2.701,136.4,153.9,17.5,0.839,-0.805,2.522,-0.139,2.53,-0.945
2026-08-19 14:33:25.256,person,0.879,0.707,2.504,2.566,179.8,186.0,6.2,0.684,-0.178,2.487,0.293,2.538,-0.379
2026-08-19 14:33:25.257,chair,0.559,1.17,2.526,2.701,135.6,153.1,17.5,0.844,-0.81,2.522,-0.139,2.53,-0.945
2026-08-19 14:33:25.311,person,0.879,0.707,2.504,2.566,179.8,186.0,6.2,0.684,-0.178,2.487,0.293,2.538,-0.379
2026-08-19 14:33:25.311,chair,0.559,1.17,2.526,2.701,135.6,153.1,17.5,0.844,-0.81,2.522,-0.139,2.53,-0.945
2026-08-19 14:33:25.364,person,0.565,0.804,2.388,2.482,158.4,167.8,9.4,0.738,-0.32,2.382,0.167,2.427,-0.523
2026-08-19 14:33:25.365,chair,0.553,1.17,2.526,2.701,135.6,153.1,17.5,0.844,-0.81,2.522,-0.139,2.53,-0.945
2026-08-19 14:33:25.417,person,0.565,0.798,2.388,2.482,159.0,168.5,9.4,0.732,-0.317,2.382,0.167,2.427,-0.523
2026-08-19 14:33:25.418,chair,0.553,1.126,2.526,2.701,140.0,157.5,17.5,0.812,-0.78,2.522,-0.139,2.53,-0.945
2026-08-19 14:33:25.471,person,0.565,0.798,2.388,2.482,159.0,168.5,9.4,0.732,-0.317,2.382,0.167,2.427,-0.523
2026-08-19 14:33:25.471,chair,0.553,1.126,2.526,2.701,140.0,157.5,17.5,0.812,-0.78,2.522,-0.139,2.53,-0.945
2026-08-19 14:33:25.525,person,0.875,0.8,2.389,2.484,158.9,168.4,9.5,0.732,-0.323,2.383,0.162,2.427,-0.529
2026-08-19 14:33:25.579,person,0.875,0.783,2.389,2.484,160.6,170.1,9.5,0.716,-0.316,2.383,0.162,2.427,-0.529
2026-08-19 14:33:25.632,person,0.875,0.783,2.389,2.484,160.6,170.1,9.5,0.716,-0.316,2.383,0.162,2.427,-0.529
2026-08-19 14:33:25.685,person,0.936,0.805,2.374,2.477,156.9,167.2,10.3,0.725,-0.35,2.371,0.134,2.412,-0.563
2026-08-19 14:33:25.685,chair,0.521,1.219,2.537,2.725,131.7,150.6,18.9,0.85,-0.875,2.53,-0.183,2.533,-1.005
2026-08-19 14:33:25.738,person,0.936,0.768,2.374,2.477,160.7,170.9,10.3,0.692,-0.333,2.371,0.134,2.412,-0.563
2026-08-19 14:33:25.738,chair,0.521,1.117,2.537,2.725,142.0,160.9,18.9,0.778,-0.801,2.53,-0.183,2.533,-1.005
2026-08-19 14:33:25.793,person,0.936,0.844,2.189,2.31,134.6,146.6,12.1,0.751,-0.385,2.187,0.086,2.232,-0.595
2026-08-19 14:33:25.846,person,0.936,0.852,2.189,2.31,133.7,145.7,12.1,0.759,-0.389,2.187,0.086,2.232,-0.595
2026-08-19 14:33:25.900,person,0.936,0.852,2.189,2.31,133.7,145.7,12.1,0.759,-0.389,2.187,0.086,2.232,-0.595
2026-08-19 14:33:25.953,person,0.951,0.843,2.046,2.193,120.2,135.0,14.7,0.723,-0.433,2.046,0.007,2.087,-0.673
2026-08-19 14:33:26.006,person,0.951,0.876,2.046,2.193,117.0,131.7,14.7,0.751,-0.45,2.046,0.007,2.087,-0.673
2026-08-19 14:33:26.061,person,0.952,0.877,1.85,2.004,97.3,112.7,15.4,0.766,-0.427,1.85,0.002,1.897,-0.646
2026-08-19 14:33:26.114,person,0.952,0.861,1.85,2.004,98.9,114.2,15.4,0.752,-0.419,1.85,0.002,1.897,-0.646
2026-08-19 14:33:26.167,person,0.952,0.861,1.85,2.004,98.9,114.2,15.4,0.752,-0.419,1.85,0.002,1.897,-0.646
2026-08-19 14:33:26.219,person,0.945,0.864,1.863,2.02,99.9,115.6,15.7,0.748,-0.432,1.863,-0.009,1.908,-0.663
2026-08-19 14:33:26.273,person,0.945,0.88,1.863,2.02,98.4,114.1,15.7,0.762,-0.44,1.863,-0.009,1.908,-0.663
2026-08-19 14:33:26.327,person,0.945,0.88,1.863,2.02,98.4,114.1,15.7,0.762,-0.44,1.863,-0.009,1.908,-0.663
2026-08-19 14:33:26.380,person,0.939,0.945,1.744,1.942,80.0,99.7,19.7,0.769,-0.548,1.74,-0.116,1.777,-0.783
2026-08-19 14:33:26.433,person,0.939,0.921,1.744,1.942,82.3,102.0,19.7,0.75,-0.535,1.74,-0.116,1.777,-0.783
2026-08-19 14:33:26.486,person,0.939,0.921,1.744,1.942,82.3,102.0,19.7,0.75,-0.535,1.74,-0.116,1.777,-0.783
2026-08-19 14:33:26.539,person,0.862,1.003,1.825,2.062,82.2,105.8,23.7,0.746,-0.671,1.81,-0.229,1.833,-0.945
2026-08-19 14:33:26.593,person,0.862,0.752,1.825,2.062,107.2,130.9,23.7,0.56,-0.503,1.81,-0.229,1.833,-0.945
2026-08-19 14:33:26.645,person,0.862,0.752,1.825,2.062,107.2,130.9,23.7,0.56,-0.503,1.81,-0.229,1.833,-0.945
2026-08-19 14:33:26.699,person,0.932,0.937,1.182,1.43,24.5,49.3,24.8,0.781,-0.518,1.168,-0.182,1.204,-0.772
2026-08-19 14:33:26.752,person,0.932,0.912,1.182,1.43,27.0,51.8,24.8,0.76,-0.504,1.168,-0.182,1.204,-0.772
2026-08-19 14:33:26.805,person,0.843,0.955,1.191,1.468,23.6,51.3,27.6,0.764,-0.573,1.166,-0.243,1.195,-0.853
2026-08-19 14:33:26.805,chair,0.606,0.725,2.708,3.023,198.3,229.8,31.5,0.373,-0.622,2.649,-0.56,2.611,-1.522
2026-08-19 14:33:26.859,person,0.843,0.952,1.191,1.468,24.0,51.6,27.6,0.761,-0.572,1.166,-0.243,1.195,-0.853
2026-08-19 14:33:26.860,chair,0.606,0.681,2.708,3.023,202.7,234.2,31.5,0.35,-0.584,2.649,-0.56,2.611,-1.522
2026-08-19 14:33:26.914,person,0.843,0.952,1.191,1.468,24.0,51.6,27.6,0.761,-0.572,1.166,-0.243,1.195,-0.853
2026-08-19 14:33:26.914,chair,0.606,0.681,2.708,3.023,202.7,234.2,31.5,0.35,-0.584,2.649,-0.56,2.611,-1.522
2026-08-19 14:33:26.969,person,0.944,1.092,1.226,1.556,13.4,46.4,33.0,0.805,-0.738,1.173,-0.357,1.187,-1.007
2026-08-19 14:33:27.022,person,0.944,1.069,1.226,1.556,15.7,48.8,33.0,0.788,-0.722,1.173,-0.357,1.187,-1.007
2026-08-19 14:33:27.076,person,0.95,1.081,1.179,1.511,9.7,43.0,33.2,0.804,-0.723,1.124,-0.353,1.139,-0.993
2026-08-19 14:33:27.132,person,0.95,1.018,1.179,1.511,16.1,49.4,33.2,0.757,-0.68,1.124,-0.353,1.139,-0.993
2026-08-19 14:33:27.184,person,0.95,1.018,1.179,1.511,16.1,49.4,33.2,0.757,-0.68,1.124,-0.353,1.139,-0.993
2026-08-19 14:33:27.238,person,0.959,1.01,1.224,1.559,21.4,54.8,33.4,0.742,-0.686,1.169,-0.365,1.182,-1.016
2026-08-19 14:33:27.291,person,0.959,1.083,1.224,1.559,14.1,47.5,33.4,0.795,-0.736,1.169,-0.365,1.182,-1.016
2026-08-19 14:33:27.345,person,0.957,1.091,1.226,1.562,13.5,47.1,33.6,0.798,-0.744,1.169,-0.369,1.182,-1.022
2026-08-19 14:33:27.400,person,0.957,1.075,1.226,1.562,15.1,48.7,33.6,0.786,-0.733,1.169,-0.369,1.182,-1.022
2026-08-19 14:33:27.453,person,0.957,1.075,1.226,1.562,15.1,48.7,33.6,0.786,-0.733,1.169,-0.369,1.182,-1.022
2026-08-19 14:33:27.507,person,0.934,1.114,1.218,1.563,10.4,44.9,34.5,0.807,-0.769,1.156,-0.385,1.166,-1.041
2026-08-19 14:33:27.507,chair,0.531,0.577,2.606,2.915,202.8,233.8,30.9,0.308,-0.488,2.551,-0.528,2.52,-1.464
2026-08-19 14:33:27.560,person,0.934,0.942,1.218,1.563,27.6,62.1,34.5,0.682,-0.65,1.156,-0.385,1.166,-1.041
2026-08-19 14:33:27.561,chair,0.531,1.472,2.606,2.915,113.4,144.3,30.9,0.785,-1.245,2.551,-0.528,2.52,-1.464
2026-08-19 14:33:28.781,tv,0.561,1.338,8.107,8.31,677.0,697.2,20.3,0.166,-1.327,7.875,-1.928,7.259,-4.046
2026-08-19 14:33:28.833,tv,0.561,1.483,8.107,8.31,662.4,682.6,20.3,0.184,-1.472,7.875,-1.928,7.259,-4.046
2026-08-19 14:33:30.745,tv,0.637,1.502,8.107,8.31,660.6,680.8,20.3,0.186,-1.49,7.875,-1.928,7.259,-4.046
2026-08-19 14:33:30.799,tv,0.637,1.36,8.107,8.31,674.7,695.0,20.3,0.168,-1.349,7.875,-1.928,7.259,-4.046
2026-08-19 14:33:30.851,tv,0.637,1.36,8.107,8.31,674.7,695.0,20.3,0.168,-1.349,7.875,-1.928,7.259,-4.046
2026-08-19 14:33:30.905,tv,0.67,1.36,8.107,8.31,674.7,695.0,20.3,0.168,-1.349,7.875,-1.928,7.259,-4.046
2026-08-19 14:33:30.959,tv,0.67,1.383,8.107,8.31,672.4,692.7,20.3,0.171,-1.372,7.875,-1.928,7.259,-4.046
2026-08-19 14:33:31.012,tv,0.67,1.383,8.107,8.31,672.4,692.7,20.3,0.171,-1.372,7.875,-1.928,7.259,-4.046
2026-08-19 14:33:31.066,tv,0.627,1.381,8.113,8.32,673.2,694.0,20.7,0.17,-1.37,7.878,-1.94,7.261,-4.063
2026-08-19 14:33:31.119,tv,0.627,1.381,8.113,8.32,673.2,694.0,20.7,0.17,-1.37,7.878,-1.94,7.261,-4.063
2026-08-19 14:33:31.553,tv,0.648,1.368,8.107,8.31,674.0,694.2,20.3,0.169,-1.357,7.875,-1.928,7.259,-4.046
2026-08-19 14:33:31.606,tv,0.648,1.391,8.107,8.31,671.6,691.9,20.3,0.172,-1.38,7.875,-1.928,7.259,-4.046
2026-08-19 14:33:31.660,tv,0.648,1.391,8.107,8.31,671.6,691.9,20.3,0.172,-1.38,7.875,-1.928,7.259,-4.046
2026-08-19 14:33:31.927,tv,0.568,1.368,8.107,8.31,674.0,694.2,20.3,0.169,-1.357,7.875,-1.928,7.259,-4.046
2026-08-19 14:33:31.982,tv,0.568,1.36,8.107,8.31,674.7,695.0,20.3,0.168,-1.349,7.875,-1.928,7.259,-4.046
2026-08-19 14:33:32.035,tv,0.568,1.36,8.107,8.31,674.7,695.0,20.3,0.168,-1.349,7.875,-1.928,7.259,-4.046
2026-08-19 14:33:32.405,tv,0.534,1.368,8.11,8.315,674.3,694.8,20.5,0.169,-1.357,7.876,-1.934,7.26,-4.054
2026-08-19 14:33:32.458,tv,0.534,1.483,8.11,8.315,662.7,683.2,20.5,0.184,-1.472,7.876,-1.934,7.26,-4.054
2026-08-19 14:33:33.528,tv,0.505,1.405,8.113,8.32,670.9,691.6,20.7,0.173,-1.394,7.878,-1.94,7.261,-4.063
2026-08-19 14:33:33.582,tv,0.505,1.437,8.113,8.32,667.6,688.3,20.7,0.177,-1.426,7.878,-1.94,7.261,-4.063
2026-08-19 14:33:33.635,tv,0.505,1.437,8.113,8.32,667.6,688.3,20.7,0.177,-1.426,7.878,-1.94,7.261,-4.063
2026-08-19 14:33:35.230,tv,0.526,1.336,8.113,8.32,677.8,698.5,20.7,0.165,-1.325,7.878,-1.94,7.261,-4.063
2026-08-19 14:33:35.284,tv,0.526,1.397,8.113,8.32,671.7,692.4,20.7,0.172,-1.386,7.878,-1.94,7.261,-4.063
2026-08-19 14:33:36.350,tv,0.588,1.383,8.107,8.31,672.4,692.7,20.3,0.171,-1.372,7.875,-1.928,7.259,-4.046
2026-08-19 14:33:36.403,tv,0.588,1.383,8.107,8.31,672.4,692.7,20.3,0.171,-1.372,7.875,-1.928,7.259,-4.046
2026-08-19 14:33:36.456,tv,0.588,1.383,8.107,8.31,672.4,692.7,20.3,0.171,-1.372,7.875,-1.928,7.259,-4.046
2026-08-19 14:33:36.776,tv,0.548,1.373,8.113,8.32,674.0,694.7,20.7,0.169,-1.363,7.878,-1.94,7.261,-4.063
2026-08-19 14:33:36.830,tv,0.548,1.381,8.113,8.32,673.2,694.0,20.7,0.17,-1.37,7.878,-1.94,7.261,-4.063
2026-08-19 14:33:37.149,tv,0.511,1.415,8.11,8.315,669.5,690.0,20.5,0.175,-1.404,7.876,-1.934,7.26,-4.054
2026-08-19 14:33:37.202,tv,0.511,1.466,8.11,8.315,664.5,684.9,20.5,0.182,-1.454,7.876,-1.934,7.26,-4.054
2026-08-19 14:33:37.257,tv,0.511,1.466,8.11,8.315,664.5,684.9,20.5,0.182,-1.454,7.876,-1.934,7.26,-4.054
2026-08-19 14:33:37.721,tv,0.539,1.365,8.113,8.32,674.8,695.5,20.7,0.168,-1.355,7.878,-1.94,7.261,-4.063
2026-08-19 14:33:37.776,tv,0.539,1.328,8.113,8.32,678.5,699.2,20.7,0.164,-1.318,7.878,-1.94,7.261,-4.063
2026-08-19 14:33:38.863,tv,0.556,1.33,8.107,8.31,677.7,698.0,20.3,0.165,-1.32,7.875,-1.928,7.259,-4.046
2026-08-19 14:33:38.918,tv,0.556,1.323,8.107,8.31,678.4,698.7,20.3,0.164,-1.313,7.875,-1.928,7.259,-4.046
2026-08-19 14:33:40.879,tv,0.65,1.458,7.973,8.189,651.5,673.1,21.6,0.186,-1.446,7.743,-1.903,7.147,-3.998
2026-08-19 14:33:40.933,tv,0.65,1.353,7.973,8.189,662.0,683.6,21.6,0.173,-1.342,7.743,-1.903,7.147,-3.998
2026-08-19 14:33:42.132,tv,0.517,1.345,8.107,8.31,676.2,696.5,20.3,0.167,-1.335,7.875,-1.928,7.259,-4.046
2026-08-19 14:33:42.187,tv,0.517,1.345,8.107,8.31,676.2,696.5,20.3,0.167,-1.335,7.875,-1.928,7.259,-4.046
2026-08-19 14:33:43.439,tv,0.684,1.352,8.107,8.31,675.5,695.8,20.3,0.168,-1.342,7.875,-1.928,7.259,-4.046
2026-08-19 14:33:43.495,tv,0.684,1.338,8.107,8.31,677.0,697.2,20.3,0.166,-1.327,7.875,-1.928,7.259,-4.046
2026-08-19 14:33:46.093,tv,0.514,1.309,8.107,8.31,679.8,700.1,20.3,0.162,-1.299,7.875,-1.928,7.259,-4.046
2026-08-19 14:33:46.158,tv,0.514,1.352,8.107,8.31,675.5,695.8,20.3,0.168,-1.342,7.875,-1.928,7.259,-4.046
2026-08-19 14:33:46.214,tv,0.514,1.352,8.107,8.31,675.5,695.8,20.3,0.168,-1.342,7.875,-1.928,7.259,-4.046
2026-08-19 14:33:47.910,tv,0.526,1.365,8.113,8.32,674.8,695.5,20.7,0.168,-1.355,7.878,-1.94,7.261,-4.063
2026-08-19 14:33:47.965,tv,0.526,1.381,8.113,8.32,673.2,694.0,20.7,0.17,-1.37,7.878,-1.94,7.261,-4.063
2026-08-19 14:33:48.018,tv,0.526,1.381,8.113,8.32,673.2,694.0,20.7,0.17,-1.37,7.878,-1.94,7.261,-4.063
2026-08-19 14:33:48.183,tv,0.512,1.44,8.107,8.31,666.8,687.0,20.3,0.178,-1.429,7.875,-1.928,7.259,-4.046
2026-08-19 14:33:48.240,tv,0.512,1.338,8.107,8.31,677.0,697.2,20.3,0.166,-1.327,7.875,-1.928,7.259,-4.046
2026-08-19 14:33:48.293,tv,0.512,1.338,8.107,8.31,677.0,697.2,20.3,0.166,-1.327,7.875,-1.928,7.259,-4.046
2026-08-19 14:33:48.512,tv,0.556,1.408,7.97,8.184,656.3,677.6,21.3,0.18,-1.396,7.741,-1.897,7.145,-3.989
2026-08-19 14:33:48.569,tv,0.556,1.346,7.97,8.184,662.5,683.8,21.3,0.172,-1.335,7.741,-1.897,7.145,-3.989
2026-08-19 14:33:48.621,tv,0.556,1.346,7.97,8.184,662.5,683.8,21.3,0.172,-1.335,7.741,-1.897,7.145,-3.989
2026-08-19 14:33:48.675,tv,0.591,1.35,8.113,8.32,676.3,697.0,20.7,0.167,-1.34,7.878,-1.94,7.261,-4.063
2026-08-19 14:33:48.732,tv,0.591,1.321,8.113,8.32,679.2,699.9,20.7,0.163,-1.311,7.878,-1.94,7.261,-4.063
2026-08-19 14:33:48.786,tv,0.559,1.321,8.113,8.32,679.2,699.9,20.7,0.163,-1.311,7.878,-1.94,7.261,-4.063
2026-08-19 14:33:48.842,tv,0.559,1.405,8.113,8.32,670.9,691.6,20.7,0.173,-1.394,7.878,-1.94,7.261,-4.063
2026-08-19 14:33:48.896,tv,0.559,1.405,8.113,8.32,670.9,691.6,20.7,0.173,-1.394,7.878,-1.94,7.261,-4.063
2026-08-19 14:33:49.111,tv,0.541,1.323,8.11,8.315,678.7,699.2,20.5,0.164,-1.313,7.876,-1.934,7.26,-4.054
2026-08-19 14:33:49.165,tv,0.541,1.316,8.11,8.315,679.4,699.9,20.5,0.163,-1.306,7.876,-1.934,7.26,-4.054
2026-08-19 14:33:49.218,tv,0.541,1.316,8.11,8.315,679.4,699.9,20.5,0.163,-1.306,7.876,-1.934,7.26,-4.054
2026-08-19 14:33:49.698,tv,0.596,1.381,7.976,8.194,659.4,681.2,21.8,0.176,-1.37,7.744,-1.909,7.148,-4.006
2026-08-19 14:33:49.752,tv,0.596,1.381,7.976,8.194,659.4,681.2,21.8,0.176,-1.37,7.744,-1.909,7.148,-4.006
2026-08-19 14:33:49.806,tv,0.596,1.381,7.976,8.194,659.4,681.2,21.8,0.176,-1.37,7.744,-1.909,7.148,-4.006
2026-08-19 14:33:50.138,tv,0.517,1.375,8.11,8.315,673.5,694.0,20.5,0.17,-1.364,7.876,-1.934,7.26,-4.054
2026-08-19 14:33:50.191,tv,0.517,1.52,8.11,8.315,659.0,679.5,20.5,0.188,-1.509,7.876,-1.934,7.26,-4.054
2026-08-19 14:33:50.246,tv,0.517,1.52,8.11,8.315,659.0,679.5,20.5,0.188,-1.509,7.876,-1.934,7.26,-4.054
2026-08-19 14:33:50.299,tv,0.606,1.517,8.113,8.32,659.6,680.3,20.7,0.187,-1.505,7.878,-1.94,7.261,-4.063
2026-08-19 14:33:50.353,tv,0.606,1.35,8.113,8.32,676.3,697.0,20.7,0.167,-1.34,7.878,-1.94,7.261,-4.063
2026-08-19 14:33:50.407,tv,0.606,1.35,8.113,8.32,676.3,697.0,20.7,0.167,-1.34,7.878,-1.94,7.261,-4.063
2026-08-19 14:33:50.460,tv,0.556,1.353,7.97,8.184,661.7,683.1,21.3,0.173,-1.342,7.741,-1.897,7.145,-3.989
2026-08-19 14:33:50.515,tv,0.556,1.324,7.97,8.184,664.6,686.0,21.3,0.169,-1.313,7.741,-1.897,7.145,-3.989
2026-08-19 14:33:50.568,tv,0.556,1.324,7.97,8.184,664.6,686.0,21.3,0.169,-1.313,7.741,-1.897,7.145,-3.989
2026-08-19 14:33:50.622,tv,0.572,1.323,8.11,8.315,678.7,699.2,20.5,0.164,-1.313,7.876,-1.934,7.26,-4.054
2026-08-19 14:33:50.676,tv,0.572,1.316,8.11,8.315,679.4,699.9,20.5,0.163,-1.306,7.876,-1.934,7.26,-4.054
2026-08-19 14:33:51.157,tv,0.544,1.33,8.11,8.315,678.0,698.5,20.5,0.165,-1.32,7.876,-1.934,7.26,-4.054
2026-08-19 14:33:51.210,tv,0.544,1.399,8.11,8.315,671.1,691.6,20.5,0.173,-1.388,7.876,-1.934,7.26,-4.054
2026-08-19 14:33:51.263,tv,0.59,1.41,8.116,8.325,670.6,691.5,20.9,0.173,-1.4,7.879,-1.947,7.262,-4.071
2026-08-19 14:33:51.317,tv,0.59,1.386,8.116,8.325,673.0,693.9,20.9,0.17,-1.376,7.879,-1.947,7.262,-4.071
2026-08-19 14:33:51.370,tv,0.59,1.386,8.116,8.325,673.0,693.9,20.9,0.17,-1.376,7.879,-1.947,7.262,-4.071
2026-08-19 14:33:51.426,tv,0.704,1.389,7.976,8.194,658.6,680.4,21.8,0.177,-1.378,7.744,-1.909,7.148,-4.006
2026-08-19 14:33:51.479,tv,0.704,1.344,7.976,8.194,663.2,685.0,21.8,0.171,-1.333,7.744,-1.909,7.148,-4.006
2026-08-19 14:33:51.693,tv,0.662,1.365,8.113,8.32,674.8,695.5,20.7,0.168,-1.355,7.878,-1.94,7.261,-4.063
2026-08-19 14:33:51.746,tv,0.662,1.373,8.113,8.32,674.0,694.7,20.7,0.169,-1.363,7.878,-1.94,7.261,-4.063
2026-08-19 14:33:52.145,tv,0.503,1.405,8.113,8.32,670.9,691.6,20.7,0.173,-1.394,7.878,-1.94,7.261,-4.063
2026-08-19 14:33:52.200,tv,0.503,1.421,8.113,8.32,669.3,690.0,20.7,0.175,-1.41,7.878,-1.94,7.261,-4.063
2026-08-19 14:33:52.255,tv,0.503,1.421,8.113,8.32,669.3,690.0,20.7,0.175,-1.41,7.878,-1.94,7.261,-4.063
2026-08-19 14:33:52.745,tv,0.537,1.405,8.113,8.32,670.9,691.6,20.7,0.173,-1.394,7.878,-1.94,7.261,-4.063
2026-08-19 14:33:52.799,tv,0.537,1.336,8.113,8.32,677.8,698.5,20.7,0.165,-1.325,7.878,-1.94,7.261,-4.063
2026-08-19 14:33:52.854,tv,0.537,1.336,8.113,8.32,677.8,698.5,20.7,0.165,-1.325,7.878,-1.94,7.261,-4.063
2026-08-19 14:33:53.184,tv,0.524,1.35,8.113,8.32,676.3,697.0,20.7,0.167,-1.34,7.878,-1.94,7.261,-4.063
2026-08-19 14:33:53.237,tv,0.524,1.354,8.113,8.32,675.9,696.6,20.7,0.167,-1.344,7.878,-1.94,7.261,-4.063
2026-08-19 14:33:53.290,tv,0.524,1.354,8.113,8.32,675.9,696.6,20.7,0.167,-1.344,7.878,-1.94,7.261,-4.063
2026-08-19 14:33:53.345,tv,0.762,1.351,7.976,8.194,662.5,684.3,21.8,0.172,-1.34,7.744,-1.909,7.148,-4.006
2026-08-19 14:33:53.399,tv,0.762,1.344,7.976,8.194,663.2,685.0,21.8,0.171,-1.333,7.744,-1.909,7.148,-4.006
2026-08-19 14:33:53.454,tv,0.762,1.344,7.976,8.194,663.2,685.0,21.8,0.171,-1.333,7.744,-1.909,7.148,-4.006
2026-08-19 14:33:53.722,tv,0.555,1.338,8.11,8.315,677.2,697.7,20.5,0.166,-1.327,7.876,-1.934,7.26,-4.054
2026-08-19 14:33:53.775,tv,0.555,1.36,8.11,8.315,675.0,695.5,20.5,0.168,-1.349,7.876,-1.934,7.26,-4.054
2026-08-19 14:33:53.830,tv,0.555,1.36,8.11,8.315,675.0,695.5,20.5,0.168,-1.349,7.876,-1.934,7.26,-4.054
2026-08-19 14:33:53.884,tv,0.597,1.363,8.116,8.325,675.3,696.2,20.9,0.168,-1.353,7.879,-1.947,7.262,-4.071
2026-08-19 14:33:53.938,tv,0.597,1.349,8.116,8.325,676.7,697.7,20.9,0.166,-1.338,7.879,-1.947,7.262,-4.071
2026-08-19 14:33:53.991,tv,0.597,1.349,8.116,8.325,676.7,697.7,20.9,0.166,-1.338,7.879,-1.947,7.262,-4.071
2026-08-19 14:33:54.046,tv,0.519,1.349,8.116,8.325,676.7,697.7,20.9,0.166,-1.338,7.879,-1.947,7.262,-4.071
2026-08-19 14:33:54.100,tv,0.519,1.443,8.116,8.325,667.3,688.2,20.9,0.177,-1.432,7.879,-1.947,7.262,-4.071
2026-08-19 14:33:54.159,tv,0.561,1.437,8.113,8.32,667.6,688.3,20.7,0.177,-1.426,7.878,-1.94,7.261,-4.063
2026-08-19 14:33:54.214,tv,0.561,1.336,8.113,8.32,677.8,698.5,20.7,0.165,-1.325,7.878,-1.94,7.261,-4.063
2026-08-19 14:33:54.284,tv,0.561,1.336,8.113,8.32,677.8,698.5,20.7,0.165,-1.325,7.878,-1.94,7.261,-4.063
2026-08-19 14:33:54.340,tv,0.606,1.336,8.113,8.32,677.8,698.5,20.7,0.165,-1.325,7.878,-1.94,7.261,-4.063
2026-08-19 14:33:54.393,tv,0.606,1.336,8.113,8.32,677.8,698.5,20.7,0.165,-1.325,7.878,-1.94,7.261,-4.063
2026-08-19 14:33:54.447,tv,0.606,1.336,8.113,8.32,677.8,698.5,20.7,0.165,-1.325,7.878,-1.94,7.261,-4.063
2026-08-19 14:33:54.682,tv,0.68,1.351,7.976,8.194,662.5,684.3,21.8,0.172,-1.34,7.744,-1.909,7.148,-4.006
2026-08-19 14:33:54.735,tv,0.68,1.344,7.976,8.194,663.2,685.0,21.8,0.171,-1.333,7.744,-1.909,7.148,-4.006
2026-08-19 14:33:54.789,tv,0.68,1.344,7.976,8.194,663.2,685.0,21.8,0.171,-1.333,7.744,-1.909,7.148,-4.006
2026-08-19 14:33:54.843,tv,0.507,1.341,8.116,8.325,677.5,698.4,20.9,0.165,-1.331,7.879,-1.947,7.262,-4.071
2026-08-19 14:33:54.897,tv,0.507,1.327,8.116,8.325,678.9,699.9,20.9,0.163,-1.316,7.879,-1.947,7.262,-4.071
2026-08-19 14:33:54.952,tv,0.507,1.327,8.116,8.325,678.9,699.9,20.9,0.163,-1.316,7.879,-1.947,7.262,-4.071
2026-08-19 14:33:55.325,tv,0.56,1.381,8.113,8.32,673.2,694.0,20.7,0.17,-1.37,7.878,-1.94,7.261,-4.063
2026-08-19 14:33:55.378,tv,0.56,1.365,8.113,8.32,674.8,695.5,20.7,0.168,-1.355,7.878,-1.94,7.261,-4.063
2026-08-19 14:33:55.432,tv,0.51,1.371,8.116,8.325,674.5,695.4,20.9,0.168,-1.361,7.879,-1.947,7.262,-4.071
2026-08-19 14:33:55.490,tv,0.51,1.32,8.116,8.325,679.6,700.6,20.9,0.162,-1.31,7.879,-1.947,7.262,-4.071
2026-08-19 14:33:55.543,tv,0.51,1.32,8.116,8.325,679.6,700.6,20.9,0.162,-1.31,7.879,-1.947,7.262,-4.071
2026-08-19 14:33:55.703,tv,0.528,1.379,8.116,8.325,673.7,694.7,20.9,0.169,-1.368,7.879,-1.947,7.262,-4.071
2026-08-19 14:33:55.757,tv,0.528,1.356,8.116,8.325,676.0,697.0,20.9,0.167,-1.346,7.879,-1.947,7.262,-4.071
2026-08-19 14:33:55.810,tv,0.528,1.356,8.116,8.325,676.0,697.0,20.9,0.167,-1.346,7.879,-1.947,7.262,-4.071
2026-08-19 14:33:55.971,tv,0.533,1.365,8.113,8.32,674.8,695.5,20.7,0.168,-1.355,7.878,-1.94,7.261,-4.063
2026-08-19 14:33:56.025,tv,0.533,1.328,8.113,8.32,678.5,699.2,20.7,0.164,-1.318,7.878,-1.94,7.261,-4.063
2026-08-19 14:33:56.078,tv,0.533,1.328,8.113,8.32,678.5,699.2,20.7,0.164,-1.318,7.878,-1.94,7.261,-4.063
2026-08-19 14:33:56.132,tv,0.501,1.328,8.113,8.32,678.5,699.2,20.7,0.164,-1.318,7.878,-1.94,7.261,-4.063
2026-08-19 14:33:56.187,tv,0.501,1.48,8.113,8.32,663.3,684.0,20.7,0.183,-1.469,7.878,-1.94,7.261,-4.063
2026-08-19 14:33:56.240,tv,0.514,1.486,8.116,8.325,663.0,683.9,20.9,0.183,-1.475,7.879,-1.947,7.262,-4.071
2026-08-19 14:33:56.296,tv,0.514,1.426,8.116,8.325,669.0,689.9,20.9,0.175,-1.415,7.879,-1.947,7.262,-4.071
2026-08-19 14:33:56.349,tv,0.514,1.426,8.116,8.325,669.0,689.9,20.9,0.175,-1.415,7.879,-1.947,7.262,-4.071
2026-08-19 14:33:56.680,tv,0.61,1.343,8.113,8.32,677.0,697.7,20.7,0.166,-1.333,7.878,-1.94,7.261,-4.063
2026-08-19 14:33:56.733,tv,0.61,1.35,8.113,8.32,676.3,697.0,20.7,0.167,-1.34,7.878,-1.94,7.261,-4.063
2026-08-19 14:33:56.787,tv,0.61,1.35,8.113,8.32,676.3,697.0,20.7,0.167,-1.34,7.878,-1.94,7.261,-4.063
2026-08-19 14:33:56.841,tv,0.541,1.356,8.116,8.325,676.0,697.0,20.9,0.167,-1.346,7.879,-1.947,7.262,-4.071
2026-08-19 14:33:56.894,tv,0.541,1.426,8.116,8.325,669.0,689.9,20.9,0.175,-1.415,7.879,-1.947,7.262,-4.071
2026-08-19 14:33:56.947,tv,0.541,1.426,8.116,8.325,669.0,689.9,20.9,0.175,-1.415,7.879,-1.947,7.262,-4.071
2026-08-19 14:33:57.379,tv,0.669,1.421,8.113,8.32,669.3,690.0,20.7,0.175,-1.41,7.878,-1.94,7.261,-4.063
2026-08-19 14:33:57.433,tv,0.669,1.328,8.113,8.32,678.5,699.2,20.7,0.164,-1.318,7.878,-1.94,7.261,-4.063
2026-08-19 14:33:57.486,tv,0.669,1.328,8.113,8.32,678.5,699.2,20.7,0.164,-1.318,7.878,-1.94,7.261,-4.063
2026-08-19 14:33:57.540,tv,0.61,1.328,8.113,8.32,678.5,699.2,20.7,0.164,-1.318,7.878,-1.94,7.261,-4.063
2026-08-19 14:33:57.594,tv,0.61,1.413,8.113,8.32,670.1,690.8,20.7,0.174,-1.402,7.878,-1.94,7.261,-4.063
2026-08-19 14:33:57.809,tv,0.556,1.405,8.113,8.32,670.9,691.6,20.7,0.173,-1.394,7.878,-1.94,7.261,-4.063
2026-08-19 14:33:57.862,tv,0.556,1.343,8.113,8.32,677.0,697.7,20.7,0.166,-1.333,7.878,-1.94,7.261,-4.063
2026-08-19 14:33:58.186,tv,0.59,1.356,7.979,8.199,662.2,684.2,22.0,0.172,-1.346,7.745,-1.915,7.149,-4.015
2026-08-19 14:33:58.239,tv,0.59,1.427,7.979,8.199,655.2,677.2,22.0,0.181,-1.415,7.745,-1.915,7.149,-4.015
2026-08-19 14:33:58.305,tv,0.59,1.427,7.979,8.199,655.2,677.2,22.0,0.181,-1.415,7.745,-1.915,7.149,-4.015
2026-08-19 14:33:58.361,tv,0.536,1.418,8.116,8.325,669.8,690.7,20.9,0.174,-1.407,7.879,-1.947,7.262,-4.071
2026-08-19 14:33:58.414,tv,0.536,1.334,8.116,8.325,678.2,699.2,20.9,0.164,-1.324,7.879,-1.947,7.262,-4.071
2026-08-19 14:33:58.468,tv,0.536,1.334,8.116,8.325,678.2,699.2,20.9,0.164,-1.324,7.879,-1.947,7.262,-4.071
2026-08-19 14:33:58.960,tv,0.5,1.451,8.116,8.325,666.4,687.4,20.9,0.178,-1.44,7.879,-1.947,7.262,-4.071
2026-08-19 14:33:59.013,tv,0.5,1.418,8.116,8.325,669.8,690.7,20.9,0.174,-1.407,7.879,-1.947,7.262,-4.071
2026-08-19 14:33:59.336,tv,0.689,1.372,7.979,8.199,660.7,682.7,22.0,0.174,-1.361,7.745,-1.915,7.149,-4.015
2026-08-19 14:33:59.391,tv,0.689,1.356,7.979,8.199,662.2,684.2,22.0,0.172,-1.346,7.745,-1.915,7.149,-4.015
2026-08-19 14:33:59.444,tv,0.689,1.356,7.979,8.199,662.2,684.2,22.0,0.172,-1.346,7.745,-1.915,7.149,-4.015
2026-08-19 14:33:59.498,tv,0.567,1.356,8.116,8.325,676.0,697.0,20.9,0.167,-1.346,7.879,-1.947,7.262,-4.071
2026-08-19 14:33:59.553,tv,0.567,1.371,8.116,8.325,674.5,695.4,20.9,0.168,-1.361,7.879,-1.947,7.262,-4.071
2026-08-19 14:33:59.607,tv,0.578,1.365,8.113,8.32,674.8,695.5,20.7,0.168,-1.355,7.878,-1.94,7.261,-4.063
2026-08-19 14:33:59.663,tv,0.578,1.397,8.113,8.32,671.7,692.4,20.7,0.172,-1.386,7.878,-1.94,7.261,-4.063
2026-08-19 14:33:59.717,tv,0.578,1.397,8.113,8.32,671.7,692.4,20.7,0.172,-1.386,7.878,-1.94,7.261,-4.063
2026-08-19 14:33:59.771,tv,0.577,1.397,8.113,8.32,671.7,692.4,20.7,0.172,-1.386,7.878,-1.94,7.261,-4.063
2026-08-19 14:33:59.825,tv,0.577,1.413,8.113,8.32,670.1,690.8,20.7,0.174,-1.402,7.878,-1.94,7.261,-4.063
2026-08-19 14:33:59.879,tv,0.577,1.413,8.113,8.32,670.1,690.8,20.7,0.174,-1.402,7.878,-1.94,7.261,-4.063
2026-08-19 14:34:00.093,tv,0.73,1.363,8.122,8.336,675.8,697.2,21.4,0.168,-1.353,7.882,-1.96,7.264,-4.089
2026-08-19 14:34:00.160,tv,0.73,1.349,8.122,8.336,677.3,698.7,21.4,0.166,-1.338,7.882,-1.96,7.264,-4.089
2026-08-19 14:34:00.217,tv,0.58,1.349,8.119,8.331,677.0,698.2,21.2,0.166,-1.338,7.88,-1.953,7.263,-4.08
2026-08-19 14:34:00.270,tv,0.58,1.435,8.119,8.331,668.4,689.6,21.2,0.176,-1.424,7.88,-1.953,7.263,-4.08
2026-08-19 14:34:00.324,tv,0.58,1.435,8.119,8.331,668.4,689.6,21.2,0.176,-1.424,7.88,-1.953,7.263,-4.08
2026-08-19 14:34:00.379,tv,0.647,1.443,8.116,8.325,667.3,688.2,20.9,0.177,-1.432,7.879,-1.947,7.262,-4.071
2026-08-19 14:34:00.432,tv,0.647,1.41,8.116,8.325,670.6,691.5,20.9,0.173,-1.4,7.879,-1.947,7.262,-4.071
2026-08-19 14:34:00.486,tv,0.647,1.41,8.116,8.325,670.6,691.5,20.9,0.173,-1.4,7.879,-1.947,7.262,-4.071
2026-08-19 14:34:00.540,tv,0.618,1.411,7.979,8.199,656.8,678.8,22.0,0.179,-1.4,7.745,-1.915,7.149,-4.015
2026-08-19 14:34:00.594,tv,0.618,1.444,7.979,8.199,653.5,675.5,22.0,0.183,-1.432,7.745,-1.915,7.149,-4.015
2026-08-19 14:34:00.649,tv,0.618,1.444,7.979,8.199,653.5,675.5,22.0,0.183,-1.432,7.745,-1.915,7.149,-4.015
2026-08-19 14:34:00.810,tv,0.65,1.469,7.979,8.199,650.9,672.9,22.0,0.186,-1.458,7.745,-1.915,7.149,-4.015
2026-08-19 14:34:00.810,couch,0.506,,13.143,11.618,,,152.5,,,13.139,-0.321,11.302,-2.693
2026-08-19 14:34:00.865,tv,0.65,1.419,7.979,8.199,656.0,678.0,22.0,0.18,-1.407,7.745,-1.915,7.149,-4.015
2026-08-19 14:34:00.865,couch,0.506,,13.143,11.618,,,152.5,,,13.139,-0.321,11.302,-2.693
2026-08-19 14:34:00.920,tv,0.65,1.419,7.979,8.199,656.0,678.0,22.0,0.18,-1.407,7.745,-1.915,7.149,-4.015
2026-08-19 14:34:00.920,couch,0.506,,13.143,11.618,,,152.5,,,13.139,-0.321,11.302,-2.693
2026-08-19 14:34:01.079,tv,0.609,1.461,7.984,8.209,652.3,674.8,22.5,0.185,-1.449,7.748,-1.928,7.151,-4.031
2026-08-19 14:34:01.153,tv,0.609,1.411,7.984,8.209,657.3,679.8,22.5,0.179,-1.4,7.748,-1.928,7.151,-4.031
2026-08-19 14:34:01.210,tv,0.609,1.411,7.984,8.209,657.3,679.8,22.5,0.179,-1.4,7.748,-1.928,7.151,-4.031
2026-08-19 14:34:01.264,couch,0.514,,13.149,11.629,,,152.0,,,13.145,-0.342,11.307,-2.718
2026-08-19 14:34:01.318,couch,0.514,,13.149,11.629,,,152.0,,,13.145,-0.342,11.307,-2.718
2026-08-19 14:34:01.371,couch,0.514,,13.149,11.629,,,152.0,,,13.145,-0.342,11.307,-2.718
2026-08-19 14:34:01.425,tv,0.517,1.356,8.122,8.336,676.6,698.0,21.4,0.167,-1.346,7.882,-1.96,7.264,-4.089
2026-08-19 14:34:01.479,tv,0.517,1.363,8.122,8.336,675.8,697.2,21.4,0.168,-1.353,7.882,-1.96,7.264,-4.089
2026-08-19 14:34:01.533,tv,0.517,1.363,8.122,8.336,675.8,697.2,21.4,0.168,-1.353,7.882,-1.96,7.264,-4.089
2026-08-19 14:34:01.747,couch,0.521,,13.149,11.629,,,152.0,,,13.145,-0.342,11.307,-2.718
2026-08-19 14:34:01.802,couch,0.521,,13.149,11.629,,,152.0,,,13.145,-0.342,11.307,-2.718
2026-08-19 14:34:01.856,couch,0.521,,13.149,11.629,,,152.0,,,13.145,-0.342,11.307,-2.718
2026-08-19 14:34:01.909,tv,0.544,1.349,7.981,8.204,663.2,685.5,22.2,0.171,-1.338,7.747,-1.922,7.15,-4.023
2026-08-19 14:34:01.965,tv,0.544,1.411,7.981,8.204,657.0,679.3,22.2,0.179,-1.4,7.747,-1.922,7.15,-4.023
2026-08-19 14:34:02.449,couch,0.531,,13.149,11.629,,,152.0,,,13.145,-0.342,11.307,-2.718
2026-08-19 14:34:02.503,couch,0.531,,13.149,11.629,,,152.0,,,13.145,-0.342,11.307,-2.718
2026-08-19 14:34:02.557,tv,0.574,1.349,7.981,8.204,663.2,685.5,22.2,0.171,-1.338,7.747,-1.922,7.15,-4.023
2026-08-19 14:34:02.612,tv,0.574,1.372,7.981,8.204,661.0,683.2,22.2,0.174,-1.361,7.747,-1.922,7.15,-4.023
2026-08-19 14:34:02.678,tv,0.574,1.372,7.981,8.204,661.0,683.2,22.2,0.174,-1.361,7.747,-1.922,7.15,-4.023
2026-08-19 14:34:02.733,tv,0.543,1.372,7.981,8.204,661.0,683.2,22.2,0.174,-1.361,7.747,-1.922,7.15,-4.023
2026-08-19 14:34:02.787,tv,0.543,1.356,7.981,8.204,662.5,684.7,22.2,0.172,-1.346,7.747,-1.922,7.15,-4.023
2026-08-19 14:34:02.841,tv,0.543,1.356,7.981,8.204,662.5,684.7,22.2,0.172,-1.346,7.747,-1.922,7.15,-4.023
2026-08-19 14:34:02.895,tv,0.643,1.356,7.984,8.209,662.8,685.3,22.5,0.172,-1.346,7.748,-1.928,7.151,-4.031
2026-08-19 14:34:02.895,couch,0.568,,12.789,11.365,,,142.5,,,12.785,-0.332,11.049,-2.662
2026-08-19 14:34:02.950,tv,0.643,1.372,7.984,8.209,661.3,683.7,22.5,0.174,-1.361,7.748,-1.928,7.151,-4.031
2026-08-19 14:34:02.951,couch,0.568,,12.789,11.365,,,142.5,,,12.785,-0.332,11.049,-2.662
2026-08-19 14:34:03.004,tv,0.643,1.372,7.984,8.209,661.3,683.7,22.5,0.174,-1.361,7.748,-1.928,7.151,-4.031
2026-08-19 14:34:03.004,couch,0.568,,12.789,11.365,,,142.5,,,12.785,-0.332,11.049,-2.662
2026-08-19 14:34:03.058,couch,0.579,,12.789,11.365,,,142.5,,,12.785,-0.332,11.049,-2.662
2026-08-19 14:34:03.112,couch,0.579,,12.789,11.365,,,142.5,,,12.785,-0.332,11.049,-2.662
2026-08-19 14:34:03.436,tv,0.664,1.427,7.984,8.209,655.7,678.2,22.5,0.181,-1.415,7.748,-1.928,7.151,-4.031
2026-08-19 14:34:03.491,tv,0.664,1.387,7.984,8.209,659.7,682.2,22.5,0.176,-1.376,7.748,-1.928,7.151,-4.031
2026-08-19 14:34:03.545,tv,0.664,1.387,7.984,8.209,659.7,682.2,22.5,0.176,-1.376,7.748,-1.928,7.151,-4.031
2026-08-19 14:34:03.602,couch,0.516,,13.149,11.629,,,152.0,,,13.145,-0.342,11.307,-2.718
2026-08-19 14:34:03.656,couch,0.516,,13.149,11.629,,,152.0,,,13.145,-0.342,11.307,-2.718
2026-08-19 14:34:03.710,couch,0.516,,13.149,11.629,,,152.0,,,13.145,-0.342,11.307,-2.718
2026-08-19 14:34:03.765,tv,0.567,1.334,7.984,8.209,665.0,687.5,22.5,0.169,-1.324,7.748,-1.928,7.151,-4.031
2026-08-19 14:34:03.819,tv,0.567,1.391,7.984,8.209,659.3,681.8,22.5,0.176,-1.38,7.748,-1.928,7.151,-4.031
2026-08-19 14:34:03.873,tv,0.567,1.391,7.984,8.209,659.3,681.8,22.5,0.176,-1.38,7.748,-1.928,7.151,-4.031
2026-08-19 14:34:03.927,tv,0.534,1.392,7.987,8.214,659.5,682.2,22.7,0.176,-1.381,7.749,-1.934,7.152,-4.04
2026-08-19 14:34:03.982,tv,0.534,1.377,7.987,8.214,661.0,683.7,22.7,0.174,-1.366,7.749,-1.934,7.152,-4.04
2026-08-19 14:34:04.035,tv,0.741,1.377,7.987,8.214,661.0,683.7,22.7,0.174,-1.366,7.749,-1.934,7.152,-4.04
2026-08-19 14:34:04.090,tv,0.741,1.433,7.987,8.214,655.4,678.1,22.7,0.181,-1.421,7.749,-1.934,7.152,-4.04
2026-08-19 14:34:04.144,tv,0.741,1.433,7.987,8.214,655.4,678.1,22.7,0.181,-1.421,7.749,-1.934,7.152,-4.04
2026-08-19 14:34:04.198,tv,0.504,1.435,7.984,8.209,654.9,677.4,22.5,0.182,-1.424,7.748,-1.928,7.151,-4.031
2026-08-19 14:34:04.253,tv,0.504,1.364,7.984,8.209,662.0,684.5,22.5,0.173,-1.353,7.748,-1.928,7.151,-4.031
2026-08-19 14:34:04.467,tv,0.592,1.469,7.984,8.209,651.5,674.0,22.5,0.186,-1.458,7.748,-1.928,7.151,-4.031
2026-08-19 14:34:04.520,tv,0.592,1.364,7.984,8.209,662.0,684.5,22.5,0.173,-1.353,7.748,-1.928,7.151,-4.031
2026-08-19 14:34:04.575,tv,0.507,1.37,7.987,8.214,661.8,684.5,22.7,0.173,-1.359,7.749,-1.934,7.152,-4.04
2026-08-19 14:34:04.632,tv,0.507,1.467,7.987,8.214,652.0,674.7,22.7,0.185,-1.455,7.749,-1.934,7.152,-4.04
2026-08-19 14:34:04.721,tv,0.507,1.467,7.987,8.214,652.0,674.7,22.7,0.185,-1.455,7.749,-1.934,7.152,-4.04
2026-08-19 14:34:04.776,tv,0.616,1.461,7.984,8.209,652.3,674.8,22.5,0.185,-1.449,7.748,-1.928,7.151,-4.031
2026-08-19 14:34:04.831,tv,0.616,1.444,7.984,8.209,654.0,676.5,22.5,0.183,-1.432,7.748,-1.928,7.151,-4.031
2026-08-19 14:34:04.884,tv,0.616,1.444,7.984,8.209,654.0,676.5,22.5,0.183,-1.432,7.748,-1.928,7.151,-4.031
2026-08-19 14:34:05.063,tv,0.679,1.427,7.984,8.209,655.7,678.2,22.5,0.181,-1.415,7.748,-1.928,7.151,-4.031
2026-08-19 14:34:05.064,couch,0.523,,12.795,11.376,,,142.0,,,12.79,-0.352,11.054,-2.687
2026-08-19 14:34:05.119,tv,0.679,1.452,7.984,8.209,653.2,675.7,22.5,0.184,-1.44,7.748,-1.928,7.151,-4.031
2026-08-19 14:34:05.119,couch,0.523,,12.795,11.376,,,142.0,,,12.79,-0.352,11.054,-2.687
2026-08-19 14:34:05.175,tv,0.679,1.452,7.984,8.209,653.2,675.7,22.5,0.184,-1.44,7.748,-1.928,7.151,-4.031
2026-08-19 14:34:05.175,couch,0.523,,12.795,11.376,,,142.0,,,12.79,-0.352,11.054,-2.687
2026-08-19 14:34:05.231,tv,0.516,1.458,7.987,8.214,652.9,675.6,22.7,0.184,-1.446,7.749,-1.934,7.152,-4.04
2026-08-19 14:34:05.289,tv,0.516,1.377,7.987,8.214,661.0,683.7,22.7,0.174,-1.366,7.749,-1.934,7.152,-4.04
2026-08-19 14:34:05.344,tv,0.516,1.377,7.987,8.214,661.0,683.7,22.7,0.174,-1.366,7.749,-1.934,7.152,-4.04
2026-08-19 14:34:05.399,tv,0.657,1.379,7.984,8.209,660.5,683.0,22.5,0.175,-1.368,7.748,-1.928,7.151,-4.031
2026-08-19 14:34:05.455,tv,0.657,1.379,7.984,8.209,660.5,683.0,22.5,0.175,-1.368,7.748,-1.928,7.151,-4.031
2026-08-19 14:34:05.510,tv,0.657,1.379,7.984,8.209,660.5,683.0,22.5,0.175,-1.368,7.748,-1.928,7.151,-4.031
2026-08-19 14:34:05.565,tv,0.646,1.377,7.987,8.214,661.0,683.7,22.7,0.174,-1.366,7.749,-1.934,7.152,-4.04
2026-08-19 14:34:05.622,tv,0.646,1.392,7.987,8.214,659.5,682.2,22.7,0.176,-1.381,7.749,-1.934,7.152,-4.04
2026-08-19 14:34:05.677,tv,0.646,1.392,7.987,8.214,659.5,682.2,22.7,0.176,-1.381,7.749,-1.934,7.152,-4.04
2026-08-19 14:34:05.732,tv,0.714,1.395,7.984,8.209,658.9,681.4,22.5,0.177,-1.384,7.748,-1.928,7.151,-4.031
2026-08-19 14:34:05.788,tv,0.714,1.372,7.984,8.209,661.3,683.7,22.5,0.174,-1.361,7.748,-1.928,7.151,-4.031
2026-08-19 14:34:05.843,tv,0.714,1.372,7.984,8.209,661.3,683.7,22.5,0.174,-1.361,7.748,-1.928,7.151,-4.031
2026-08-19 14:34:05.898,tv,0.661,1.372,7.984,8.209,661.3,683.7,22.5,0.174,-1.361,7.748,-1.928,7.151,-4.031
2026-08-19 14:34:05.952,tv,0.661,1.349,7.984,8.209,663.5,686.0,22.5,0.171,-1.338,7.748,-1.928,7.151,-4.031
2026-08-19 14:34:06.007,tv,0.661,1.349,7.984,8.209,663.5,686.0,22.5,0.171,-1.338,7.748,-1.928,7.151,-4.031
2026-08-19 14:34:06.063,tv,0.58,1.349,7.981,8.204,663.2,685.5,22.2,0.171,-1.338,7.747,-1.922,7.15,-4.023
2026-08-19 14:34:06.123,tv,0.58,1.403,7.981,8.204,657.9,680.1,22.2,0.178,-1.392,7.747,-1.922,7.15,-4.023
2026-08-19 14:34:06.179,tv,0.58,1.403,7.981,8.204,657.9,680.1,22.2,0.178,-1.392,7.747,-1.922,7.15,-4.023
2026-08-19 14:34:06.235,tv,0.588,1.409,7.987,8.214,657.9,680.6,22.7,0.178,-1.397,7.749,-1.934,7.152,-4.04
2026-08-19 14:34:06.290,tv,0.588,1.409,7.987,8.214,657.9,680.6,22.7,0.178,-1.397,7.749,-1.934,7.152,-4.04
2026-08-19 14:34:06.344,tv,0.588,1.409,7.987,8.214,657.9,680.6,22.7,0.178,-1.397,7.749,-1.934,7.152,-4.04
2026-08-19 14:34:06.398,tv,0.718,1.409,7.987,8.214,657.9,680.6,22.7,0.178,-1.397,7.749,-1.934,7.152,-4.04
2026-08-19 14:34:06.454,tv,0.718,1.377,7.987,8.214,661.0,683.7,22.7,0.174,-1.366,7.749,-1.934,7.152,-4.04
2026-08-19 14:34:06.509,tv,0.718,1.377,7.987,8.214,661.0,683.7,22.7,0.174,-1.366,7.749,-1.934,7.152,-4.04
2026-08-19 14:34:06.728,tv,0.514,1.383,7.99,8.219,660.7,683.7,22.9,0.174,-1.372,7.751,-1.941,7.153,-4.048
2026-08-19 14:34:06.785,tv,0.514,1.383,7.99,8.219,660.7,683.7,22.9,0.174,-1.372,7.751,-1.941,7.153,-4.048
2026-08-19 14:34:06.839,tv,0.514,1.383,7.99,8.219,660.7,683.7,22.9,0.174,-1.372,7.751,-1.941,7.153,-4.048
2026-08-19 14:34:06.895,tv,0.612,1.377,7.987,8.214,661.0,683.7,22.7,0.174,-1.366,7.749,-1.934,7.152,-4.04
2026-08-19 14:34:06.896,couch,0.542,,13.155,11.641,,,151.5,,,13.15,-0.363,11.313,-2.743
2026-08-19 14:34:06.952,tv,0.612,1.347,7.987,8.214,664.0,686.7,22.7,0.17,-1.336,7.749,-1.934,7.152,-4.04
2026-08-19 14:34:06.952,couch,0.542,,13.155,11.641,,,151.5,,,13.15,-0.363,11.313,-2.743
2026-08-19 14:34:07.007,tv,0.612,1.347,7.987,8.214,664.0,686.7,22.7,0.17,-1.336,7.749,-1.934,7.152,-4.04
2026-08-19 14:34:07.008,couch,0.542,,13.155,11.641,,,151.5,,,13.15,-0.363,11.313,-2.743
2026-08-19 14:34:07.234,tv,0.561,1.37,7.987,8.214,661.8,684.5,22.7,0.173,-1.359,7.749,-1.934,7.152,-4.04
2026-08-19 14:34:07.291,tv,0.561,1.377,7.987,8.214,661.0,683.7,22.7,0.174,-1.366,7.749,-1.934,7.152,-4.04
2026-08-19 14:34:07.346,tv,0.561,1.377,7.987,8.214,661.0,683.7,22.7,0.174,-1.366,7.749,-1.934,7.152,-4.04
2026-08-19 14:34:07.403,tv,0.586,1.377,7.987,8.214,661.0,683.7,22.7,0.174,-1.366,7.749,-1.934,7.152,-4.04
2026-08-19 14:34:07.461,tv,0.586,1.347,7.987,8.214,664.0,686.7,22.7,0.17,-1.336,7.749,-1.934,7.152,-4.04
2026-08-19 14:34:07.517,tv,0.586,1.347,7.987,8.214,664.0,686.7,22.7,0.17,-1.336,7.749,-1.934,7.152,-4.04
2026-08-19 14:34:07.741,tv,0.615,1.367,7.99,8.219,662.3,685.2,22.9,0.172,-1.356,7.751,-1.941,7.153,-4.048
2026-08-19 14:34:07.797,tv,0.615,1.414,7.99,8.219,657.6,680.5,22.9,0.178,-1.403,7.751,-1.941,7.153,-4.048
2026-08-19 14:34:07.853,tv,0.615,1.414,7.99,8.219,657.6,680.5,22.9,0.178,-1.403,7.751,-1.941,7.153,-4.048
2026-08-19 14:34:08.074,couch,0.509,,13.155,11.641,,,151.5,,,13.15,-0.363,11.313,-2.743
2026-08-19 14:34:08.129,couch,0.509,,13.155,11.641,,,151.5,,,13.15,-0.363,11.313,-2.743
2026-08-19 14:34:08.184,couch,0.509,,13.155,11.641,,,151.5,,,13.15,-0.363,11.313,-2.743
2026-08-19 14:34:08.239,couch,0.509,,13.155,11.641,,,151.5,,,13.15,-0.363,11.313,-2.743
2026-08-19 14:34:08.299,couch,0.509,,13.155,11.641,,,151.5,,,13.15,-0.363,11.313,-2.743
2026-08-19 14:34:08.355,couch,0.509,,13.155,11.641,,,151.5,,,13.15,-0.363,11.313,-2.743
2026-08-19 14:34:08.410,tv,0.703,1.367,7.99,8.219,662.3,685.2,22.9,0.172,-1.356,7.751,-1.941,7.153,-4.048
2026-08-19 14:34:08.465,tv,0.703,1.367,7.99,8.219,662.3,685.2,22.9,0.172,-1.356,7.751,-1.941,7.153,-4.048
2026-08-19 14:34:08.522,tv,0.599,1.362,7.987,8.214,662.5,685.2,22.7,0.172,-1.351,7.749,-1.934,7.152,-4.04
2026-08-19 14:34:08.522,couch,0.552,,12.795,11.376,,,142.0,,,12.79,-0.352,11.054,-2.687
2026-08-19 14:34:08.578,tv,0.599,1.458,7.987,8.214,652.9,675.6,22.7,0.184,-1.446,7.749,-1.934,7.152,-4.04
2026-08-19 14:34:08.578,couch,0.552,,12.795,11.376,,,142.0,,,12.79,-0.352,11.054,-2.687
2026-08-19 14:34:08.633,tv,0.599,1.458,7.987,8.214,652.9,675.6,22.7,0.184,-1.446,7.749,-1.934,7.152,-4.04
2026-08-19 14:34:08.634,couch,0.552,,12.795,11.376,,,142.0,,,12.79,-0.352,11.054,-2.687
2026-08-19 14:34:08.691,tv,0.599,1.421,7.987,8.214,656.6,679.3,22.7,0.179,-1.409,7.749,-1.934,7.152,-4.04
2026-08-19 14:34:08.691,couch,0.552,,12.795,11.376,,,142.0,,,12.79,-0.352,11.054,-2.687
2026-08-19 14:34:08.746,tv,0.599,1.421,7.987,8.214,656.6,679.3,22.7,0.179,-1.409,7.749,-1.934,7.152,-4.04
2026-08-19 14:34:08.746,couch,0.552,,12.795,11.376,,,142.0,,,12.79,-0.352,11.054,-2.687
2026-08-19 14:34:08.801,tv,0.599,1.421,7.987,8.214,656.6,679.3,22.7,0.179,-1.409,7.749,-1.934,7.152,-4.04
2026-08-19 14:34:08.801,couch,0.552,,12.795,11.376,,,142.0,,,12.79,-0.352,11.054,-2.687
2026-08-19 14:34:08.858,couch,0.504,,12.798,11.381,,,141.7,,,12.793,-0.363,11.056,-2.699
2026-08-19 14:34:08.913,couch,0.504,,12.798,11.381,,,141.7,,,12.793,-0.363,11.056,-2.699
2026-08-19 14:34:08.970,couch,0.504,,12.798,11.381,,,141.7,,,12.793,-0.363,11.056,-2.699
2026-08-19 14:34:09.027,couch,0.504,,12.798,11.381,,,141.7,,,12.793,-0.363,11.056,-2.699
2026-08-19 14:34:09.083,couch,0.504,,12.798,11.381,,,141.7,,,12.793,-0.363,11.056,-2.699
2026-08-19 14:34:09.139,couch,0.504,,12.798,11.381,,,141.7,,,12.793,-0.363,11.056,-2.699
2026-08-19 14:34:09.197,couch,0.504,,12.798,11.381,,,141.7,,,12.793,-0.363,11.056,-2.699
2026-08-19 14:34:09.254,couch,0.563,,12.795,11.376,,,142.0,,,12.79,-0.352,11.054,-2.687
2026-08-19 14:34:09.309,couch,0.563,,12.795,11.376,,,142.0,,,12.79,-0.352,11.054,-2.687
2026-08-19 14:34:09.364,couch,0.563,,12.795,11.376,,,142.0,,,12.79,-0.352,11.054,-2.687
2026-08-19 14:34:09.419,couch,0.541,,12.795,11.376,,,142.0,,,12.79,-0.352,11.054,-2.687
2026-08-19 14:34:09.475,couch,0.541,,12.795,11.376,,,142.0,,,12.79,-0.352,11.054,-2.687
2026-08-19 14:34:09.531,couch,0.541,,12.795,11.376,,,142.0,,,12.79,-0.352,11.054,-2.687
2026-08-19 14:34:09.752,tv,0.553,1.4,7.987,8.214,658.7,681.4,22.7,0.177,-1.389,7.749,-1.934,7.152,-4.04
2026-08-19 14:34:09.809,tv,0.553,1.37,7.987,8.214,661.8,684.5,22.7,0.173,-1.359,7.749,-1.934,7.152,-4.04
2026-08-19 14:34:09.846,tv,0.553,1.37,7.987,8.214,661.8,684.5,22.7,0.173,-1.359,7.749,-1.934,7.152,-4.04
2026-08-19 14:34:09.901,tv,0.618,1.37,7.987,8.214,661.8,684.5,22.7,0.173,-1.359,7.749,-1.934,7.152,-4.04
2026-08-19 14:34:09.901,couch,0.571,,13.155,11.641,,,151.5,,,13.15,-0.363,11.313,-2.743
2026-08-19 14:34:09.957,tv,0.618,1.355,7.987,8.214,663.2,685.9,22.7,0.171,-1.344,7.749,-1.934,7.152,-4.04
2026-08-19 14:34:09.957,couch,0.571,,13.155,11.641,,,151.5,,,13.15,-0.363,11.313,-2.743
2026-08-19 14:34:10.013,tv,0.618,1.355,7.987,8.214,663.2,685.9,22.7,0.171,-1.344,7.749,-1.934,7.152,-4.04
2026-08-19 14:34:10.014,couch,0.571,,13.155,11.641,,,151.5,,,13.15,-0.363,11.313,-2.743
2026-08-19 14:34:10.070,couch,0.544,,12.795,11.376,,,142.0,,,12.79,-0.352,11.054,-2.687
2026-08-19 14:34:10.126,couch,0.544,,12.795,11.376,,,142.0,,,12.79,-0.352,11.054,-2.687
2026-08-19 14:34:10.181,couch,0.544,,12.795,11.376,,,142.0,,,12.79,-0.352,11.054,-2.687
2026-08-19 14:34:10.237,couch,0.545,,12.795,11.376,,,142.0,,,12.79,-0.352,11.054,-2.687
2026-08-19 14:34:10.292,couch,0.545,,12.795,11.376,,,142.0,,,12.79,-0.352,11.054,-2.687
2026-08-19 14:34:10.348,couch,0.545,,12.795,11.376,,,142.0,,,12.79,-0.352,11.054,-2.687
2026-08-19 14:34:10.404,tv,0.575,1.34,7.987,8.214,664.7,687.4,22.7,0.169,-1.329,7.749,-1.934,7.152,-4.04
2026-08-19 14:34:10.404,couch,0.513,,12.795,11.376,,,142.0,,,12.79,-0.352,11.054,-2.687
2026-08-19 14:34:10.461,tv,0.575,1.336,7.987,8.214,665.1,687.8,22.7,0.169,-1.325,7.749,-1.934,7.152,-4.04
2026-08-19 14:34:10.461,couch,0.513,,12.795,11.376,,,142.0,,,12.79,-0.352,11.054,-2.687
2026-08-19 14:34:10.517,tv,0.575,1.336,7.987,8.214,665.1,687.8,22.7,0.169,-1.325,7.749,-1.934,7.152,-4.04
2026-08-19 14:34:10.517,couch,0.513,,12.795,11.376,,,142.0,,,12.79,-0.352,11.054,-2.687
2026-08-19 14:34:10.573,tv,0.608,1.336,7.987,8.214,665.1,687.8,22.7,0.169,-1.325,7.749,-1.934,7.152,-4.04
2026-08-19 14:34:10.573,couch,0.529,,12.795,11.376,,,142.0,,,12.79,-0.352,11.054,-2.687
2026-08-19 14:34:10.656,tv,0.608,1.362,7.987,8.214,662.5,685.2,22.7,0.172,-1.351,7.749,-1.934,7.152,-4.04
2026-08-19 14:34:10.657,couch,0.529,,12.795,11.376,,,142.0,,,12.79,-0.352,11.054,-2.687
2026-08-19 14:34:10.721,tv,0.608,1.362,7.987,8.214,662.5,685.2,22.7,0.172,-1.351,7.749,-1.934,7.152,-4.04
2026-08-19 14:34:10.721,couch,0.529,,12.795,11.376,,,142.0,,,12.79,-0.352,11.054,-2.687
2026-08-19 14:34:10.778,couch,0.531,,12.795,11.376,,,142.0,,,12.79,-0.352,11.054,-2.687
2026-08-19 14:34:10.833,couch,0.531,,12.795,11.376,,,142.0,,,12.79,-0.352,11.054,-2.687
2026-08-19 14:34:10.904,couch,0.531,,12.795,11.376,,,142.0,,,12.79,-0.352,11.054,-2.687
2026-08-19 14:34:11.056,couch,0.533,,13.155,11.641,,,151.5,,,13.15,-0.363,11.313,-2.743
2026-08-19 14:34:11.146,couch,0.533,,13.155,11.641,,,151.5,,,13.15,-0.363,11.313,-2.743
2026-08-19 14:34:11.201,couch,0.533,,13.155,11.641,,,151.5,,,13.15,-0.363,11.313,-2.743
2026-08-19 14:34:11.259,tv,0.574,1.375,7.99,8.219,661.5,684.4,22.9,0.173,-1.364,7.751,-1.941,7.153,-4.048
2026-08-19 14:34:11.314,tv,0.574,1.367,7.99,8.219,662.3,685.2,22.9,0.172,-1.356,7.751,-1.941,7.153,-4.048
2026-08-19 14:34:11.369,tv,0.551,1.364,7.984,8.209,662.0,684.5,22.5,0.173,-1.353,7.748,-1.928,7.151,-4.031
2026-08-19 14:34:11.423,tv,0.551,1.411,7.984,8.209,657.3,679.8,22.5,0.179,-1.4,7.748,-1.928,7.151,-4.031
2026-08-19 14:34:11.489,tv,0.551,1.411,7.984,8.209,657.3,679.8,22.5,0.179,-1.4,7.748,-1.928,7.151,-4.031
2026-08-19 14:34:11.557,couch,0.532,,12.795,11.376,,,142.0,,,12.79,-0.352,11.054,-2.687
2026-08-19 14:34:11.557,tv,0.505,1.414,7.99,8.219,657.6,680.5,22.9,0.178,-1.403,7.751,-1.941,7.153,-4.048
2026-08-19 14:34:11.616,couch,0.532,,12.795,11.376,,,142.0,,,12.79,-0.352,11.054,-2.687
2026-08-19 14:34:11.616,tv,0.505,1.398,7.99,8.219,659.2,682.1,22.9,0.176,-1.387,7.751,-1.941,7.153,-4.048
2026-08-19 14:34:11.671,couch,0.532,,12.795,11.376,,,142.0,,,12.79,-0.352,11.054,-2.687
2026-08-19 14:34:11.671,tv,0.505,1.398,7.99,8.219,659.2,682.1,22.9,0.176,-1.387,7.751,-1.941,7.153,-4.048
2026-08-19 14:34:11.726,tv,0.61,1.392,7.987,8.214,659.5,682.2,22.7,0.176,-1.381,7.749,-1.934,7.152,-4.04
2026-08-19 14:34:11.727,couch,0.605,,13.155,11.641,,,151.5,,,13.15,-0.363,11.313,-2.743
2026-08-19 14:34:11.780,tv,0.61,1.441,7.987,8.214,654.6,677.3,22.7,0.182,-1.43,7.749,-1.934,7.152,-4.04
2026-08-19 14:34:11.781,couch,0.605,,13.155,11.641,,,151.5,,,13.15,-0.363,11.313,-2.743
2026-08-19 14:34:14.724,laptop,0.515,1.003,7.785,7.722,678.2,671.9,6.3,0.167,-0.989,7.703,-1.128,7.119,-2.991
2026-08-19 14:34:14.779,laptop,0.515,1.055,7.785,7.722,673.0,666.7,6.3,0.175,-1.04,7.703,-1.128,7.119,-2.991
2026-08-19 14:34:14.832,laptop,0.515,1.055,7.785,7.722,673.0,666.7,6.3,0.175,-1.04,7.703,-1.128,7.119,-2.991
2026-08-19 14:34:15.559,tv,0.502,1.428,8.071,8.365,664.3,693.7,29.4,0.17,-1.418,7.788,-2.117,7.184,-4.285
2026-08-19 14:34:15.615,tv,0.502,1.436,8.071,8.365,663.5,692.9,29.4,0.171,-1.426,7.788,-2.117,7.184,-4.285
2026-08-19 14:34:15.996,couch,0.515,,13.568,11.976,,,159.2,,,13.56,-0.483,11.612,-2.932
2026-08-19 14:34:16.050,couch,0.515,,13.568,11.976,,,159.2,,,13.56,-0.483,11.612,-2.932
2026-08-19 14:34:16.103,couch,0.515,,13.568,11.976,,,159.2,,,13.56,-0.483,11.612,-2.932
2026-08-19 14:34:39.345,tv,0.5,1.298,8.071,8.244,677.3,694.6,17.3,0.165,-1.287,7.857,-1.845,7.244,-3.935
2026-08-19 14:34:39.400,tv,0.5,1.357,8.071,8.244,671.3,688.7,17.3,0.172,-1.346,7.857,-1.845,7.244,-3.935
2026-08-19 14:34:55.822,person,0.887,1.021,0.869,0.841,15.3,18.0,2.8,0.842,0.578,0.555,0.668,0.704,0.46
2026-08-19 14:34:55.878,person,0.887,0.856,0.869,0.841,1.3,1.5,2.8,0.705,0.484,0.555,0.668,0.704,0.46
2026-08-19 14:34:55.934,person,0.887,0.856,0.869,0.841,1.3,1.5,2.8,0.705,0.484,0.555,0.668,0.704,0.46
2026-08-19 14:34:55.989,person,0.944,0.782,0.998,0.983,21.6,20.1,1.5,0.632,0.461,0.699,0.713,0.852,0.491
2026-08-19 14:34:56.046,person,0.944,1.005,0.998,0.983,0.7,2.2,1.5,0.812,0.592,0.699,0.713,0.852,0.491
2026-08-19 14:34:56.102,person,0.944,1.005,0.998,0.983,0.7,2.2,1.5,0.812,0.592,0.699,0.713,0.852,0.491
2026-08-19 14:34:56.158,person,0.837,0.851,1.313,1.317,46.3,46.6,0.4,0.637,0.563,1.003,0.847,1.169,0.606
2026-08-19 14:34:56.214,person,0.837,0.939,1.313,1.317,37.5,37.9,0.4,0.703,0.622,1.003,0.847,1.169,0.606
2026-08-19 14:34:56.272,person,0.837,0.939,1.313,1.317,37.5,37.9,0.4,0.703,0.622,1.003,0.847,1.169,0.606
2026-08-19 14:34:56.327,person,0.952,1.032,1.012,0.999,2.0,3.3,1.3,0.839,0.601,0.725,0.706,0.877,0.477
2026-08-19 14:34:56.383,person,0.952,1.029,1.012,0.999,1.7,3.1,1.3,0.837,0.599,0.725,0.706,0.877,0.477
2026-08-19 14:34:56.439,person,0.952,1.029,1.012,0.999,1.7,3.1,1.3,0.837,0.599,0.725,0.706,0.877,0.477
2026-08-19 14:34:56.495,person,0.951,1.005,1.131,1.125,12.5,12.0,0.5,0.791,0.62,0.834,0.764,0.992,0.531
2026-08-19 14:34:56.551,person,0.951,1.011,1.131,1.125,12.0,11.5,0.5,0.795,0.624,0.834,0.764,0.992,0.531
2026-08-19 14:34:56.607,person,0.951,1.011,1.131,1.125,12.0,11.5,0.5,0.795,0.624,0.834,0.764,0.992,0.531
2026-08-19 14:34:56.662,person,0.942,0.984,1.23,1.23,24.5,24.6,0.0,0.753,0.634,0.925,0.81,1.088,0.574
2026-08-19 14:34:56.719,person,0.942,0.979,1.23,1.23,25.1,25.1,0.0,0.749,0.631,0.925,0.81,1.088,0.574
2026-08-19 14:34:56.774,person,0.942,0.979,1.23,1.23,25.1,25.1,0.0,0.749,0.631,0.925,0.81,1.088,0.574
2026-08-19 14:34:56.830,person,0.95,0.946,1.327,1.331,38.1,38.6,0.5,0.703,0.632,1.013,0.856,1.18,0.616
2026-08-19 14:34:56.886,person,0.95,0.962,1.327,1.331,36.5,36.9,0.5,0.715,0.643,1.013,0.856,1.18,0.616
2026-08-19 14:34:56.943,person,0.95,0.962,1.327,1.331,36.5,36.9,0.5,0.715,0.643,1.013,0.856,1.18,0.616
2026-08-19 14:34:57.000,person,0.945,0.962,1.332,1.337,37.0,37.5,0.5,0.714,0.644,1.018,0.859,1.185,0.619
2026-08-19 14:34:57.055,person,0.945,0.987,1.332,1.337,34.5,35.0,0.5,0.733,0.661,1.018,0.859,1.185,0.619
2026-08-19 14:34:57.110,person,0.945,0.987,1.332,1.337,34.5,35.0,0.5,0.733,0.661,1.018,0.859,1.185,0.619
2026-08-19 14:34:57.193,person,0.94,0.967,1.326,1.33,35.8,36.2,0.4,0.727,0.639,1.02,0.846,1.186,0.602
2026-08-19 14:34:57.248,person,0.94,0.967,1.326,1.33,35.8,36.2,0.4,0.727,0.639,1.02,0.846,1.186,0.602
2026-08-19 14:34:57.308,person,0.94,0.967,1.326,1.33,35.8,36.2,0.4,0.727,0.639,1.02,0.846,1.186,0.602
2026-08-19 14:34:57.363,person,0.94,0.967,1.326,1.33,35.8,36.2,0.4,0.727,0.639,1.02,0.846,1.186,0.602
2026-08-19 14:34:57.418,person,0.948,0.827,1.61,1.62,78.3,79.4,1.0,0.587,0.582,1.304,0.945,1.474,0.674
2026-08-19 14:34:57.495,person,0.948,0.827,1.61,1.62,78.3,79.4,1.0,0.587,0.582,1.304,0.945,1.474,0.674
2026-08-19 14:34:57.554,person,0.948,0.827,1.61,1.62,78.3,79.4,1.0,0.587,0.582,1.304,0.945,1.474,0.674
2026-08-19 14:34:57.637,person,0.948,1.065,1.61,1.62,54.5,55.5,1.0,0.757,0.75,1.304,0.945,1.474,0.674
2026-08-19 14:34:57.715,person,0.948,1.065,1.61,1.62,54.5,55.5,1.0,0.757,0.75,1.304,0.945,1.474,0.674
2026-08-19 14:34:57.819,person,0.948,1.069,1.61,1.62,54.1,55.1,1.0,0.759,0.753,1.304,0.945,1.474,0.674
2026-08-19 14:34:57.875,person,0.948,1.069,1.61,1.62,54.1,55.1,1.0,0.759,0.753,1.304,0.945,1.474,0.674
2026-08-19 14:34:57.930,person,0.955,0.959,1.657,1.664,69.8,70.5,0.7,0.757,0.589,1.44,0.82,1.591,0.488
2026-08-19 14:34:57.990,person,0.955,0.997,1.657,1.664,65.9,66.7,0.7,0.787,0.612,1.44,0.82,1.591,0.488
2026-08-19 14:34:58.049,person,0.955,0.997,1.657,1.664,65.9,66.7,0.7,0.787,0.612,1.44,0.82,1.591,0.488
2026-08-19 14:34:58.104,person,0.947,0.93,1.895,1.9,96.6,97.1,0.5,0.706,0.604,1.673,0.89,1.824,0.534
2026-08-19 14:34:58.158,person,0.947,0.937,1.895,1.9,95.8,96.3,0.5,0.712,0.609,1.673,0.89,1.824,0.534
2026-08-19 14:34:58.212,person,0.947,0.937,1.895,1.9,95.8,96.3,0.5,0.712,0.609,1.673,0.89,1.824,0.534
2026-08-19 14:34:58.267,person,0.948,0.911,1.981,1.984,106.9,107.3,0.3,0.689,0.596,1.762,0.905,1.91,0.536
2026-08-19 14:34:58.322,person,0.948,0.923,1.981,1.984,105.8,106.1,0.3,0.698,0.603,1.762,0.905,1.91,0.536
2026-08-19 14:34:58.375,person,0.948,0.923,1.981,1.984,105.8,106.1,0.3,0.698,0.603,1.762,0.905,1.91,0.536
2026-08-19 14:34:58.429,person,0.937,0.864,1.977,1.981,111.3,111.7,0.4,0.68,0.534,1.781,0.858,1.924,0.473
2026-08-19 14:34:58.506,person,0.937,0.864,1.977,1.981,111.3,111.7,0.4,0.68,0.534,1.781,0.858,1.924,0.473
2026-08-19 14:34:58.566,person,0.939,0.832,1.967,1.972,113.5,114.0,0.5,0.672,0.491,1.787,0.823,1.925,0.427
2026-08-19 14:34:58.620,person,0.939,0.839,1.967,1.972,112.9,113.3,0.5,0.677,0.495,1.787,0.823,1.925,0.427
2026-08-19 14:34:58.675,person,0.939,0.839,1.967,1.972,112.9,113.3,0.5,0.677,0.495,1.787,0.823,1.925,0.427
2026-08-19 14:34:58.730,person,0.94,0.836,1.991,1.996,115.5,116.0,0.4,0.672,0.497,1.81,0.831,1.948,0.433
2026-08-19 14:34:58.784,person,0.94,0.857,1.991,1.996,113.4,113.8,0.4,0.689,0.51,1.81,0.831,1.948,0.433
2026-08-19 14:34:58.838,person,0.94,0.857,1.991,1.996,113.4,113.8,0.4,0.689,0.51,1.81,0.831,1.948,0.433
2026-08-19 14:34:58.892,person,0.932,0.875,1.999,2.002,112.4,112.7,0.3,0.689,0.539,1.806,0.857,1.947,0.467
2026-08-19 14:34:58.946,person,0.932,0.864,1.999,2.002,113.5,113.8,0.3,0.68,0.532,1.806,0.857,1.947,0.467
2026-08-19 14:34:59.002,person,0.92,0.918,1.932,1.936,101.4,101.8,0.4,0.705,0.588,1.719,0.881,1.867,0.514
2026-08-19 14:34:59.057,person,0.92,0.918,1.932,1.936,101.4,101.8,0.4,0.705,0.588,1.719,0.881,1.867,0.514
2026-08-19 14:34:59.111,person,0.92,0.918,1.932,1.936,101.4,101.8,0.4,0.705,0.588,1.719,0.881,1.867,0.514
2026-08-19 14:34:59.166,person,0.923,0.955,1.835,1.84,87.9,88.5,0.6,0.73,0.616,1.612,0.876,1.763,0.528
2026-08-19 14:34:59.220,person,0.923,1.003,1.835,1.84,83.1,83.7,0.6,0.767,0.647,1.612,0.876,1.763,0.528
2026-08-19 14:34:59.275,person,0.942,1.0,1.796,1.802,79.6,80.2,0.6,0.752,0.659,1.559,0.892,1.714,0.557
2026-08-19 14:34:59.333,person,0.942,1.0,1.796,1.802,79.6,80.2,0.6,0.752,0.659,1.559,0.892,1.714,0.557
2026-08-19 14:34:59.386,person,0.942,1.0,1.796,1.802,79.6,80.2,0.6,0.752,0.659,1.559,0.892,1.714,0.557
2026-08-19 14:34:59.441,person,0.942,1.009,1.795,1.802,78.6,79.2,0.7,0.747,0.679,1.545,0.913,1.703,0.588
2026-08-19 14:34:59.495,person,0.942,1.014,1.795,1.802,78.2,78.8,0.7,0.75,0.682,1.545,0.913,1.703,0.588
2026-08-19 14:34:59.549,person,0.951,1.031,1.802,1.809,77.1,77.8,0.7,0.753,0.705,1.542,0.932,1.703,0.612
2026-08-19 14:34:59.605,person,0.951,1.027,1.802,1.809,77.5,78.2,0.7,0.75,0.702,1.542,0.932,1.703,0.612
2026-08-19 14:34:59.659,person,0.951,1.027,1.802,1.809,77.5,78.2,0.7,0.75,0.702,1.542,0.932,1.703,0.612
2026-08-19 14:34:59.714,person,0.948,1.047,1.799,1.806,75.2,76.0,0.8,0.754,0.726,1.531,0.945,1.693,0.631
2026-08-19 14:34:59.768,person,0.948,1.038,1.799,1.806,76.1,76.8,0.8,0.748,0.72,1.531,0.945,1.693,0.631
2026-08-19 14:34:59.822,person,0.948,1.038,1.799,1.806,76.1,76.8,0.8,0.748,0.72,1.531,0.945,1.693,0.631
2026-08-19 14:34:59.878,person,0.941,1.114,1.493,1.5,37.8,38.6,0.7,0.831,0.742,1.212,0.872,1.376,0.598
2026-08-19 14:34:59.935,person,0.941,0.99,1.493,1.5,50.2,51.0,0.7,0.739,0.659,1.212,0.872,1.376,0.598
2026-08-19 14:34:59.992,person,0.941,0.99,1.493,1.5,50.2,51.0,0.7,0.739,0.659,1.212,0.872,1.376,0.598
2026-08-19 14:35:00.049,person,0.937,1.073,1.155,1.151,8.1,7.8,0.4,0.83,0.68,0.843,0.788,1.005,0.561
2026-08-19 14:35:00.104,person,0.937,0.991,1.155,1.151,16.3,16.0,0.4,0.767,0.628,0.843,0.788,1.005,0.561
2026-08-19 14:35:00.160,person,0.937,0.991,1.155,1.151,16.3,16.0,0.4,0.767,0.628,0.843,0.788,1.005,0.561
2026-08-19 14:35:00.215,person,0.93,1.006,1.16,1.157,15.4,15.2,0.3,0.766,0.652,0.831,0.809,0.995,0.59
2026-08-19 14:35:00.271,person,0.93,1.003,1.16,1.157,15.7,15.4,0.3,0.764,0.65,0.831,0.809,0.995,0.59
2026-08-19 14:35:00.328,person,0.93,1.003,1.16,1.157,15.7,15.4,0.3,0.764,0.65,0.831,0.809,0.995,0.59
2026-08-19 14:35:00.382,person,0.952,1.019,1.176,1.175,15.6,15.5,0.1,0.762,0.677,0.827,0.835,0.995,0.625
2026-08-19 14:35:00.436,person,0.948,1.019,1.175,1.174,15.6,15.5,0.1,0.762,0.677,0.827,0.834,0.995,0.623
2026-08-19 14:35:00.490,person,0.948,1.017,1.175,1.174,15.8,15.7,0.1,0.76,0.676,0.827,0.834,0.995,0.623
2026-08-19 14:35:00.545,person,0.948,1.017,1.175,1.174,15.8,15.7,0.1,0.76,0.676,0.827,0.834,0.995,0.623
2026-08-19 14:35:00.600,person,0.951,1.01,1.172,1.171,16.2,16.1,0.1,0.757,0.668,0.828,0.83,0.995,0.617
2026-08-19 14:35:00.654,person,0.951,1.016,1.172,1.171,15.6,15.5,0.1,0.762,0.672,0.828,0.83,0.995,0.617
2026-08-19 14:35:00.708,person,0.951,1.016,1.172,1.171,15.6,15.5,0.1,0.762,0.672,0.828,0.83,0.995,0.617
2026-08-19 14:35:00.762,person,0.952,1.027,1.169,1.167,14.2,14.1,0.1,0.767,0.683,0.819,0.834,0.986,0.625
2026-08-19 14:35:00.817,person,0.952,0.995,1.169,1.167,17.4,17.2,0.1,0.743,0.662,0.819,0.834,0.986,0.625
2026-08-19 14:35:00.873,person,0.952,0.995,1.169,1.167,17.4,17.2,0.1,0.743,0.662,0.819,0.834,0.986,0.625
2026-08-19 14:35:10.054,person,0.831,,0.669,1.018,,,34.9,,,0.61,-0.276,0.63,-0.8
2026-08-19 14:35:10.108,person,0.831,,0.669,1.018,,,34.9,,,0.61,-0.276,0.63,-0.8
2026-08-19 14:35:10.162,person,0.892,,0.638,0.954,,,31.6,,,0.601,-0.216,0.629,-0.718
2026-08-19 14:35:10.218,person,0.892,,0.638,0.954,,,31.6,,,0.601,-0.216,0.629,-0.718
2026-08-19 14:35:10.271,person,0.892,,0.638,0.954,,,31.6,,,0.601,-0.216,0.629,-0.718
2026-08-19 14:35:10.325,person,0.562,0.576,1.319,1.645,74.3,106.9,32.7,0.417,-0.398,1.267,-0.365,1.28,-1.034
2026-08-19 14:35:10.326,couch,0.53,,13.097,11.106,,,199.0,,,13.003,1.562,11.093,-0.549
2026-08-19 14:35:10.389,person,0.562,0.754,1.319,1.645,56.4,89.1,32.7,0.546,-0.521,1.267,-0.365,1.28,-1.034
2026-08-19 14:35:10.389,couch,0.53,,13.097,11.106,,,199.0,,,13.003,1.562,11.093,-0.549
2026-08-19 14:35:10.446,person,0.562,0.754,1.319,1.645,56.4,89.1,32.7,0.546,-0.521,1.267,-0.365,1.28,-1.034
2026-08-19 14:35:10.447,couch,0.53,,13.097,11.106,,,199.0,,,13.003,1.562,11.093,-0.549
2026-08-19 14:35:10.501,person,0.927,0.76,1.312,1.637,55.2,87.8,32.6,0.551,-0.523,1.261,-0.363,1.274,-1.029
2026-08-19 14:35:10.556,person,0.927,0.95,1.312,1.637,36.2,68.7,32.6,0.689,-0.654,1.261,-0.363,1.274,-1.029
2026-08-19 14:35:10.610,person,0.927,0.95,1.312,1.637,36.2,68.7,32.6,0.689,-0.654,1.261,-0.363,1.274,-1.029
2026-08-19 14:35:10.664,person,0.748,0.849,1.257,1.549,40.8,70.0,29.2,0.655,-0.54,1.224,-0.285,1.247,-0.919
2026-08-19 14:35:10.718,person,0.748,0.886,1.257,1.549,37.1,66.3,29.2,0.684,-0.564,1.224,-0.285,1.247,-0.919
2026-08-19 14:35:10.772,person,0.748,0.886,1.257,1.549,37.1,66.3,29.2,0.684,-0.564,1.224,-0.285,1.247,-0.919
2026-08-19 14:35:10.845,person,0.941,1.003,1.095,1.414,9.2,41.2,32.0,0.775,-0.636,1.049,-0.314,1.068,-0.927
2026-08-19 14:35:10.901,person,0.941,1.017,1.095,1.414,7.8,39.8,32.0,0.786,-0.645,1.049,-0.314,1.068,-0.927
2026-08-19 14:35:10.956,person,0.941,1.017,1.095,1.414,7.8,39.8,32.0,0.786,-0.645,1.049,-0.314,1.068,-0.927
2026-08-19 14:35:11.012,person,0.941,0.974,1.276,1.584,30.3,61.0,30.7,0.731,-0.643,1.236,-0.32,1.254,-0.967
2026-08-19 14:35:11.066,person,0.941,0.982,1.276,1.584,29.4,60.2,30.7,0.738,-0.649,1.236,-0.32,1.254,-0.967
2026-08-19 14:35:11.120,person,0.941,0.982,1.276,1.584,29.4,60.2,30.7,0.738,-0.649,1.236,-0.32,1.254,-0.967
2026-08-19 14:35:11.174,person,0.908,0.947,1.265,1.559,31.8,61.2,29.4,0.727,-0.607,1.231,-0.29,1.253,-0.927
2026-08-19 14:35:11.229,person,0.908,0.961,1.265,1.559,30.4,59.8,29.4,0.738,-0.616,1.231,-0.29,1.253,-0.927
2026-08-19 14:35:11.284,person,0.908,0.961,1.265,1.559,30.4,59.8,29.4,0.738,-0.616,1.231,-0.29,1.253,-0.927
2026-08-19 14:35:11.339,person,0.919,0.91,1.269,1.545,35.8,63.4,27.6,0.716,-0.562,1.243,-0.253,1.27,-0.879
2026-08-19 14:35:11.394,person,0.919,0.91,1.269,1.545,35.8,63.4,27.6,0.716,-0.562,1.243,-0.253,1.27,-0.879
2026-08-19 14:35:11.448,person,0.919,0.91,1.269,1.545,35.8,63.4,27.6,0.716,-0.562,1.243,-0.253,1.27,-0.879
2026-08-19 14:35:11.502,person,0.917,0.879,1.341,1.618,46.2,73.8,27.7,0.68,-0.557,1.315,-0.264,1.34,-0.907
2026-08-19 14:35:11.558,person,0.917,0.913,1.341,1.618,42.8,70.4,27.7,0.706,-0.579,1.315,-0.264,1.34,-0.907
2026-08-19 14:35:11.614,person,0.917,0.913,1.341,1.618,42.8,70.4,27.7,0.706,-0.579,1.315,-0.264,1.34,-0.907
2026-08-19 14:35:11.668,person,0.938,0.869,1.489,1.77,62.0,90.1,28.0,0.647,-0.58,1.46,-0.292,1.481,-0.969
2026-08-19 14:35:11.722,person,0.938,0.933,1.489,1.77,55.6,83.7,28.0,0.695,-0.623,1.46,-0.292,1.481,-0.969
2026-08-19 14:35:11.776,person,0.938,0.933,1.489,1.77,55.6,83.7,28.0,0.695,-0.623,1.46,-0.292,1.481,-0.969
2026-08-19 14:35:11.832,person,0.931,0.937,1.494,1.761,55.7,82.4,26.7,0.711,-0.61,1.471,-0.263,1.495,-0.932
2026-08-19 14:35:11.886,person,0.931,0.966,1.494,1.761,52.8,79.5,26.7,0.733,-0.629,1.471,-0.263,1.495,-0.932
2026-08-19 14:35:11.941,person,0.931,0.966,1.494,1.761,52.8,79.5,26.7,0.733,-0.629,1.471,-0.263,1.495,-0.932
2026-08-19 14:35:11.995,person,0.939,0.986,1.484,1.768,49.8,78.2,28.4,0.73,-0.662,1.454,-0.299,1.473,-0.976
2026-08-19 14:35:12.051,person,0.939,0.992,1.484,1.768,49.2,77.5,28.4,0.735,-0.666,1.454,-0.299,1.473,-0.976
2026-08-19 14:35:12.105,person,0.939,0.992,1.484,1.768,49.2,77.5,28.4,0.735,-0.666,1.454,-0.299,1.473,-0.976
2026-08-19 14:35:12.161,person,0.944,1.023,1.474,1.773,45.0,74.9,29.9,0.742,-0.704,1.436,-0.331,1.452,-1.016
2026-08-19 14:35:12.217,person,0.944,1.037,1.474,1.773,43.7,73.5,29.9,0.753,-0.714,1.436,-0.331,1.452,-1.016
2026-08-19 14:35:12.270,person,0.944,1.037,1.474,1.773,43.7,73.5,29.9,0.753,-0.714,1.436,-0.331,1.452,-1.016
2026-08-19 14:35:12.325,person,0.953,1.047,1.47,1.773,42.3,72.7,30.3,0.756,-0.724,1.43,-0.34,1.445,-1.027
2026-08-19 14:35:12.379,person,0.953,1.054,1.47,1.773,41.6,71.9,30.3,0.761,-0.729,1.43,-0.34,1.445,-1.027
2026-08-19 14:35:12.434,person,0.967,1.082,1.481,1.797,40.0,71.5,31.6,0.764,-0.766,1.435,-0.368,1.446,-1.066
2026-08-19 14:35:12.489,person,0.967,1.082,1.481,1.797,40.0,71.5,31.6,0.764,-0.766,1.435,-0.368,1.446,-1.066
2026-08-19 14:35:12.545,person,0.964,1.092,1.474,1.799,38.2,70.7,32.4,0.762,-0.782,1.423,-0.386,1.433,-1.088
2026-08-19 14:35:12.599,person,0.964,1.036,1.474,1.799,43.9,76.3,32.4,0.723,-0.742,1.423,-0.386,1.433,-1.088
2026-08-19 14:35:12.653,person,0.964,1.036,1.474,1.799,43.9,76.3,32.4,0.723,-0.742,1.423,-0.386,1.433,-1.088
2026-08-19 14:35:12.707,person,0.947,1.137,1.126,1.468,1.1,33.0,34.2,0.846,-0.76,1.066,-0.362,1.079,-0.995
2026-08-19 14:35:12.762,person,0.947,0.942,1.126,1.468,18.4,52.6,34.2,0.701,-0.629,1.066,-0.362,1.079,-0.995
2026-08-19 14:35:12.819,person,0.947,0.942,1.126,1.468,18.4,52.6,34.2,0.701,-0.629,1.066,-0.362,1.079,-0.995
2026-08-19 14:35:12.874,person,0.933,1.034,0.81,1.158,22.4,12.4,34.8,0.832,-0.615,0.75,-0.308,0.767,-0.867
2026-08-19 14:35:12.929,person,0.933,1.044,0.81,1.158,23.3,11.4,34.8,0.839,-0.62,0.75,-0.308,0.767,-0.867
2026-08-19 14:35:12.984,person,0.933,1.044,0.81,1.158,23.3,11.4,34.8,0.839,-0.62,0.75,-0.308,0.767,-0.867
2026-08-19 14:35:13.040,person,0.84,1.048,0.818,1.177,22.9,12.9,35.9,0.83,-0.639,0.749,-0.328,0.765,-0.895
2026-08-19 14:35:13.094,person,0.84,1.031,0.818,1.177,21.3,14.6,35.9,0.817,-0.629,0.749,-0.328,0.765,-0.895
2026-08-19 14:35:13.150,person,0.84,1.031,0.818,1.177,21.3,14.6,35.9,0.817,-0.629,0.749,-0.328,0.765,-0.895
2026-08-19 14:35:13.204,person,0.645,1.023,0.828,1.211,19.4,18.8,38.3,0.788,-0.651,0.741,-0.37,0.75,-0.95
2026-08-19 14:35:13.259,person,0.645,1.018,0.828,1.211,19.0,19.3,38.3,0.785,-0.648,0.741,-0.37,0.75,-0.95
2026-08-19 14:35:13.312,person,0.645,1.018,0.828,1.211,19.0,19.3,38.3,0.785,-0.648,0.741,-0.37,0.75,-0.95
2026-08-19 14:35:13.367,person,0.695,1.002,0.85,1.238,15.1,23.7,38.8,0.763,-0.649,0.758,-0.385,0.765,-0.973
2026-08-19 14:35:13.423,person,0.695,1.002,0.85,1.238,15.1,23.7,38.8,0.763,-0.649,0.758,-0.385,0.765,-0.973
2026-08-19 14:35:13.478,person,0.695,1.002,0.85,1.238,15.1,23.7,38.8,0.763,-0.649,0.758,-0.385,0.765,-0.973
2026-08-19 14:35:25.593,chair,0.502,,10.651,10.614,,,3.7,,,10.341,-2.55,9.296,-5.122
2026-08-19 14:35:25.648,chair,0.502,,10.651,10.614,,,3.7,,,10.341,-2.55,9.296,-5.122
2026-08-19 14:35:25.702,chair,0.502,,10.651,10.614,,,3.7,,,10.341,-2.55,9.296,-5.122
2026-08-19 14:35:30.443,person,0.841,1.019,0.973,0.956,4.6,6.3,1.7,0.825,0.598,0.668,0.708,0.821,0.491
2026-08-19 14:35:30.499,person,0.841,0.935,0.973,0.956,3.9,2.2,1.7,0.757,0.549,0.668,0.708,0.821,0.491
2026-08-19 14:35:30.553,person,0.841,0.935,0.973,0.956,3.9,2.2,1.7,0.757,0.549,0.668,0.708,0.821,0.491
2026-08-19 14:35:30.608,person,0.943,0.87,1.064,1.054,19.4,18.4,1.0,0.697,0.52,0.772,0.732,0.927,0.502
2026-08-19 14:35:30.664,person,0.943,0.997,1.064,1.054,6.6,5.7,1.0,0.8,0.596,0.772,0.732,0.927,0.502
2026-08-19 14:35:30.719,person,0.943,0.997,1.064,1.054,6.6,5.7,1.0,0.8,0.596,0.772,0.732,0.927,0.502
2026-08-19 14:35:30.774,person,0.95,0.937,1.221,1.221,28.4,28.4,0.0,0.719,0.601,0.915,0.808,1.078,0.572
2026-08-19 14:35:30.829,person,0.95,0.932,1.221,1.221,28.9,28.8,0.0,0.715,0.598,0.915,0.808,1.078,0.572
2026-08-19 14:35:30.884,person,0.95,0.932,1.221,1.221,28.9,28.8,0.0,0.715,0.598,0.915,0.808,1.078,0.572
2026-08-19 14:35:30.938,person,0.951,0.935,1.222,1.222,28.7,28.7,0.0,0.715,0.603,0.915,0.81,1.078,0.576
2026-08-19 14:35:30.992,person,0.951,0.935,1.222,1.222,28.7,28.7,0.0,0.715,0.603,0.915,0.81,1.078,0.576
2026-08-19 14:35:31.047,person,0.951,0.935,1.222,1.222,28.7,28.7,0.0,0.715,0.603,0.915,0.81,1.078,0.576
2026-08-19 14:35:31.102,person,0.959,0.929,1.211,1.21,28.2,28.1,0.1,0.718,0.59,0.912,0.797,1.074,0.559
2026-08-19 14:35:31.158,person,0.959,0.929,1.211,1.21,28.2,28.1,0.1,0.718,0.59,0.912,0.797,1.074,0.559
2026-08-19 14:35:31.213,person,0.959,0.929,1.211,1.21,28.2,28.1,0.1,0.718,0.59,0.912,0.797,1.074,0.559
2026-08-19 14:35:31.268,person,0.944,0.915,1.203,1.201,28.8,28.7,0.2,0.715,0.57,0.915,0.781,1.074,0.539
2026-08-19 14:35:31.322,person,0.944,0.918,1.203,1.201,28.5,28.4,0.2,0.718,0.572,0.915,0.781,1.074,0.539
2026-08-19 14:35:31.377,person,0.933,0.894,1.19,1.188,29.7,29.5,0.2,0.715,0.536,0.924,0.75,1.08,0.496
2026-08-19 14:35:31.433,person,0.933,0.9,1.19,1.188,29.0,28.8,0.2,0.72,0.54,0.924,0.75,1.08,0.496
2026-08-19 14:35:31.488,person,0.933,0.9,1.19,1.188,29.0,28.8,0.2,0.72,0.54,0.924,0.75,1.08,0.496
2026-08-19 14:35:31.543,person,0.92,0.88,1.232,1.233,35.3,35.3,0.0,0.723,0.501,1.001,0.718,1.151,0.441
2026-08-19 14:35:31.597,person,0.92,0.859,1.232,1.233,37.4,37.4,0.0,0.706,0.489,1.001,0.718,1.151,0.441
2026-08-19 14:35:31.652,person,0.92,0.859,1.232,1.233,37.4,37.4,0.0,0.706,0.489,1.001,0.718,1.151,0.441
2026-08-19 14:35:31.707,person,0.937,0.885,1.339,1.345,45.5,46.0,0.6,0.748,0.471,1.146,0.693,1.29,0.38
2026-08-19 14:35:31.763,person,0.937,0.885,1.339,1.345,45.5,46.0,0.6,0.748,0.471,1.146,0.693,1.29,0.38
2026-08-19 14:35:31.819,person,0.937,0.885,1.339,1.345,45.5,46.0,0.6,0.748,0.471,1.146,0.693,1.29,0.38
2026-08-19 14:35:31.874,person,0.956,0.857,1.355,1.362,49.8,50.5,0.7,0.734,0.442,1.174,0.676,1.316,0.353
2026-08-19 14:35:31.928,person,0.956,0.89,1.355,1.362,46.5,47.2,0.7,0.762,0.459,1.174,0.676,1.316,0.353
2026-08-19 14:35:31.982,person,0.952,0.888,1.354,1.361,46.6,47.3,0.8,0.762,0.456,1.175,0.673,1.316,0.349
2026-08-19 14:35:32.038,person,0.952,0.897,1.354,1.361,45.7,46.4,0.8,0.77,0.46,1.175,0.673,1.316,0.349
2026-08-19 14:35:32.093,person,0.952,0.897,1.354,1.361,45.7,46.4,0.8,0.77,0.46,1.175,0.673,1.316,0.349
2026-08-19 14:35:32.147,person,0.949,0.884,1.353,1.362,46.9,47.7,0.9,0.77,0.436,1.184,0.654,1.323,0.323
2026-08-19 14:35:32.202,person,0.949,0.899,1.353,1.362,45.4,46.3,0.9,0.782,0.443,1.184,0.654,1.323,0.323
2026-08-19 14:35:32.257,person,0.949,0.899,1.353,1.362,45.4,46.3,0.9,0.782,0.443,1.184,0.654,1.323,0.323
2026-08-19 14:35:32.312,person,0.916,0.791,1.317,1.337,52.6,54.6,2.0,0.738,0.286,1.203,0.537,1.327,0.168
2026-08-19 14:35:32.368,person,0.916,0.791,1.317,1.337,52.6,54.6,2.0,0.738,0.286,1.203,0.537,1.327,0.168
2026-08-19 14:35:32.423,person,0.916,0.791,1.317,1.337,52.6,54.6,2.0,0.738,0.286,1.203,0.537,1.327,0.168
2026-08-19 14:35:32.478,person,0.932,0.774,1.302,1.331,52.8,55.7,2.9,0.743,0.218,1.213,0.474,1.329,0.085
2026-08-19 14:35:32.531,person,0.932,0.774,1.302,1.331,52.8,55.7,2.9,0.743,0.218,1.213,0.474,1.329,0.085
2026-08-19 14:35:32.586,person,0.938,0.769,1.298,1.331,52.9,56.2,3.3,0.743,0.199,1.215,0.456,1.329,0.061
2026-08-19 14:35:32.643,person,0.938,0.769,1.298,1.331,52.9,56.2,3.3,0.743,0.199,1.215,0.456,1.329,0.061
2026-08-19 14:35:32.701,person,0.938,0.769,1.298,1.331,52.9,56.2,3.3,0.743,0.199,1.215,0.456,1.329,0.061
2026-08-19 14:35:32.755,person,0.939,0.766,1.296,1.33,53.0,56.5,3.4,0.743,0.186,1.217,0.446,1.33,0.048
2026-08-19 14:35:32.810,person,0.939,0.766,1.296,1.33,53.0,56.5,3.4,0.743,0.186,1.217,0.446,1.33,0.048
2026-08-19 14:35:32.864,person,0.939,0.766,1.296,1.33,53.0,56.5,3.4,0.743,0.186,1.217,0.446,1.33,0.048
2026-08-19 14:35:32.921,person,0.942,0.766,1.296,1.33,53.0,56.5,3.4,0.743,0.186,1.217,0.446,1.33,0.048
2026-08-19 14:35:32.978,person,0.942,0.766,1.296,1.33,53.0,56.5,3.4,0.743,0.186,1.217,0.446,1.33,0.048
2026-08-19 14:35:33.032,person,0.942,0.766,1.296,1.33,53.0,56.5,3.4,0.743,0.186,1.217,0.446,1.33,0.048
2026-08-19 14:35:33.087,person,0.94,0.763,1.296,1.33,53.3,56.7,3.4,0.74,0.186,1.217,0.448,1.33,0.05
2026-08-19 14:35:33.142,person,0.94,0.759,1.296,1.33,53.8,57.2,3.4,0.736,0.185,1.217,0.448,1.33,0.05
2026-08-19 14:35:33.198,person,0.943,0.759,1.297,1.33,53.7,57.1,3.4,0.736,0.188,1.216,0.449,1.329,0.051
2026-08-19 14:35:33.253,person,0.943,0.769,1.297,1.33,52.8,56.2,3.4,0.745,0.19,1.216,0.449,1.329,0.051
2026-08-19 14:35:33.309,person,0.943,0.769,1.297,1.33,52.8,56.2,3.4,0.745,0.19,1.216,0.449,1.329,0.051
2026-08-19 14:35:33.364,person,0.942,0.769,1.297,1.33,52.8,56.2,3.4,0.745,0.19,1.216,0.449,1.329,0.051
2026-08-19 14:35:33.419,person,0.942,0.766,1.297,1.33,53.0,56.4,3.4,0.743,0.189,1.216,0.449,1.329,0.051
2026-08-19 14:35:33.473,person,0.942,0.766,1.297,1.33,53.0,56.4,3.4,0.743,0.189,1.216,0.449,1.329,0.051
2026-08-19 14:35:33.529,person,0.938,0.766,1.296,1.33,53.1,56.5,3.4,0.743,0.186,1.217,0.448,1.33,0.05
2026-08-19 14:35:33.584,person,0.938,0.766,1.296,1.33,53.1,56.5,3.4,0.743,0.186,1.217,0.448,1.33,0.05
2026-08-19 14:35:33.638,person,0.938,0.766,1.296,1.33,53.1,56.5,3.4,0.743,0.186,1.217,0.448,1.33,0.05
2026-08-19 14:35:33.693,person,0.945,0.775,1.285,1.324,51.0,54.9,3.9,0.758,0.164,1.214,0.422,1.324,0.017
2026-08-19 14:35:33.747,person,0.945,0.773,1.285,1.324,51.3,55.1,3.9,0.755,0.163,1.214,0.422,1.324,0.017
2026-08-19 14:35:33.802,person,0.945,0.773,1.285,1.324,51.3,55.1,3.9,0.755,0.163,1.214,0.422,1.324,0.017
2026-08-19 14:35:33.857,person,0.941,0.784,1.281,1.335,49.7,55.1,5.5,0.78,0.083,1.232,0.35,1.333,-0.081
2026-08-19 14:35:33.916,person,0.941,0.771,1.281,1.335,50.9,56.4,5.5,0.767,0.081,1.232,0.35,1.333,-0.081
2026-08-19 14:35:33.970,person,0.941,0.771,1.281,1.335,50.9,56.4,5.5,0.767,0.081,1.232,0.35,1.333,-0.081
2026-08-19 14:35:34.025,person,0.945,0.771,1.278,1.338,50.6,56.7,6.0,0.77,0.052,1.236,0.326,1.333,-0.113
2026-08-19 14:35:34.080,person,0.945,0.769,1.278,1.338,50.9,56.9,6.0,0.767,0.052,1.236,0.326,1.333,-0.113
2026-08-19 14:35:34.135,person,0.946,0.774,1.271,1.332,49.7,55.8,6.1,0.773,0.049,1.23,0.32,1.327,-0.119
2026-08-19 14:35:34.191,person,0.946,0.762,1.271,1.332,50.9,57.1,6.1,0.76,0.048,1.23,0.32,1.327,-0.119
2026-08-19 14:35:34.246,person,0.946,0.762,1.271,1.332,50.9,57.1,6.1,0.76,0.048,1.23,0.32,1.327,-0.119
2026-08-19 14:35:34.300,person,0.944,0.766,1.27,1.335,50.4,56.9,6.5,0.765,0.029,1.232,0.305,1.328,-0.139
2026-08-19 14:35:34.354,person,0.944,0.763,1.27,1.335,50.6,57.2,6.5,0.762,0.029,1.232,0.305,1.328,-0.139
2026-08-19 14:35:34.409,person,0.944,0.763,1.27,1.335,50.6,57.2,6.5,0.762,0.029,1.232,0.305,1.328,-0.139
2026-08-19 14:35:34.464,person,0.939,0.764,1.281,1.35,51.7,58.6,6.9,0.764,0.013,1.247,0.293,1.341,-0.158
2026-08-19 14:35:34.521,person,0.939,0.742,1.281,1.35,53.9,60.8,6.9,0.742,0.012,1.247,0.293,1.341,-0.158
2026-08-19 14:35:34.576,person,0.939,0.742,1.281,1.35,53.9,60.8,6.9,0.742,0.012,1.247,0.293,1.341,-0.158
2026-08-19 14:35:34.630,person,0.946,0.721,1.347,1.426,62.6,70.4,7.8,0.721,-0.029,1.321,0.263,1.41,-0.21
2026-08-19 14:35:34.685,person,0.946,0.728,1.347,1.426,61.9,69.7,7.8,0.728,-0.029,1.321,0.263,1.41,-0.21
2026-08-19 14:35:34.740,person,0.692,0.729,1.347,1.427,61.8,69.8,8.0,0.728,-0.036,1.322,0.259,1.41,-0.216
2026-08-19 14:35:34.796,person,0.692,0.729,1.347,1.427,61.8,69.8,8.0,0.728,-0.036,1.322,0.259,1.41,-0.216
2026-08-19 14:35:34.851,person,0.942,0.73,1.349,1.42,61.9,69.0,7.1,0.73,-0.003,1.317,0.289,1.409,-0.175
2026-08-19 14:35:34.905,person,0.942,0.745,1.349,1.42,60.4,67.5,7.1,0.744,-0.004,1.317,0.289,1.409,-0.175
2026-08-19 14:35:34.960,person,0.942,0.745,1.349,1.42,60.4,67.5,7.1,0.744,-0.004,1.317,0.289,1.409,-0.175
2026-08-19 14:35:35.016,person,0.936,0.744,1.356,1.426,61.2,68.2,6.9,0.744,0.006,1.323,0.298,1.416,-0.165
2026-08-19 14:35:35.070,person,0.936,0.744,1.356,1.426,61.2,68.2,6.9,0.744,0.006,1.323,0.298,1.416,-0.165
2026-08-19 14:35:35.127,person,0.936,0.744,1.356,1.426,61.2,68.2,6.9,0.744,0.006,1.323,0.298,1.416,-0.165
2026-08-19 14:35:35.182,person,0.942,0.747,1.35,1.417,60.3,66.9,6.7,0.747,0.016,1.314,0.307,1.409,-0.152
2026-08-19 14:35:35.236,person,0.942,0.747,1.35,1.417,60.3,66.9,6.7,0.747,0.016,1.314,0.307,1.409,-0.152
2026-08-19 14:35:35.291,person,0.942,0.747,1.35,1.417,60.3,66.9,6.7,0.747,0.016,1.314,0.307,1.409,-0.152
2026-08-19 14:35:35.346,person,0.953,0.748,1.351,1.415,60.3,66.7,6.4,0.747,0.03,1.313,0.317,1.408,-0.138
2026-08-19 14:35:35.401,person,0.953,0.748,1.351,1.415,60.3,66.7,6.4,0.747,0.03,1.313,0.317,1.408,-0.138
2026-08-19 14:35:35.456,person,0.953,0.748,1.351,1.415,60.3,66.7,6.4,0.747,0.03,1.313,0.317,1.408,-0.138
2026-08-19 14:35:35.511,person,0.948,0.747,1.349,1.417,60.2,67.0,6.8,0.747,0.013,1.315,0.303,1.409,-0.158
2026-08-19 14:35:35.565,person,0.948,0.75,1.349,1.417,60.0,66.8,6.8,0.75,0.013,1.315,0.303,1.409,-0.158
2026-08-19 14:35:35.620,person,0.948,0.75,1.349,1.417,60.0,66.8,6.8,0.75,0.013,1.315,0.303,1.409,-0.158
2026-08-19 14:35:35.675,person,0.948,0.752,1.349,1.42,59.7,66.8,7.1,0.752,-0.0,1.317,0.291,1.409,-0.173
2026-08-19 14:35:35.732,person,0.948,0.755,1.349,1.42,59.4,66.5,7.1,0.755,-0.0,1.317,0.291,1.409,-0.173
2026-08-19 14:35:35.788,person,0.948,0.755,1.349,1.42,59.4,66.5,7.1,0.755,-0.0,1.317,0.291,1.409,-0.173
2026-08-19 14:35:35.842,person,0.95,0.764,1.362,1.439,59.7,67.5,7.8,0.764,-0.031,1.335,0.266,1.424,-0.209
2026-08-19 14:35:35.897,person,0.95,0.769,1.362,1.439,59.2,67.0,7.8,0.769,-0.031,1.335,0.266,1.424,-0.209
2026-08-19 14:35:35.953,person,0.95,0.769,1.362,1.439,59.2,67.0,7.8,0.769,-0.031,1.335,0.266,1.424,-0.209
2026-08-19 14:35:36.007,person,0.899,0.781,1.398,1.477,61.7,69.7,8.0,0.779,-0.043,1.373,0.262,1.461,-0.221
2026-08-19 14:35:36.063,person,0.899,0.804,1.398,1.477,59.4,67.4,8.0,0.802,-0.045,1.373,0.262,1.461,-0.221
2026-08-19 14:35:36.118,person,0.899,0.804,1.398,1.477,59.4,67.4,8.0,0.802,-0.045,1.373,0.262,1.461,-0.221
2026-08-19 14:35:36.173,person,0.944,0.756,1.604,1.691,84.8,93.5,8.7,0.75,-0.097,1.586,0.241,1.667,-0.287
2026-08-19 14:35:36.227,person,0.944,0.762,1.604,1.691,84.2,92.9,8.7,0.756,-0.098,1.586,0.241,1.667,-0.287
2026-08-19 14:35:36.283,person,0.944,0.762,1.604,1.691,84.2,92.9,8.7,0.756,-0.098,1.586,0.241,1.667,-0.287
2026-08-19 14:35:36.339,person,0.929,0.734,1.731,1.823,99.7,108.9,9.2,0.721,-0.14,1.717,0.221,1.792,-0.336
2026-08-19 14:35:36.395,person,0.929,0.74,1.731,1.823,99.1,108.3,9.2,0.727,-0.141,1.717,0.221,1.792,-0.336
2026-08-19 14:35:36.450,person,0.929,0.74,1.731,1.823,99.1,108.3,9.2,0.727,-0.141,1.717,0.221,1.792,-0.336
2026-08-19 14:35:36.505,person,0.931,0.731,1.72,1.807,99.0,107.6,8.6,0.722,-0.111,1.703,0.243,1.781,-0.305
2026-08-19 14:35:36.559,person,0.931,0.728,1.72,1.807,99.3,107.9,8.6,0.719,-0.111,1.703,0.243,1.781,-0.305
2026-08-19 14:35:36.614,person,0.931,0.728,1.72,1.807,99.3,107.9,8.6,0.719,-0.111,1.703,0.243,1.781,-0.305
2026-08-19 14:35:36.669,person,0.932,0.725,1.72,1.803,99.5,107.8,8.2,0.719,-0.091,1.701,0.259,1.78,-0.284
2026-08-19 14:35:36.726,person,0.932,0.755,1.72,1.803,96.6,104.8,8.2,0.749,-0.095,1.701,0.259,1.78,-0.284
2026-08-19 14:35:36.780,person,0.932,0.755,1.72,1.803,96.6,104.8,8.2,0.749,-0.095,1.701,0.259,1.78,-0.284
2026-08-19 14:35:36.835,person,0.936,0.707,1.884,1.96,117.7,125.3,7.6,0.701,-0.088,1.862,0.284,1.94,-0.28
2026-08-19 14:35:36.890,person,0.936,0.747,1.884,1.96,113.7,121.3,7.6,0.741,-0.093,1.862,0.284,1.94,-0.28
2026-08-19 14:35:36.949,person,0.936,0.714,1.994,2.068,128.1,135.5,7.4,0.706,-0.102,1.974,0.288,2.047,-0.295
2026-08-19 14:35:37.003,person,0.936,0.743,1.994,2.068,125.1,132.5,7.4,0.736,-0.107,1.974,0.288,2.047,-0.295
2026-08-19 14:35:37.059,person,0.936,0.743,1.994,2.068,125.1,132.5,7.4,0.736,-0.107,1.974,0.288,2.047,-0.295
2026-08-19 14:35:37.114,person,0.931,0.745,1.995,2.07,125.0,132.5,7.5,0.736,-0.116,1.975,0.282,2.048,-0.303
2026-08-19 14:35:37.169,person,0.931,0.745,1.995,2.07,125.0,132.5,7.5,0.736,-0.116,1.975,0.282,2.048,-0.303
2026-08-19 14:35:37.223,person,0.931,0.745,1.995,2.07,125.0,132.5,7.5,0.736,-0.116,1.975,0.282,2.048,-0.303
2026-08-19 14:35:37.278,person,0.901,0.76,1.995,2.076,123.5,131.6,8.1,0.746,-0.146,1.978,0.258,2.049,-0.334
2026-08-19 14:35:37.333,person,0.901,0.764,1.995,2.076,123.2,131.2,8.1,0.75,-0.146,1.978,0.258,2.049,-0.334
2026-08-19 14:35:37.389,person,0.901,0.764,1.995,2.076,123.2,131.2,8.1,0.75,-0.146,1.978,0.258,2.049,-0.334
2026-08-19 14:35:37.444,person,0.87,0.751,1.995,2.072,124.3,132.0,7.7,0.741,-0.126,1.976,0.274,2.048,-0.313
2026-08-19 14:35:37.499,person,0.87,0.76,1.995,2.072,123.4,131.1,7.7,0.75,-0.128,1.976,0.274,2.048,-0.313
2026-08-19 14:35:37.556,person,0.87,0.76,1.995,2.072,123.4,131.1,7.7,0.75,-0.128,1.976,0.274,2.048,-0.313
2026-08-19 14:35:37.612,person,0.903,0.75,1.995,2.069,124.4,131.9,7.4,0.743,-0.108,1.974,0.286,2.047,-0.298
2026-08-19 14:35:37.667,person,0.903,0.747,1.995,2.069,124.8,132.2,7.4,0.739,-0.107,1.974,0.286,2.047,-0.298
2026-08-19 14:35:37.722,person,0.903,0.747,1.995,2.069,124.8,132.2,7.4,0.739,-0.107,1.974,0.286,2.047,-0.298
2026-08-19 14:35:37.777,person,0.878,0.741,2.007,2.079,126.6,133.8,7.2,0.734,-0.098,1.985,0.295,2.059,-0.288
2026-08-19 14:35:37.777,person,0.715,1.052,2.537,2.701,148.5,164.9,16.4,0.777,-0.709,2.535,-0.104,2.546,-0.902
2026-08-19 14:35:37.832,person,0.878,0.741,2.007,2.079,126.6,133.8,7.2,0.734,-0.098,1.985,0.295,2.059,-0.288
2026-08-19 14:35:37.832,person,0.715,1.045,2.537,2.701,149.2,165.6,16.4,0.772,-0.705,2.535,-0.104,2.546,-0.902
2026-08-19 14:35:37.887,person,0.878,0.741,2.007,2.079,126.6,133.8,7.2,0.734,-0.098,1.985,0.295,2.059,-0.288
2026-08-19 14:35:37.888,person,0.715,1.045,2.537,2.701,149.2,165.6,16.4,0.772,-0.705,2.535,-0.104,2.546,-0.902
2026-08-19 14:35:37.943,person,0.72,0.998,2.516,2.676,151.8,167.8,16.0,0.751,-0.657,2.514,-0.089,2.527,-0.879
2026-08-19 14:35:37.944,person,0.695,0.742,2.007,2.08,126.6,133.8,7.3,0.734,-0.103,1.986,0.293,2.06,-0.29
2026-08-19 14:35:38.000,person,0.72,1.015,2.516,2.676,150.0,166.0,16.0,0.764,-0.669,2.514,-0.089,2.527,-0.879
2026-08-19 14:35:38.000,person,0.695,0.735,2.007,2.08,127.2,134.5,7.3,0.728,-0.102,1.986,0.293,2.06,-0.29
2026-08-19 14:35:38.056,person,0.72,1.015,2.516,2.676,150.0,166.0,16.0,0.764,-0.669,2.514,-0.089,2.527,-0.879
2026-08-19 14:35:38.056,person,0.695,0.735,2.007,2.08,127.2,134.5,7.3,0.728,-0.102,1.986,0.293,2.06,-0.29
2026-08-19 14:35:38.275,person,0.681,0.813,2.02,2.141,120.7,132.8,12.1,0.741,-0.333,2.017,0.099,2.069,-0.548
2026-08-19 14:35:38.331,person,0.681,0.817,2.02,2.141,120.3,132.4,12.1,0.745,-0.335,2.017,0.099,2.069,-0.548
2026-08-19 14:35:38.386,person,0.681,0.817,2.02,2.141,120.3,132.4,12.1,0.745,-0.335,2.017,0.099,2.069,-0.548
2026-08-19 14:35:38.440,person,0.811,0.817,2.02,2.14,120.3,132.3,12.0,0.745,-0.335,2.017,0.101,2.069,-0.546
2026-08-19 14:35:38.494,person,0.811,0.813,2.02,2.14,120.7,132.7,12.0,0.741,-0.333,2.017,0.101,2.069,-0.546
2026-08-19 14:35:38.549,person,0.811,0.813,2.02,2.14,120.7,132.7,12.0,0.741,-0.333,2.017,0.101,2.069,-0.546
2026-08-19 14:35:38.605,person,0.873,0.817,2.007,2.128,119.0,131.1,12.1,0.746,-0.333,2.004,0.099,2.057,-0.547
2026-08-19 14:35:38.662,person,0.873,0.809,2.007,2.128,119.7,131.9,12.1,0.739,-0.33,2.004,0.099,2.057,-0.547
2026-08-19 14:35:38.716,person,0.873,0.809,2.007,2.128,119.7,131.9,12.1,0.739,-0.33,2.004,0.099,2.057,-0.547
2026-08-19 14:35:38.774,person,0.669,0.809,2.02,2.142,121.1,133.2,12.2,0.738,-0.332,2.018,0.097,2.07,-0.551
2026-08-19 14:35:38.828,person,0.669,0.813,2.02,2.142,120.7,132.9,12.2,0.741,-0.333,2.018,0.097,2.07,-0.551
2026-08-19 14:35:38.883,person,0.669,0.813,2.02,2.142,120.7,132.9,12.2,0.741,-0.333,2.018,0.097,2.07,-0.551
2026-08-19 14:35:38.938,person,0.541,0.813,2.02,2.142,120.7,132.9,12.2,0.741,-0.333,2.018,0.097,2.07,-0.551
2026-08-19 14:35:38.995,person,0.541,0.809,2.02,2.142,121.1,133.2,12.2,0.738,-0.332,2.018,0.097,2.07,-0.551
2026-08-19 14:35:39.050,person,0.541,0.809,2.02,2.142,121.1,133.2,12.2,0.738,-0.332,2.018,0.097,2.07,-0.551
2026-08-19 14:35:39.105,person,0.724,0.809,2.02,2.142,121.1,133.2,12.2,0.738,-0.332,2.018,0.097,2.07,-0.551
2026-08-19 14:35:39.159,person,0.724,0.809,2.02,2.142,121.1,133.2,12.2,0.738,-0.332,2.018,0.097,2.07,-0.551
2026-08-19 14:35:39.214,person,0.724,0.809,2.02,2.142,121.1,133.2,12.2,0.738,-0.332,2.018,0.097,2.07,-0.551
2026-08-19 14:35:39.269,person,0.612,0.732,1.994,2.067,126.2,133.5,7.2,0.726,-0.096,1.972,0.295,2.047,-0.285
2026-08-19 14:35:39.326,person,0.612,0.742,1.994,2.067,125.2,132.4,7.2,0.736,-0.097,1.972,0.295,2.047,-0.285
2026-08-19 14:35:39.380,person,0.612,0.742,1.994,2.067,125.2,132.4,7.2,0.736,-0.097,1.972,0.295,2.047,-0.285
2026-08-19 14:35:39.544,person,0.842,0.746,2.007,2.081,126.1,133.5,7.4,0.738,-0.108,1.987,0.287,2.06,-0.298
2026-08-19 14:35:39.545,person,0.681,1.044,2.332,2.506,128.7,146.2,17.5,0.789,-0.684,2.329,-0.112,2.347,-0.878
2026-08-19 14:35:39.601,person,0.842,0.746,2.007,2.081,126.1,133.5,7.4,0.738,-0.108,1.987,0.287,2.06,-0.298
2026-08-19 14:35:39.601,person,0.681,1.032,2.332,2.506,129.9,147.4,17.5,0.781,-0.676,2.329,-0.112,2.347,-0.878
2026-08-19 14:35:39.657,person,0.842,0.746,2.007,2.081,126.1,133.5,7.4,0.738,-0.108,1.987,0.287,2.06,-0.298
2026-08-19 14:35:39.658,person,0.681,1.032,2.332,2.506,129.9,147.4,17.5,0.781,-0.676,2.329,-0.112,2.347,-0.878
2026-08-19 14:35:39.713,person,0.775,0.768,2.009,2.091,124.0,132.3,8.3,0.752,-0.157,1.993,0.247,2.062,-0.351
2026-08-19 14:35:39.713,person,0.716,1.101,3.176,3.325,207.4,222.4,14.9,0.704,-0.847,3.171,-0.165,3.142,-1.087
2026-08-19 14:35:39.768,person,0.775,0.763,2.009,2.091,124.6,132.9,8.3,0.747,-0.156,1.993,0.247,2.062,-0.351
2026-08-19 14:35:39.768,person,0.716,1.101,3.176,3.325,207.4,222.4,14.9,0.704,-0.847,3.171,-0.165,3.142,-1.087
2026-08-19 14:35:39.824,person,0.775,0.763,2.009,2.091,124.6,132.9,8.3,0.747,-0.156,1.993,0.247,2.062,-0.351
2026-08-19 14:35:39.824,person,0.716,1.101,3.176,3.325,207.4,222.4,14.9,0.704,-0.847,3.171,-0.165,3.142,-1.087
2026-08-19 14:35:39.880,person,0.88,0.769,2.009,2.095,124.0,132.6,8.6,0.749,-0.176,1.995,0.234,2.063,-0.369
2026-08-19 14:35:39.880,person,0.626,1.093,3.147,3.295,205.4,220.2,14.8,0.705,-0.834,3.143,-0.155,3.117,-1.069
2026-08-19 14:35:39.935,person,0.88,0.776,2.009,2.095,123.3,131.9,8.6,0.756,-0.177,1.995,0.234,2.063,-0.369
2026-08-19 14:35:39.936,person,0.626,1.1,3.147,3.295,204.6,219.5,14.8,0.71,-0.84,3.143,-0.155,3.117,-1.069
2026-08-19 14:35:39.991,person,0.88,0.776,2.009,2.095,123.3,131.9,8.6,0.756,-0.177,1.995,0.234,2.063,-0.369
2026-08-19 14:35:39.992,person,0.626,1.1,3.147,3.295,204.6,219.5,14.8,0.71,-0.84,3.143,-0.155,3.117,-1.069
2026-08-19 14:35:40.046,person,0.811,0.747,2.007,2.082,126.1,133.5,7.4,0.738,-0.112,1.987,0.285,2.06,-0.301
2026-08-19 14:35:40.047,person,0.711,1.025,2.486,2.657,146.1,163.2,17.1,0.753,-0.695,2.483,-0.12,2.495,-0.915
2026-08-19 14:35:40.102,person,0.811,0.747,2.007,2.082,126.1,133.5,7.4,0.738,-0.112,1.987,0.285,2.06,-0.301
2026-08-19 14:35:40.102,person,0.711,1.056,2.486,2.657,143.0,160.1,17.1,0.776,-0.716,2.483,-0.12,2.495,-0.915
2026-08-19 14:35:40.158,person,0.811,0.747,2.007,2.082,126.1,133.5,7.4,0.738,-0.112,1.987,0.285,2.06,-0.301
2026-08-19 14:35:40.158,person,0.711,1.056,2.486,2.657,143.0,160.1,17.1,0.776,-0.716,2.483,-0.12,2.495,-0.915
2026-08-19 14:35:40.213,person,0.793,0.751,2.008,2.083,125.7,133.3,7.6,0.741,-0.118,1.988,0.279,2.06,-0.309
2026-08-19 14:35:40.214,person,0.745,1.06,2.351,2.529,129.1,147.0,17.9,0.793,-0.703,2.347,-0.126,2.364,-0.9
2026-08-19 14:35:40.269,person,0.793,0.754,2.008,2.083,125.3,132.9,7.6,0.745,-0.118,1.988,0.279,2.06,-0.309
2026-08-19 14:35:40.269,person,0.745,1.019,2.351,2.529,133.2,151.1,17.9,0.762,-0.676,2.347,-0.126,2.364,-0.9
2026-08-19 14:35:40.326,person,0.793,0.754,2.008,2.083,125.3,132.9,7.6,0.745,-0.118,1.988,0.279,2.06,-0.309
2026-08-19 14:35:40.326,person,0.745,1.019,2.351,2.529,133.2,151.1,17.9,0.762,-0.676,2.347,-0.126,2.364,-0.9
2026-08-19 14:35:40.383,person,0.917,0.845,2.009,2.137,116.5,129.2,12.7,0.76,-0.369,2.008,0.077,2.058,-0.575
2026-08-19 14:35:40.438,person,0.917,0.853,2.009,2.137,115.6,128.4,12.7,0.768,-0.372,2.008,0.077,2.058,-0.575
2026-08-19 14:35:40.493,person,0.917,0.853,2.009,2.137,115.6,128.4,12.7,0.768,-0.372,2.008,0.077,2.058,-0.575
2026-08-19 14:35:40.714,person,0.936,0.853,2.009,2.137,115.6,128.4,12.7,0.768,-0.372,2.008,0.077,2.058,-0.575
2026-08-19 14:35:40.769,person,0.936,0.845,2.009,2.137,116.5,129.2,12.7,0.76,-0.369,2.008,0.077,2.058,-0.575
2026-08-19 14:35:40.824,person,0.936,0.845,2.009,2.137,116.5,129.2,12.7,0.76,-0.369,2.008,0.077,2.058,-0.575
2026-08-19 14:35:40.879,person,0.942,0.843,2.009,2.136,116.6,129.3,12.7,0.76,-0.364,2.008,0.079,2.058,-0.573
2026-08-19 14:35:40.935,person,0.942,0.847,2.009,2.136,116.2,128.9,12.7,0.764,-0.365,2.008,0.079,2.058,-0.573
2026-08-19 14:35:40.991,person,0.942,0.847,2.009,2.136,116.2,128.9,12.7,0.764,-0.365,2.008,0.079,2.058,-0.573
2026-08-19 14:35:41.046,person,0.915,0.849,1.997,2.126,114.8,127.7,12.9,0.765,-0.369,1.996,0.073,2.046,-0.579
2026-08-19 14:35:41.101,person,0.915,0.837,1.997,2.126,116.0,128.9,12.9,0.754,-0.363,1.996,0.073,2.046,-0.579
2026-08-19 14:35:41.157,person,0.915,0.837,1.997,2.126,116.0,128.9,12.9,0.754,-0.363,1.996,0.073,2.046,-0.579
2026-08-19 14:35:41.213,person,0.942,0.839,1.997,2.127,115.8,128.8,12.9,0.754,-0.368,1.996,0.071,2.046,-0.581
2026-08-19 14:35:41.269,person,0.942,0.843,1.997,2.127,115.4,128.4,12.9,0.758,-0.37,1.996,0.071,2.046,-0.581
2026-08-19 14:35:41.324,person,0.942,0.843,1.997,2.127,115.4,128.4,12.9,0.758,-0.37,1.996,0.071,2.046,-0.581
2026-08-19 14:35:41.378,person,0.595,0.847,1.985,2.114,113.7,126.7,13.0,0.762,-0.37,1.983,0.071,2.033,-0.579
2026-08-19 14:35:41.433,person,0.595,0.855,1.985,2.114,112.9,125.9,13.0,0.77,-0.373,1.983,0.071,2.033,-0.579
2026-08-19 14:35:41.489,person,0.595,0.855,1.985,2.114,112.9,125.9,13.0,0.77,-0.373,1.983,0.071,2.033,-0.579
2026-08-19 14:35:41.545,person,0.919,0.855,1.985,2.114,112.9,125.9,13.0,0.77,-0.373,1.983,0.071,2.033,-0.579
2026-08-19 14:35:41.602,person,0.919,0.855,1.985,2.114,112.9,125.9,13.0,0.77,-0.373,1.983,0.071,2.033,-0.579
2026-08-19 14:35:41.658,person,0.919,0.855,1.985,2.114,112.9,125.9,13.0,0.77,-0.373,1.983,0.071,2.033,-0.579
2026-08-19 14:35:41.713,person,0.937,0.849,1.984,2.114,113.5,126.4,12.9,0.766,-0.367,1.983,0.073,2.033,-0.577
2026-08-19 14:35:41.769,person,0.937,0.841,1.984,2.114,114.3,127.2,12.9,0.759,-0.363,1.983,0.073,2.033,-0.577
2026-08-19 14:35:41.824,person,0.937,0.841,1.984,2.114,114.3,127.2,12.9,0.759,-0.363,1.983,0.073,2.033,-0.577
2026-08-19 14:35:41.880,person,0.931,0.837,1.984,2.112,114.7,127.5,12.8,0.755,-0.362,1.982,0.076,2.033,-0.572
2026-08-19 14:35:41.935,person,0.931,0.837,1.984,2.112,114.7,127.5,12.8,0.755,-0.362,1.982,0.076,2.033,-0.572
2026-08-19 14:35:41.990,person,0.931,0.837,1.984,2.112,114.7,127.5,12.8,0.755,-0.362,1.982,0.076,2.033,-0.572
2026-08-19 14:35:42.045,person,0.789,0.794,1.976,2.084,118.2,129.0,10.8,0.748,-0.265,1.97,0.151,2.029,-0.473
2026-08-19 14:35:42.099,person,0.789,0.801,1.976,2.084,117.5,128.3,10.8,0.755,-0.268,1.97,0.151,2.029,-0.473
2026-08-19 14:35:42.156,person,0.789,0.801,1.976,2.084,117.5,128.3,10.8,0.755,-0.268,1.97,0.151,2.029,-0.473
2026-08-19 14:35:42.214,person,0.934,0.849,1.984,2.113,113.5,126.4,12.9,0.766,-0.367,1.983,0.075,2.033,-0.574
2026-08-19 14:35:42.271,person,0.934,0.849,1.984,2.113,113.5,126.4,12.9,0.766,-0.367,1.983,0.075,2.033,-0.574
2026-08-19 14:35:42.326,person,0.934,0.849,1.984,2.113,113.5,126.4,12.9,0.766,-0.367,1.983,0.075,2.033,-0.574
2026-08-19 14:35:42.381,person,0.941,0.851,1.985,2.114,113.3,126.3,13.0,0.766,-0.372,1.983,0.071,2.033,-0.579
2026-08-19 14:35:42.436,person,0.941,0.843,1.985,2.114,114.1,127.1,13.0,0.759,-0.368,1.983,0.071,2.033,-0.579
2026-08-19 14:35:42.491,person,0.941,0.843,1.985,2.114,114.1,127.1,13.0,0.759,-0.368,1.983,0.071,2.033,-0.579
2026-08-19 14:35:42.547,person,0.917,0.845,1.998,2.128,115.2,128.2,13.0,0.758,-0.375,1.996,0.069,2.046,-0.584
2026-08-19 14:35:42.603,person,0.917,0.841,1.998,2.128,115.6,128.6,13.0,0.754,-0.373,1.996,0.069,2.046,-0.584
2026-08-19 14:35:42.659,person,0.917,0.841,1.998,2.128,115.6,128.6,13.0,0.754,-0.373,1.996,0.069,2.046,-0.584
2026-08-19 14:35:42.715,person,0.858,0.841,1.998,2.128,115.6,128.6,13.0,0.754,-0.373,1.996,0.069,2.046,-0.584
2026-08-19 14:35:42.770,person,0.858,0.845,1.998,2.128,115.2,128.2,13.0,0.758,-0.375,1.996,0.069,2.046,-0.584
2026-08-19 14:35:42.828,person,0.858,0.845,1.998,2.128,115.2,128.2,13.0,0.758,-0.375,1.996,0.069,2.046,-0.584
2026-08-19 14:35:43.378,person,0.691,0.845,1.997,2.125,115.2,128.0,12.8,0.761,-0.367,1.995,0.075,2.046,-0.576
2026-08-19 14:35:43.433,person,0.691,0.841,1.997,2.125,115.6,128.4,12.8,0.758,-0.365,1.995,0.075,2.046,-0.576
2026-08-19 14:35:43.489,person,0.691,0.841,1.997,2.125,115.6,128.4,12.8,0.758,-0.365,1.995,0.075,2.046,-0.576
2026-08-19 14:35:43.544,person,0.935,0.841,2.01,2.139,116.9,129.8,12.9,0.757,-0.367,2.009,0.073,2.058,-0.581
2026-08-19 14:35:43.600,person,0.935,0.849,2.01,2.139,116.1,129.0,12.9,0.764,-0.37,2.009,0.073,2.058,-0.581
2026-08-19 14:35:43.655,person,0.935,0.849,2.01,2.139,116.1,129.0,12.9,0.764,-0.37,2.009,0.073,2.058,-0.581
2026-08-19 14:35:43.875,person,0.891,0.742,2.007,2.081,126.5,133.9,7.4,0.734,-0.107,1.987,0.287,2.06,-0.298
2026-08-19 14:35:43.932,person,0.891,0.732,2.007,2.081,127.5,134.9,7.4,0.724,-0.106,1.987,0.287,2.06,-0.298
2026-08-19 14:35:43.986,person,0.891,0.732,2.007,2.081,127.5,134.9,7.4,0.724,-0.106,1.987,0.287,2.06,-0.298
2026-08-19 14:35:44.041,person,0.867,0.732,2.008,2.085,127.6,135.3,7.7,0.721,-0.124,1.989,0.273,2.061,-0.317
2026-08-19 14:35:44.096,person,0.867,0.709,2.008,2.085,129.9,137.6,7.7,0.699,-0.12,1.989,0.273,2.061,-0.317
2026-08-19 14:35:44.151,person,0.93,0.713,2.008,2.086,129.5,137.3,7.8,0.702,-0.125,1.99,0.269,2.061,-0.322
2026-08-19 14:35:44.207,person,0.93,0.732,2.008,2.086,127.5,135.3,7.8,0.721,-0.128,1.99,0.269,2.061,-0.322
2026-08-19 14:35:44.263,person,0.93,0.732,2.008,2.086,127.5,135.3,7.8,0.721,-0.128,1.99,0.269,2.061,-0.322
2026-08-19 14:35:44.318,person,0.94,0.765,1.996,2.085,123.2,132.0,8.8,0.743,-0.182,1.984,0.227,2.05,-0.376
2026-08-19 14:35:44.374,person,0.94,0.74,1.996,2.085,125.6,134.4,8.8,0.719,-0.177,1.984,0.227,2.05,-0.376
2026-08-19 14:35:44.430,person,0.94,0.74,1.996,2.085,125.6,134.4,8.8,0.719,-0.177,1.984,0.227,2.05,-0.376
2026-08-19 14:35:44.485,person,0.945,0.746,1.997,2.087,125.1,134.2,9.0,0.722,-0.187,1.985,0.217,2.051,-0.389
2026-08-19 14:35:44.540,person,0.945,0.689,1.997,2.087,130.8,139.8,9.0,0.668,-0.172,1.985,0.217,2.051,-0.389
2026-08-19 14:35:44.596,person,0.945,0.689,1.997,2.087,130.8,139.8,9.0,0.668,-0.172,1.985,0.217,2.051,-0.389
2026-08-19 14:35:44.650,person,0.944,0.787,1.633,1.73,84.6,94.4,9.7,0.771,-0.154,1.621,0.201,1.696,-0.345
2026-08-19 14:35:44.707,person,0.944,0.72,1.633,1.73,91.3,101.1,9.7,0.706,-0.141,1.621,0.201,1.696,-0.345
2026-08-19 14:35:44.762,person,0.944,0.72,1.633,1.73,91.3,101.1,9.7,0.706,-0.141,1.621,0.201,1.696,-0.345
2026-08-19 14:35:44.817,person,0.936,0.783,1.39,1.483,60.6,69.9,9.3,0.777,-0.1,1.373,0.213,1.455,-0.285
2026-08-19 14:35:44.873,person,0.936,0.744,1.39,1.483,64.6,73.9,9.3,0.738,-0.095,1.373,0.213,1.455,-0.285
2026-08-19 14:35:44.929,person,0.936,0.744,1.39,1.483,64.6,73.9,9.3,0.738,-0.095,1.373,0.213,1.455,-0.285
2026-08-19 14:35:44.984,person,0.869,0.757,1.368,1.469,61.1,71.2,10.1,0.746,-0.125,1.355,0.186,1.434,-0.318
2026-08-19 14:35:45.040,person,0.869,0.753,1.368,1.469,61.5,71.6,10.1,0.742,-0.124,1.355,0.186,1.434,-0.318
2026-08-19 14:35:45.094,person,0.869,0.753,1.368,1.469,61.5,71.6,10.1,0.742,-0.124,1.355,0.186,1.434,-0.318
2026-08-19 14:35:45.151,person,0.944,0.744,1.36,1.453,61.7,71.0,9.3,0.738,-0.09,1.344,0.213,1.426,-0.28
2026-08-19 14:35:45.206,person,0.944,0.72,1.36,1.453,64.0,73.3,9.3,0.715,-0.087,1.344,0.213,1.426,-0.28
2026-08-19 14:35:45.262,person,0.944,0.72,1.36,1.453,64.0,73.3,9.3,0.715,-0.087,1.344,0.213,1.426,-0.28
2026-08-19 14:35:45.316,person,0.943,0.823,0.945,1.007,12.1,18.3,6.2,0.822,0.044,0.905,0.272,0.999,-0.122
2026-08-19 14:35:45.372,person,0.943,0.744,0.945,1.007,20.0,26.2,6.2,0.743,0.04,0.905,0.272,0.999,-0.122
2026-08-19 14:35:45.427,person,0.943,0.744,0.945,1.007,20.0,26.2,6.2,0.743,0.04,0.905,0.272,0.999,-0.122
2026-08-19 14:35:45.484,person,0.944,0.802,0.799,0.852,0.3,5.0,5.3,0.799,0.065,0.751,0.271,0.846,-0.097
2026-08-19 14:35:45.540,person,0.944,0.773,0.799,0.852,2.6,7.9,5.3,0.77,0.062,0.751,0.271,0.846,-0.097
2026-08-19 14:35:45.596,person,0.944,0.773,0.799,0.852,2.6,7.9,5.3,0.77,0.062,0.751,0.271,0.846,-0.097
2026-08-19 14:35:45.653,person,0.953,0.777,0.816,0.845,3.8,6.8,2.9,0.765,0.14,0.741,0.341,0.845,-0.002
2026-08-19 14:35:45.708,person,0.953,0.775,0.816,0.845,4.0,7.0,2.9,0.763,0.14,0.741,0.341,0.845,-0.002
2026-08-19 14:35:45.763,person,0.953,0.775,0.816,0.845,4.0,7.0,2.9,0.763,0.14,0.741,0.341,0.845,-0.002
2026-08-19 14:35:45.819,person,0.888,0.865,0.685,0.681,18.0,18.4,0.4,0.832,0.235,0.564,0.389,0.675,0.093
2026-08-19 14:35:45.875,person,0.888,0.571,0.685,0.681,11.4,11.0,0.4,0.55,0.155,0.564,0.389,0.675,0.093
2026-08-19 14:35:45.931,person,0.888,0.571,0.685,0.681,11.4,11.0,0.4,0.55,0.155,0.564,0.389,0.675,0.093
2026-08-19 14:35:45.986,person,0.938,0.641,0.701,0.669,6.0,2.8,3.2,0.587,0.258,0.5,0.491,0.624,0.24
2026-08-19 14:35:46.044,person,0.938,0.854,0.701,0.669,15.3,18.5,3.2,0.782,0.344,0.5,0.491,0.624,0.24
2026-08-19 14:35:46.099,person,0.938,0.854,0.701,0.669,15.3,18.5,3.2,0.782,0.344,0.5,0.491,0.624,0.24
2026-08-19 14:35:46.155,person,0.81,,0.725,0.688,,,3.7,,,0.488,0.536,0.619,0.301
2026-08-19 14:35:46.210,person,0.81,,0.725,0.688,,,3.7,,,0.488,0.536,0.619,0.301
2026-08-19 14:35:46.266,person,0.81,,0.725,0.688,,,3.7,,,0.488,0.536,0.619,0.301
2026-08-19 14:35:46.321,person,0.635,,0.823,0.788,,,3.5,,,0.467,0.678,0.617,0.49
2026-08-19 14:35:46.376,person,0.635,,0.823,0.788,,,3.5,,,0.467,0.678,0.617,0.49
2026-08-19 14:35:46.430,person,0.635,,0.823,0.788,,,3.5,,,0.467,0.678,0.617,0.49
